term,meaning,fate,became
bil,limit/restrict,removed,
fil,feel,removed,
gir,that,removed,
hir,hear,removed,
jil,stream,removed,
kil,cyan,removed,
lil,boolean,removed,
mir,bright,removed,
nir,nerd,removed,
ril,relation,removed,
ris,express,reused,nine
ruv,local,reused,ten
sil,more (-er),removed,
tir,TRUE,removed,
vil,manifest,removed,
vir,remote (far),removed,
zil,perspective,removed,
zir,pertaining to x (pleasantry),removed,
baks,rectangle,removed,
bamp,bump,removed,
band,band (group),removed,
barb,barb,removed,
barl,bare,removed,
bask,otherwise,removed,
bast,prime,removed,
besk,basic,removed,
birs,beer,removed,
blab,blob,removed,
bleq,eject,removed,
blet,bait,removed,
blim,beam,removed,
bliz,our,removed,
blof,blow,removed,
blor,blur,removed,
bloz,boson,removed,
blum,bloom,removed,
blut,butt,removed,
borl,boil,removed,
born,bury,removed,
borp,burp,removed,
bral,ball,removed,
bred,braid,removed,
brev,brave,removed,
brif,brief,removed,
brip,beep,removed,
brit,orbit,removed,
briz,simple,removed,
brob,decimal,removed,
brol,brow,removed,
broq,membrane,removed,
bruz,buzz,removed,
bunz,boon,removed,
bust,burst,removed,
carn,ion,removed,
Carv,forever,removed,
cets,mole (measurement),removed,
crav,thrive,removed,
crit,threat,removed,
crum,through/tunnel,removed,
crut,puzzle,removed,
dalg,magnitude,removed,
dalt,dependent,removed,
darn,damn/dam,removed,
dask,desk,removed,
diqk,deny,removed,
disk,discover,removed,
djak,fingernail,removed,
djam,jam,removed,
djas,justice,removed,
djat,deal,removed,
djek,reject,removed,
djin,gene,removed,
djir,deer,removed,
djiz,jeez,removed,
djud,jew,removed,
djul,jewel,removed,
djus,juice,removed,
dolv,deliver,removed,
domp,dump,removed,
dort,dirt,removed,
drak,harm,removed,
dram,human,removed,
drav,candela (measurement),removed,
dref,definite,removed,
dreg,drag,removed,
drep,,removed,
drex,hyphen,removed,
drig,degree,removed,
driv,fate,removed,
dron,drone (sound),removed,
drul,drool,removed,
drum,drum,removed,
drus,radius,removed,
dusk,across (trans-)/cross,removed,
fand,fund,removed,
faqk,funk,removed,
fart,fart,removed,
fent,faint (dizzy),removed,
film,film (material),removed,
fiqk,even (though),removed,
flap,hop,removed,
flek,mirror,removed,
flem,flame,removed,
flid,field (math),removed,
flip,flip,removed,
flob,lob,removed,
flok,glow,removed,
flot,float,removed,
flud,fluid,removed,
flux,flush,removed,
fluz,complex,removed,
forn,fine (good),removed,
fort,fort,removed,
fret,frame,removed,
frez,phrase,removed,
frik,freak,removed,
frin,funny,removed,
fris,hiss,removed,
friz,freeze,removed,
funt,photon,removed,
galt,guilt,removed,
gant,-gon (polygon),removed,
garz,again (re-),removed,
glan,glide,removed,
glav,glove,removed,
gled,lay,removed,
glen,gluon,removed,
glet,gate,removed,
glob,planet,removed,
glok,your,removed,
glor,glare,removed,
gluk,lick,removed,
golx,only,removed,
gost,ghost,removed,
grad,grid,removed,
gram,gram (measure),removed,
grap,issue,removed,
grav,graviton,removed,
gred,grade (score),removed,
grem,grim,removed,
grep,grape,removed,
gril,case (container),removed,
grit,hello,removed,
griv,grieve,removed,
gror,growl,removed,
grum,row,removed,
grup,group (math),removed,
grut,grit (strength),removed,
habz,abstract,removed,
hadj,hedge,removed,
halc,ethnicity,removed,
hald,elm,removed,
halm,hue,removed,
halz,hell (emphasize surprise),removed,
hamp,ampere (electric current),removed,
hark,arc,removed,
harq,along,removed,
hask,explore,removed,
hatx,hole,removed,
heps,ape,removed,
heqk,angry,removed,
hidj,polyhedron,removed,
hilk,elk,removed,
hint,hint,removed,
hord,ahead,removed,
horx,oh,removed,
hutx,itch,removed,
kaln,kaon,removed,
kalt,cult,removed,
kalv,kelvin,removed,
kamp,camp,removed,
kark,quark,removed,
kart,crown,removed,
kast,cast,removed,
kedj,accept,removed,
kirn,cure,removed,
klek,click,removed,
klem,claim,removed,
klir,clear,removed,
klis,nucleus,removed,
klor,color,removed,
klum,cue,removed,
klun,community,removed,
klut,cute,removed,
korb,cone,removed,
korg,encounter,removed,
kork,curl,removed,
korn,category,removed,
kort,court (justice),removed,
korx,xor,removed,
kraf,comfort,removed,
krag,node,removed,
krak,crack,removed,
kraq,ring (sound),removed,
krax,crash,removed,
kred,credit,removed,
krek,cake,removed,
krem,chemical,removed,
krep,crypto,removed,
krev,crave,removed,
krid,liquid,removed,
kriq,care,removed,
krok,croak,removed,
krol,cull,removed,
krom,ohm (measurement),removed,
krot,right (vs. wrong),removed,
laks,lack,removed,
laqk,wool,removed,
larg,element,removed,
larp,lepton,removed,
lart,let,removed,
last,last,removed,
ledj,theory,removed,
limp,limp,removed,
lint,lint,removed,
lirk,ratio,removed,
list,list,removed,
lorg,log (diary),removed,
maks,maximum,removed,
marC,quite,removed,
marn,muon,removed,
mars,mass,removed,
marx,mesh (inter-),removed,
mask,mask,removed,
matx,symmetry,removed,
minz,means,removed,
mirt,meter,removed,
mold,mold (shape),removed,
molz,mow (grass),removed,
mord,manifold,removed,
morf,morph,removed,
morv,maybe,removed,
most,most (-est) (large-collection-partition-focus),removed,
mutx,much (large-lot-focus),removed,
nalz,analyse,removed,
namp,magnet,removed,
nand,nand,removed,
nanz,noise,removed,
nart,neutron,removed,
natz,glory,removed,
nork,nor,removed,
norm,normal (math),removed,
nors,having some aspects of (-ish),removed,
norx,nourish,removed,
nust,embed,removed,
pand,upon,removed,
paqk,punk,removed,
pard,pod,removed,
park,park (car),removed,
parn,purr,removed,
parp,perpendicular,removed,
patx,patch,removed,
pent,paint,removed,
pest,paste,removed,
pirs,role/as,removed,
pitx,pitch (sound),removed,
plak,pluck,removed,
plas,compassion,removed,
plax,accomplish,removed,
pleg,plague,removed,
plek,their,removed,
plen,plane (geometry),removed,
plep,plop,removed,
plet,plate,removed,
plin,discipline,removed,
pliz,please,removed,
plod,implode,removed,
plon,pion,removed,
plud,pound (measure),removed,
plup,poop,removed,
podj,purge,removed,
porf,puff,removed,
pork,per,removed,
port,important,removed,
post,post (content),removed,
potx,pi,removed,
prab,probable,removed,
pram,primordial,removed,
prat,apart,removed,
praz,prize,removed,
pres,pressure,removed,
prex,precious,removed,
prik,opaque,removed,
prim,prime (primative),removed,
prot,proton,removed,
proz,for/purpose,removed,
pruk,pick,removed,
raft,raft,removed,
rant,rant,removed,
ranz,ram,removed,
rask,reminiscent of (-esque),removed,
rast,rest (remainder),removed,
reqk,rank,removed,
retx,rate (change),removed,
rilz,reel,removed,
riqk,rhyme,removed,
risk,risk,removed,
ritx,ring (math),removed,
rond,gnaw,removed,
rutz,race (event),removed,
sals,celsius,removed,
samp,sentence (text),removed,
sark,discern,removed,
sarl,swirl,removed,
sart,certain,removed,
sarz,feature,removed,
satx,such,removed,
sedj,sage (person),removed,
sent,saint,removed,
senz,essence,removed,
sfir,sphere,removed,
sinc,synthetic,removed,
siqk,sink (down),removed,
sitx,second (time),removed,
skap,skip,removed,
skar,square,removed,
skax,squash,removed,
skep,scape (scenery),removed,
skil,skill,removed,
skim,minimum,removed,
skoq,cease,removed,
skor,score,removed,
skum,scheme,removed,
skun,skew,removed,
skup,scoop,removed,
skur,scare,removed,
skut,difficult,removed,
skuz,excuse,removed,
slad,slide,removed,
slap,slop,removed,
slas,faint (light),removed,
slax,slash,removed,
slet,slight,removed,
sliC,therefore,removed,
slid,swing,removed,
slim,submit,removed,
slog,slug,removed,
slop,slope,removed,
slup,swoop,removed,
slur,my,removed,
smax,smash,removed,
smek,smack,removed,
smil,smell,removed,
smin,meson,removed,
snap,snap,removed,
snar,snare (drum),removed,
snif,sniff,removed,
snik,sneak,removed,
sold,solid,removed,
solp,swap,removed,
sorg,recent,removed,
spak,spike,removed,
span,spine,removed,
spas,spice,removed,
spit,spit,removed,
spok,spoke (wheel),removed,
sriz,series,removed,
stab,stab,removed,
staf,stuff,removed,
stal,stall,removed,
stat,stat,removed,
sten,stain,removed,
stet,status,removed,
stev,stay,removed,
stil,still (motion),removed,
stim,steam,removed,
stoj,storage,removed,
stok,stomach,removed,
stom,install,removed,
stud,sad,removed,
stup,stupid,removed,
sutx,set (math),removed,
svas,sigh,removed,
svur,very,removed,
tamp,temperature,removed,
taqk,toy,removed,
tard,towards,removed,
tarp,topology,removed,
tirn,tour,removed,
toks,easy,removed,
torp,interpolate,removed,
totx,attach,removed,
trak,track (path),removed,
trap,trap,removed,
traq,triangle,removed,
tras,torus,removed,
trat,tight,removed,
tres,trace,removed,
tret,trait,removed,
trij,treasure,removed,
trik,trick,removed,
trin,neutrino,removed,
tris,interest,removed,
trom,spectrum,removed,
txak,check,removed,
txap,chip,removed,
txes,chase,removed,
txet,shit,removed,
txin,teen,removed,
txir,cheer,removed,
txor,saturate,removed,
txot,loose,removed,
txul,actual,removed,
txun,sneeze,removed,
valv,evolve,removed,
vark,syllable,removed,
varm,vomit,removed,
vast,vast,removed,
vist,visit,removed,
vlam,its,removed,
volt,volt,removed,
volz,violent,removed,
vorb,ever,removed,
vord,avoid,removed,
vork,electron,removed,
vraj,average,removed,
vram,insight,removed,
vret,settle,removed,
vurf,verify,removed,
vutx,entity,removed,
wald,wild,removed,
wand,wind (coil),removed,
warx,worship,removed,
wird,weird,removed,
worc,worth,removed,
wups,whoops,removed,
xant,ancient,removed,
xark,society,removed,
xarz,opposite (anti),removed,
xift,shift,removed,
ximz,happy,removed,
xlav,calculate,removed,
xlik,shriek,removed,
xort,sure,removed,
yard,yard (measurement),removed,
yild,yield,removed,
yorm,uniform (consistent),removed,
yorn,yearn,removed,
yust,used to,removed,
zalb,fermion,removed,
zalv,dissolve,removed,
zarn,alien,removed,
zist,resist,removed,
zolt,column,removed,
