term,atom,meaning,mandarin,vietnamese,total,languages,source
peace,siz,peace,305,540,845,2,both
water,waC,water,421,363,784,2,both
person,nar,person,440,325,765,2,both
river,narv,river,468,159,627,2,both
mountain,mot,mountain,330,246,576,2,both
not,non,not,348,210,558,2,both
out,,,348,205,553,2,gloss
sound,sam,sound,351,185,536,2,both
good,taf,good,277,239,516,2,both
make,mek,make,350,160,510,2,both
head,had,head,332,177,509,2,both
heart,hort,heart,244,254,498,2,both
hand,zeqk,hand,297,199,496,2,both
word,dat,word,281,207,488,2,both
change,xun,change,304,153,457,2,both
move,muv,move,297,154,451,2,both
sea,von,sea,262,180,442,2,both
face,fes,face,242,198,440,2,both
fish,frix,fish,221,219,440,2,both
body,vat,body,271,168,439,2,both
great,,,241,198,439,2,gloss
old,marg,old,262,177,439,2,both
small,smal,small,250,165,415,2,both
mouth,muc,mouth,228,179,407,2,both
stone,ston,stone,213,188,401,2,both
form,form,form,197,203,400,2,both
light,lit,light,217,182,399,2,both
return,xuv,return,258,135,393,2,both
self,suf,self,202,190,392,2,both
name,nam,name,247,139,386,2,both
open,zark,open,222,162,384,2,both
new,gump,new,166,216,382,2,both
flower,flor,flower,175,205,380,2,both
go,big,go,226,150,376,2,both
eye,xic,eye,219,151,370,2,both
high,mol,high,192,173,365,2,both
clear,kud,clear,203,153,356,2,both
white,wat,white,181,175,356,2,both
red,red,red,174,177,351,2,both
place,lok,place,241,104,345,2,both
long,nuc,long,190,151,341,2,both
field,cuv,field,161,178,339,2,both
group,hip,group,194,138,332,2,both
become,bim,become,229,100,329,2,both
spring,,,120,203,323,2,gloss
turn,torn,turn,152,169,321,2,both
time,kal,time,187,133,320,2,both
bright,mix,bright,185,133,318,2,both
fall,zur,fall,193,125,318,2,both
side,sard,side,220,97,317,2,both
fire,for,fire,172,144,316,2,both
rice,rap,rice,112,204,316,2,both
eat,gab,eat,64,251,315,2,both
three,suC,three,99,216,315,2,both
take,tek,take,230,82,312,2,both
appear,fleC,appear,181,125,306,2,both
one,zan,one,200,106,306,2,both
spirit,,,162,144,306,2,gloss
wind,fun,wind,153,152,305,2,both
family,fam,family,176,126,302,2,both
life,cad,life,102,200,302,2,both
horse,hors,horse,218,77,295,2,both
pass,boz,pass,205,87,292,2,both
number,dis,number,169,121,290,2,both
up,rik,up,199,87,286,2,both
work,wark,work,162,123,285,2,both
year,yar,year,186,99,285,2,both
force,ros,force,137,139,276,2,both
blood,bloC,blood,134,141,275,2,both
writing,,,148,127,275,2,gloss
child,gag,child,150,122,272,2,both
enter,droz,enter,196,76,272,2,both
official,,,139,133,272,2,gloss
without,Cev,without,140,131,271,2,both
have,,,157,111,268,2,gloss
prosper,,,80,187,267,2,gloss
black,vog,black,148,118,266,2,both
back,gus,back,150,113,263,2,both
be,,,136,127,263,2,gloss
love,lav,love,134,129,263,2,both
level,xiq,level,163,98,261,2,both
point,leC,point,170,91,261,2,both
cut,kaq,cut,178,80,258,2,both
people,,,124,134,258,2,gloss
electric,drut,electricity,146,111,257,2,both
day,yam,day,124,129,253,2,both
cover,kov,cover,159,93,252,2,both
receive,,,137,115,252,2,gloss
separate,,,120,130,250,2,gloss
foot,gral,foot,157,92,249,2,both
lose,guz,lose,152,97,249,2,both
young,van,young,93,156,249,2,both
city,siC,city,216,31,247,2,both
tree,dip,tree,160,86,246,2,both
vehicle,yan,vehicle,122,124,246,2,both
south,cron,south,167,78,245,2,both
raise,,,160,84,244,2,gloss
middle,mad,middle,130,113,243,2,both
study,sup,study,104,139,243,2,both
green,faz,green,112,129,241,2,both
carry,ken,carry,129,111,240,2,both
deep,mox,deep,111,129,240,2,both
give,gif,give,162,77,239,2,both
hair,halx,hair,126,113,239,2,both
hold,hoq,hold,133,105,238,2,both
woman,gad,woman,102,135,237,2,both
use,yuz,use,165,71,236,2,both
way,yat,way,144,91,235,2,both
many,mav,many,134,98,232,2,both
sand,sand,sand,143,89,232,2,both
join,dun,join,144,87,231,2,both
military,,,83,148,231,2,gloss
dragon,,,135,94,229,2,gloss
female,fim,female,102,127,229,2,both
line,lorn,line,130,98,228,2,both
record,rib,record,129,99,228,2,both
bone,brod,bone,124,103,227,2,both
end,guv,end,146,81,227,2,both
money,nif,money,147,80,227,2,both
village,vix,village,77,150,227,2,both
land,lan,land,138,88,226,2,both
power,laz,power,111,113,224,2,both
air,les,air,139,84,223,2,both
direct,drix,direction,93,130,223,2,both
earth,muk,earth,93,129,222,2,both
reason,sog,reason,54,168,222,2,both
heaven,,,92,129,221,2,gloss
road,gun,road,124,97,221,2,both
yellow,lad,yellow,115,106,221,2,both
branch,lum,branch,159,61,220,2,both
leave,lurv,leave,112,108,220,2,both
that,gal,that,118,102,220,2,both
down,kur,down,159,60,219,2,both
reach,rum,reach,168,51,219,2,both
spread,sag,spread,126,93,219,2,both
beautiful,,,140,78,218,2,gloss
remove,riv,remove,145,73,218,2,both
divide,,,111,105,216,2,gloss
medicine,wiv,medicine,86,129,215,2,both
break,brek,break,115,98,213,2,both
close,kloz,close,112,101,213,2,both
look,luk,look,151,62,213,2,both
pure,,,61,152,213,2,gloss
support,,,144,69,213,2,gloss
male,maf,male,103,109,212,2,both
virtue,,,110,101,211,2,gloss
again,,,115,95,210,2,gloss
broad,,,90,119,209,2,gloss
follow,darb,follow,137,71,208,2,both
oil,jas,oil,114,94,208,2,both
wood,vriC,wood,139,69,208,2,both
color,,,129,78,207,2,gloss
pull,pul,pull,159,48,207,2,both
rise,riz,rise,141,66,207,2,both
state,dom,state,154,53,207,2,both
cold,kold,cold,112,94,206,2,both
feeling,,,119,86,205,2,gloss
set,tac,set,111,93,204,2,both
house,hanz,house,83,120,203,2,both
period,,,109,93,202,2,gloss
call,kar,call,133,66,199,2,both
secret,kret,secret,104,95,199,2,both
same,sem,same,94,104,198,2,both
book,zar,book,124,73,197,2,both
complete,,,96,101,197,2,gloss
mother,mam,mother,113,83,196,2,both
play,plar,play,110,86,196,2,both
bamboo,,,90,105,195,2,gloss
bird,bax,bird,125,70,195,2,both
forest,varz,forest,110,85,195,2,both
jade,,,90,105,195,2,gloss
order,nord,order,122,72,194,2,both
east,dart,east,138,55,193,2,both
language,gar,language,106,87,193,2,both
send,bak,send,147,46,193,2,both
first,,,135,57,192,2,gloss
west,trad,west,127,65,192,2,both
advance,,,106,83,189,2,gloss
ball,,,130,59,189,2,gloss
come,gum,come,138,51,189,2,both
in,ras,in,139,49,188,2,both
examine,,,116,71,187,2,gloss
full,lig,full,123,64,187,2,both
tooth,cutx,tooth,132,55,187,2,both
gather,gaC,gather,118,68,186,2,both
north,norc,north,112,74,186,2,both
root,raC,root,101,85,186,2,both
strike,sok,strike,111,75,186,2,both
dry,dral,dry,81,104,185,2,both
empty,nuv,empty,95,90,185,2,both
gold,god,gold,127,58,185,2,both
public,,,98,87,185,2,gloss
plant,pat,plant,74,110,184,2,both
room,,,112,72,184,2,gloss
seek,sik,seek,132,51,183,2,both
sun,san,sun,148,35,183,2,both
so,,,129,53,182,2,gloss
grass,gras,grass,117,64,181,2,both
harmony,,,67,114,181,2,gloss
sell,jan,sell,127,54,181,2,both
speak,spik,speak,36,145,181,2,both
office,,,90,90,180,2,gloss
stop,vot,stop,130,50,180,2,both
door,dor,door,122,57,179,2,both
through,tip,through,90,89,179,2,both
to,yuv,to,146,33,179,2,both
wave,wev,wave,119,60,179,2,both
away,yad,away,114,64,178,2,both
step,,,117,61,178,2,gloss
paper,sip,paper,90,87,177,2,both
skin,skin,skin,82,95,177,2,both
cloud,klad,cloud,90,86,176,2,both
favor,,,69,107,176,2,gloss
fly,flum,fly,102,74,176,2,both
position,giz,position,96,80,176,2,both
star,star,star,105,71,176,2,both
flow,jul,flow,124,51,175,2,both
ear,zorn,ear,83,90,173,2,both
country,huz,country,112,60,172,2,both
bean,pip,bean,110,60,170,2,both
board,,,123,47,170,2,gloss
fruit,mag,fruit,105,65,170,2,both
iron,mis,iron,114,56,170,2,both
release,,,84,86,170,2,gloss
together,,,118,52,170,2,gloss
rule,rul,rule,78,91,169,2,both
thing,ciq,thing,86,83,169,2,both
upper,,,67,102,169,2,gloss
arrange,,,94,74,168,2,gloss
machine,xin,machine,64,104,168,2,both
net,,,116,52,168,2,gloss
war,vuq,war,78,90,168,2,both
connect,dib,connect,131,36,167,2,both
image,madj,image,89,78,167,2,both
leaf,lif,leaf,74,93,167,2,both
man,nal,man,86,81,167,2,both
outside,kus,outside,115,52,167,2,both
matter,,,93,73,166,2,gloss
chicken,tiq,chicken,80,85,165,2,both
protect,pak,protect,102,63,165,2,both
inside,gis,inside,121,43,164,2,both
large,lij,large,104,60,164,2,both
mark,min,mark,94,70,164,2,both
respect,spek,respect,107,57,164,2,both
school,skul,school,110,53,163,2,both
song,saq,song,81,82,163,2,both
add,lax,add,127,35,162,2,both
guard,ruk,guard,94,68,162,2,both
law,huk,law,82,80,162,2,both
ten,ruv,ten,83,79,162,2,both
strange,,,77,83,160,2,gloss
this,rug,this,118,42,160,2,both
world,wold,world,76,84,160,2,both
draw,dan,draw,94,65,159,2,both
establish,,,72,87,159,2,gloss
press,pras,press,78,81,159,2,both
capital,,,93,65,158,2,gloss
cause,kaz,cause,86,72,158,2,both
dog,dag,dog,83,75,158,2,both
tea,dig,tea,70,87,157,2,both
heat,hit,heat,85,71,156,2,both
short,Cas,short,75,81,156,2,both
sudden,sat,sudden,94,62,156,2,both
auspicious,,,95,60,155,2,gloss
clothing,,,96,59,155,2,gloss
degree,,,48,107,155,2,gloss
strong,zab,strong,84,71,155,2,both
wild,,,97,58,155,2,gloss
bend,bend,bend,98,56,154,2,both
chief,not,chief,54,100,154,2,both
nature,,,89,65,154,2,gloss
whole,hol,whole,69,85,154,2,both
fragrant,,,112,41,153,2,gloss
manage,,,95,58,153,2,gloss
martial,,,65,88,153,2,gloss
single,,,69,84,153,2,gloss
lead,lid,lead,92,60,152,2,both
wash,sax,wash,113,39,152,2,both
father,bab,father,57,94,151,2,both
general,,,73,78,151,2,gloss
know,num,know,73,78,151,2,both
plan,plan,plan,95,56,151,2,both
reside,,,88,63,151,2,gloss
case,,,91,59,150,2,gloss
fat,jin,fat,60,90,150,2,both
four,laf,four,67,83,150,2,both
kind,kund,kind,124,26,150,2,both
strength,hov,strength,74,76,150,2,both
speech,xim,speech,97,52,149,2,both
care,,,73,75,148,2,gloss
die,mod,die,58,90,148,2,both
price,vas,price,80,68,148,2,both
sky,xum,sky,76,72,148,2,both
special,,,110,38,148,2,gloss
stand,sod,stand,87,61,148,2,both
bad,fut,bad,81,65,146,2,both
collect,,,89,57,146,2,gloss
dark,ram,dark,75,71,146,2,both
two,dob,two,86,60,146,2,both
cake,,,51,94,145,2,gloss
do,duz,do,101,44,145,2,both
platform,,,80,65,145,2,gloss
report,,,85,59,144,2,gloss
run,rin,run,70,74,144,2,both
wall,wom,wall,105,39,144,2,both
block,,,114,29,143,2,gloss
equal,,,44,99,143,2,gloss
moon,lun,moon,67,76,143,2,both
rank,,,50,93,143,2,gloss
tube,,,63,80,143,2,gloss
ice,hals,ice,104,38,142,2,both
affair,,,65,76,141,2,gloss
big,brat,big,102,39,141,2,both
boat,bot,boat,79,62,141,2,both
bridge,mej,bridge,53,88,141,2,both
foreign,,,104,37,141,2,gloss
night,yit,night,92,49,141,2,both
silk,,,74,67,141,2,gloss
fortune,,,62,78,140,2,gloss
straight,ric,straight,76,64,140,2,both
cloth,zaf,cloth,90,49,139,2,both
lamp,,,51,88,139,2,gloss
silver,sav,silver,75,64,139,2,both
strip,,,84,55,139,2,gloss
transfer,,,84,55,139,2,gloss
act,,,90,48,138,2,gloss
all,kol,all,78,60,138,2,both
blue,bul,blue,102,36,138,2,both
thousand,,,70,68,138,2,gloss
birth,barc,birth,58,79,137,2,both
disease,dus,disease,74,63,137,2,both
near,vim,near,59,78,137,2,both
brother,bad,brother,89,47,136,2,both
death,dac,death,79,57,136,2,both
far,farm,far,65,71,136,2,both
low,lem,low,88,48,136,2,both
main,,,73,63,136,2,gloss
mutual,,,107,29,136,2,gloss
joy,djaz,joy,68,67,135,2,both
off,,,77,58,135,2,gloss
soft,saft,soft,75,60,135,2,both
flat,flat,flat,70,64,134,2,both
gate,,,59,75,134,2,gloss
troop,,,37,97,134,2,gloss
resent,,,46,87,133,2,gloss
army,,,70,62,132,2,gloss
ask,xask,ask,70,62,132,2,both
bare,,,50,82,132,2,gloss
hall,,,74,58,132,2,gloss
lower,,,61,71,132,2,gloss
double,,,60,70,130,2,gloss
part,part,part,73,57,130,2,both
five,kom,five,71,58,129,2,both
base,,,89,39,128,2,gloss
brain,bren,brain,48,80,128,2,both
master,pik,master,62,66,128,2,both
test,tas,test,90,38,128,2,both
character,,,76,51,127,2,gloss
hidden,,,72,55,127,2,gloss
item,,,90,37,127,2,gloss
meat,mak,meat,82,45,127,2,both
evil,,,79,47,126,2,gloss
guest,gest,guest,92,34,126,2,both
handle,,,101,25,126,2,gloss
true,,,63,63,126,2,gloss
abundant,,,98,27,125,2,gloss
powder,,,68,57,125,2,gloss
shell,txal,shell,101,24,125,2,both
ancient,,,54,70,124,2,gloss
lie,zav,lie,56,68,124,2,both
on,vun,on,89,35,124,2,both
soldier,sop,soldier,59,65,124,2,both
source,mab,source,92,32,124,2,both
bow,raj,bow,47,76,123,2,both
elder,,,70,53,123,2,gloss
king,mug,king,79,44,123,2,both
marriage,,,74,49,123,2,gloss
rub,gruv,rub,65,58,123,2,both
sleep,slip,sleep,60,63,123,2,both
after,ret,after,77,45,122,2,both
meaning,mog,meaning,61,61,122,2,both
obtain,,,102,20,122,2,gloss
put,drad,put,62,60,122,2,both
table,pum,table,38,84,122,2,both
real,lam,real,80,41,121,2,both
seal,,,82,39,121,2,gloss
at,hat,at,78,42,120,2,both
method,,,81,39,120,2,gloss
think,ciqk,think,83,37,120,2,both
watch,watx,watch,63,57,120,2,both
busy,,,83,36,119,2,gloss
difficult,,,55,64,119,2,gloss
friend,dud,friend,85,34,119,2,both
front,sig,front,79,40,119,2,both
rain,ren,rain,68,51,119,2,both
weak,slok,weak,50,69,119,2,both
bear,bar nuqk,bear,72,46,118,2,both
food,meq,food,94,24,118,2,both
knife,svik,knife,61,57,118,2,both
live,bes,live,56,62,118,2,both
mind,man,mind,48,70,118,2,both
punish,luj,punishment,86,32,118,2,both
burn,dum,burn,72,45,117,2,both
edge,padj,edge,74,43,117,2,both
private,,,52,65,117,2,gloss
different,pom,different,52,64,116,2,both
second,,,88,28,116,2,gloss
settle,,,97,19,116,2,gloss
thread,,,51,65,116,2,gloss
pattern,jom,pattern,71,44,115,2,both
sign,saqk,sign,75,40,115,2,both
sweet,skit,sweet,52,63,115,2,both
benefit,,,61,53,114,2,gloss
brocade,,,26,88,114,2,gloss
discuss,,,83,31,114,2,gloss
object,,,36,78,114,2,gloss
perform,,,62,52,114,2,gloss
roll,,,64,50,114,2,gloss
share,xal,share,73,41,114,2,both
transform,,,29,85,114,2,gloss
govern,,,59,54,113,2,gloss
investigate,,,91,22,113,2,gloss
like,,,54,59,113,2,gloss
milk,siv,milk,76,37,113,2,both
pain,muz,pain,57,56,113,2,both
path,pac,path,80,33,113,2,both
see,vis,see,66,47,113,2,both
stream,jit,stream,62,51,113,2,both
wing,wiq,wing,39,74,113,2,both
shoot,,,69,43,112,2,gloss
stick,stik,stick,59,53,112,2,both
submit,,,66,46,112,2,gloss
thin,Cog,thin,54,58,112,2,both
voice,voz,voice,49,63,112,2,both
continue,sef,continue,59,52,111,2,both
district,,,56,55,111,2,gloss
extreme,,,60,51,111,2,gloss
false,rot,false,63,48,111,2,both
fear,froC,fear,68,43,111,2,both
feel,ful,feel,66,45,111,2,both
household,,,68,43,111,2,gloss
human,,,41,70,111,2,gloss
original,,,62,49,111,2,gloss
produce,,,77,34,111,2,gloss
section,,,57,54,111,2,gloss
substance,,,45,66,111,2,gloss
what,wut,what,45,66,111,2,both
compare,par,compare,67,43,110,2,both
inner,,,53,57,110,2,gloss
instrument,,,39,71,110,2,gloss
letter,tux,letter,60,50,110,2,both
material,,,84,26,110,2,gloss
month,mes,month,80,30,110,2,both
precious,,,21,89,110,2,gloss
sharp,tuv,sharp,72,38,110,2,both
style,,,65,45,110,2,gloss
over,djip,over,65,44,109,2,both
smooth,zap,smooth,52,57,109,2,both
travel,dul,travel,65,44,109,2,both
can,kard,can,95,13,108,2,both
hook,,,57,51,108,2,gloss
hot,yem,hot,60,48,108,2,both
poison,borz,poison,59,49,108,2,both
pole,,,52,56,108,2,gloss
vegetable,vedj,vegetable,83,25,108,2,both
card,,,75,32,107,2,gloss
hang,heq,hang,82,25,107,2,both
hide,hud,hide,55,52,107,2,both
ill,,,75,32,107,2,gloss
kill,klub,kill,79,28,107,2,both
pay,peq,pay,95,12,107,2,both
prefecture,,,89,18,107,2,gloss
quiet,,,70,37,107,2,gloss
touch,tatx,touch,54,53,107,2,both
age,hedj,age,49,57,106,2,both
anger,toz,anger,82,24,106,2,both
attack,hek,attack,68,38,106,2,both
ground,git,ground,86,20,106,2,both
labor,,,55,51,106,2,gloss
music,mok,music,40,66,106,2,both
right,fot,right,60,46,106,2,both
silent,,,39,67,106,2,gloss
sing,xud,sing,44,62,106,2,both
western,,,44,62,106,2,gloss
control,liq,control,81,24,105,2,both
only,,,62,43,105,2,gloss
pen,,,54,51,105,2,gloss
plain,suv,plain,77,28,105,2,both
practice,,,58,47,105,2,gloss
slow,slom,slow,67,38,105,2,both
talent,,,43,62,105,2,gloss
worker,nik,worker,39,66,105,2,both
catch,vuc,catch,39,65,104,2,both
firm,,,63,41,104,2,gloss
rely,,,72,32,104,2,gloss
round,mus,round,55,49,104,2,both
shake,xed,shake,48,56,104,2,both
younger,,,60,44,104,2,gloss
danger,nuj,danger,57,46,103,2,both
meal,,,81,22,103,2,gloss
meet,mit,meet,68,35,103,2,both
palace,,,48,55,103,2,gloss
scholar,,,47,56,103,2,gloss
seize,,,75,28,103,2,gloss
stem,,,90,13,103,2,gloss
layer,,,67,35,102,2,gloss
market,niz,market,46,56,102,2,both
scatter,,,65,37,102,2,gloss
transport,,,75,27,102,2,gloss
begin,ban,begin,64,37,101,2,both
boundary,bund,boundary,61,40,101,2,both
calculate,,,54,47,101,2,gloss
destroy,,,37,64,101,2,gloss
former,,,55,46,101,2,gloss
half,,,62,39,101,2,gloss
jump,dub,jump,60,41,101,2,both
pig,prag,pig,51,50,101,2,both
pine,,,51,50,101,2,gloss
religion,,,31,70,101,2,gloss
show,xol,show,72,29,101,2,both
sugar,muq,sugar,69,32,101,2,both
warm,wem,warm,66,35,101,2,both
fight,flet,fight,62,38,100,2,both
grain,maq,grain,81,19,100,2,both
reduce,,,56,44,100,2,gloss
surface,sorf,surface,69,31,100,2,both
top,suk,top,61,39,100,2,both
wine,,,88,12,100,2,gloss
chinese,,,68,31,99,2,gloss
shape,xul,shape,59,40,99,2,both
tower,,,69,30,99,2,gloss
immortal,,,43,55,98,2,gloss
intent,,,51,47,98,2,gloss
bed,vit,bed,76,21,97,2,both
egg,huv,egg,68,29,97,2,both
imperial,,,52,45,97,2,gloss
ring,,,63,34,97,2,gloss
ship,,,77,20,97,2,gloss
talk,,,70,27,97,2,gloss
fragrance,,,41,55,96,2,gloss
hard,hard,hard,63,33,96,2,both
history,moj,history,51,45,96,2,both
inspect,,,61,35,96,2,gloss
keep,karp,keep,42,54,96,2,both
lake,duk,lake,62,34,96,2,both
manner,,,34,62,96,2,gloss
offer,,,52,44,96,2,gloss
praise,yog,praise,69,27,96,2,both
push,lep,push,62,34,96,2,both
shout,xut,shout,54,42,96,2,both
wish,slix,wish,41,55,96,2,both
bar,,,82,13,95,2,gloss
insect,bag,insect,49,46,95,2,both
orchid,,,64,31,95,2,gloss
present,,,45,50,95,2,gloss
write,rat,write,75,20,95,2,both
before,tor,before,58,36,94,2,both
dream,drim,dream,32,62,94,2,both
longevity,,,31,63,94,2,gloss
piece,,,57,37,94,2,gloss
read,rid,read,74,20,94,2,both
reputation,,,24,70,94,2,gloss
associate,,,36,57,93,2,gloss
class,,,68,25,93,2,gloss
debt,los,debt,41,52,93,2,both
disaster,,,55,38,93,2,gloss
dynasty,,,42,51,93,2,gloss
pot,bux,pot,50,43,93,2,both
cross,kras,cross,59,33,92,2,both
fine,,,68,24,92,2,gloss
mix,miks,mix,44,48,92,2,both
seed,sid,seed,56,36,92,2,both
tight,,,53,39,92,2,gloss
view,,,60,32,92,2,gloss
visit,,,69,23,92,2,gloss
angle,zut,angle,50,41,91,2,both
hole,,,54,37,91,2,gloss
laugh,laft,laugh,42,49,91,2,both
pearl,,,26,65,91,2,gloss
resist,,,44,47,91,2,gloss
tear,tiz,tear,59,32,91,2,both
beauty,,,30,60,90,2,gloss
neck,nek,neck,38,52,90,2,both
poetry,,,20,70,90,2,gloss
quick,klok,quick,43,47,90,2,both
sit,wav,sit,43,47,90,2,both
station,,,42,48,90,2,gloss
bitter,wig,bitter,60,29,89,2,both
common,,,45,44,89,2,gloss
fate,,,36,53,89,2,gloss
generate,,,65,24,89,2,gloss
opening,bud,opening,74,15,89,2,both
pick,,,51,38,89,2,gloss
question,luq,question,57,32,89,2,both
respond,,,46,43,89,2,gloss
season,zin,season,43,46,89,2,both
system,,,44,45,89,2,gloss
tiger,tix,tiger,42,47,89,2,both
trace,,,52,37,89,2,gloss
certain,,,60,28,88,2,gloss
cultivate,,,42,46,88,2,gloss
eight,fet,eight,39,49,88,2,both
fill,vin,fill,78,10,88,2,both
foolish,,,54,34,88,2,gloss
harm,,,51,37,88,2,gloss
snow,snom,snow,68,20,88,2,both
tail,tad,tail,54,34,88,2,both
thought,men,thought,60,28,88,2,both
battle,,,45,42,87,2,gloss
contract,,,39,48,87,2,gloss
cry,wis,cry,44,43,87,2,both
dance,danz,dance,45,42,87,2,both
early,hak,early,63,24,87,2,both
interest,,,59,28,87,2,gloss
product,,,55,32,87,2,gloss
as,naz,as,59,27,86,2,both
court,,,50,36,86,2,gloss
distant,,,53,33,86,2,gloss
flag,,,44,42,86,2,gloss
hundred,,,43,43,86,2,gloss
little,lob,little,25,61,86,2,both
party,,,48,38,86,2,gloss
seat,,,67,19,86,2,gloss
skill,sur,skill,61,25,86,2,both
wrong,raq,wrong,39,47,86,2,both
enemy,tod,enemy,49,36,85,2,both
how,hal,how,40,45,85,2,both
island,rad,island,58,27,85,2,both
mixed,,,52,33,85,2,gloss
wife,,,38,47,85,2,gloss
avoid,,,42,42,84,2,gloss
belly,blin,belly,34,50,84,2,both
build,bild,build,64,20,84,2,both
cat,klat,cat,52,32,84,2,both
check,,,48,36,84,2,gloss
correct,,,46,38,84,2,gloss
dirty,gaz,dirty,47,37,84,2,both
fit,,,41,43,84,2,gloss
help,ham,help,63,21,84,2,both
rough,reC,rough,39,45,84,2,both
salt,sap,salt,51,33,84,2,both
treasure,,,64,20,84,2,gloss
weight,,,55,29,84,2,gloss
wheel,xiv,wheel,64,20,84,2,both
display,,,41,42,83,2,gloss
gun,,,62,21,83,2,gloss
national,,,41,42,83,2,gloss
shop,,,53,30,83,2,gloss
according,,,52,30,82,2,gloss
ancestor,,,40,42,82,2,gloss
bind,,,59,23,82,2,gloss
contain,,,58,24,82,2,gloss
drive,div,drive,62,20,82,2,both
fixed,,,39,43,82,2,gloss
heavy,lik,heavy,41,41,82,2,both
holy,,,45,37,82,2,gloss
horn,horn,horn (animal),48,34,82,2,both
instruct,,,45,37,82,2,gloss
match,,,49,33,82,2,gloss
model,,,51,31,82,2,gloss
rock,rak,rock,64,18,82,2,both
scene,,,43,39,82,2,gloss
standard,,,48,34,82,2,gloss
wealth,vov,wealth,39,43,82,2,both
collapse,,,57,24,81,2,gloss
create,,,42,39,81,2,gloss
increase,luf,increase,51,30,81,2,both
nose,noz,nose,37,44,81,2,both
sink,,,62,19,81,2,gloss
town,kop,town,35,46,81,2,both
upright,,,46,35,81,2,gloss
very,,,30,51,81,2,gloss
will,,,32,49,81,2,gloss
border,,,45,35,80,2,gloss
chest,biq,chest,65,15,80,2,both
endure,,,56,24,80,2,gloss
ghost,,,45,35,80,2,gloss
loose,,,33,47,80,2,gloss
peach,hix,peach (color),33,47,80,2,both
poor,por,poor,32,48,80,2,both
swallow,sek,swallow,49,31,80,2,both
tax,,,54,26,80,2,gloss
agree,kek,agree,40,39,79,2,both
area,nuq,area,50,29,79,2,both
command,kand,command,40,39,79,2,both
exchange,,,41,38,79,2,gloss
rest,xit,rest,57,22,79,2,both
select,,,52,27,79,2,gloss
shrimp,ximp,shrimp (fish),31,48,79,2,both
alone,,,57,21,78,2,gloss
amount,hut,amount,50,28,78,2,both
autumn,,,47,31,78,2,gloss
blind,,,47,31,78,2,gloss
buy,kid,buy,45,33,78,2,both
choose,txuz,choose,61,17,78,2,both
coal,,,43,35,78,2,gloss
compete,,,28,50,78,2,gloss
drop,drap,drop,48,30,78,2,both
elegant,,,57,21,78,2,gloss
fierce,,,58,20,78,2,gloss
learning,,,39,39,78,2,gloss
nest,,,52,26,78,2,gloss
righteous,,,31,47,78,2,gloss
soup,,,35,43,78,2,gloss
summer,,,38,40,78,2,gloss
type,tuq,type,58,20,78,2,both
cast,,,27,50,77,2,gloss
float,,,60,17,77,2,gloss
gas,,,42,35,77,2,gloss
happy,,,57,20,77,2,gloss
home,hom,home,62,15,77,2,both
intestine,,,27,50,77,2,gloss
lock,lot,lock,52,25,77,2,both
ordinary,,,39,38,77,2,gloss
pour,pot,pour,48,29,77,2,both
treat,,,40,37,77,2,gloss
accept,,,44,32,76,2,gloss
around,ton,around,39,37,76,2,both
conduct,,,40,36,76,2,gloss
element,,,20,56,76,2,gloss
origin,,,36,40,76,2,gloss
shift,,,45,31,76,2,gloss
sorrow,,,21,55,76,2,gloss
store,,,49,27,76,2,gloss
understand,das,understand,50,26,76,2,both
wait,wet,wait,42,34,76,2,both
which,wetx,which,33,43,76,2,both
withdraw,,,44,32,76,2,gloss
worm,wurm,worm,33,43,76,2,both
apply,,,54,21,75,2,gloss
combine,,,48,27,75,2,gloss
depart,,,31,44,75,2,gloss
energy,bup,energy,42,33,75,2,both
glory,,,24,51,75,2,gloss
membrane,,,34,41,75,2,gloss
prison,,,34,41,75,2,gloss
profit,,,45,30,75,2,gloss
property,pop,property,26,49,75,2,both
region,ron,region,18,57,75,2,both
register,,,27,48,75,2,gloss
slight,,,50,25,75,2,gloss
teach,titx,teach,48,27,75,2,both
teacher,tom,teacher,28,47,75,2,both
value,val,value,51,24,75,2,both
achieve,,,32,42,74,2,gloss
announce,,,34,40,74,2,gloss
bell,,,58,16,74,2,gloss
breath,bam,breath,38,36,74,2,both
clean,klin,clean,46,28,74,2,both
garden,gan,garden,44,30,74,2,both
left,tef,left,43,31,74,2,both
leg,legz,leg,29,45,74,2,both
mourning,,,36,38,74,2,gloss
pair,xok,pair,24,50,74,2,both
palm,,,59,15,74,2,gloss
regulate,,,27,47,74,2,gloss
rotten,fus,rotten,34,40,74,2,both
scale,skal,scale,33,41,74,2,both
title,,,34,40,74,2,gloss
toward,nol,toward,49,25,74,2,both
worry,,,45,29,74,2,gloss
hat,lak,hat,31,42,73,2,both
hope,hop,hope,47,26,73,2,both
purple,sif,purple,39,34,73,2,both
reverse,,,55,18,73,2,gloss
speed,zuz,speed,43,30,73,2,both
box,braz,box,55,17,72,2,both
consider,,,40,32,72,2,gloss
examination,,,31,41,72,2,gloss
grave,,,26,46,72,2,gloss
guide,,,57,15,72,2,gloss
picture,bid,picture,50,22,72,2,both
post,,,49,23,72,2,gloss
scold,,,47,25,72,2,gloss
split,sut,split,42,30,72,2,both
taste,test,taste,53,19,72,2,both
throw,jet,throw,42,30,72,2,both
trouble,,,31,41,72,2,gloss
wear,,,41,31,72,2,gloss
argue,him,argue,35,36,71,2,both
author,,,32,39,71,2,gloss
bag,bod,bag,51,20,71,2,both
basket,,,44,27,71,2,gloss
blow,,,36,35,71,2,gloss
copper,rov,copper,30,41,71,2,both
curtain,,,51,20,71,2,gloss
deer,dif,deer,54,17,71,2,both
lotus,,,27,44,71,2,gloss
tell,tal,tell,41,30,71,2,both
throat,dak,throat,26,45,71,2,both
urgent,,,37,34,71,2,gloss
victory,,,27,44,71,2,gloss
ceremony,,,22,48,70,2,gloss
corner,kul,corner,42,28,70,2,both
custom,kab,custom,32,38,70,2,both
drum,,,41,29,70,2,gloss
dust,kiq,dust,40,30,70,2,both
entrust,,,44,26,70,2,gloss
explain,gin,explain,39,31,70,2,both
from,Coz,from,52,18,70,2,both
late,lor,late,36,34,70,2,both
outstanding,,,41,29,70,2,gloss
pressure,,,45,25,70,2,gloss
rear,,,32,38,70,2,gloss
remain,run,remain,40,30,70,2,both
square,,,45,25,70,2,gloss
stupid,,,47,23,70,2,gloss
well,,,59,11,70,2,gloss
accumulate,,,38,31,69,2,gloss
alcohol,,,52,17,69,2,gloss
crooked,,,12,57,69,2,gloss
current,,,39,30,69,2,gloss
easy,,,27,42,69,2,gloss
even,,,47,22,69,2,gloss
nail,mac,nail,25,44,69,2,both
news,has,news,28,41,69,2,both
rhyme,,,29,40,69,2,gloss
sacrifice,,,39,30,69,2,gloss
sent,,,30,39,69,2,gloss
smell,sor,smell,29,40,69,2,both
teaching,,,37,32,69,2,gloss
vessel,,,26,43,69,2,gloss
winter,,,47,22,69,2,gloss
beg,,,41,27,68,2,gloss
bottom,kis,bottom,44,24,68,2,both
bring,briq,bring,29,39,68,2,both
cinnamon,,,12,56,68,2,gloss
cool,kuf,cool,37,31,68,2,both
decide,pam,decide,46,22,68,2,both
decline,,,32,36,68,2,gloss
disorder,,,33,35,68,2,gloss
excessive,,,27,41,68,2,gloss
for,Ciz,for,34,34,68,2,both
frame,,,45,23,68,2,gloss
god,,,50,18,68,2,gloss
limit,yix,limit,31,37,68,2,both
row,,,53,15,68,2,gloss
snake,his,snake,38,30,68,2,both
thunder,Can,thunder,51,17,68,2,both
tie,hod,tie,30,38,68,2,both
transmit,,,38,30,68,2,gloss
borrow,,,49,18,67,2,gloss
building,,,48,19,67,2,gloss
gentle,,,26,41,67,2,gloss
lineage,,,22,45,67,2,gloss
needle,mul,needle,51,16,67,2,both
quality,,,43,24,67,2,gloss
serve,,,43,24,67,2,gloss
still,ziq,still,26,41,67,2,both
trade,tred,trade,29,38,67,2,both
animal,zul,animal,25,41,66,2,both
aunt,,,38,28,66,2,gloss
blessing,,,21,45,66,2,gloss
buddha,,,35,31,66,2,gloss
cup,bug,cup,43,23,66,2,both
idle,,,39,27,66,2,gloss
leak,,,44,22,66,2,gloss
member,mast,member,23,43,66,2,both
other,Car,other,39,27,66,2,both
shadow,xax,shadow,28,38,66,2,both
suffer,,,52,14,66,2,gloss
trust,tat,trust,39,27,66,2,both
ability,,,41,24,65,2,gloss
camp,,,34,31,65,2,gloss
celebrate,,,39,26,65,2,gloss
corpse,,,36,29,65,2,gloss
fold,fold,fold,44,21,65,2,both
hit,,,49,16,65,2,gloss
mouse,,,42,23,65,2,gloss
much,,,27,38,65,2,gloss
of,yov,of,46,19,65,2,both
older,,,32,33,65,2,gloss
painting,,,28,37,65,2,gloss
sad,dez,sadness,33,32,65,2,both
search,fuj,search,39,26,65,2,both
sister,fur,sister,46,19,65,2,both
son,bub,son,44,21,65,2,both
thick,tuc,thick,42,23,65,2,both
vast,,,52,13,65,2,gloss
appoint,,,32,32,64,2,gloss
bury,,,38,26,64,2,gloss
carve,koz,carve,38,26,64,2,both
circle,salk,circle,44,20,64,2,both
demon,,,34,30,64,2,gloss
elephant,lek,elephant,16,48,64,2,both
grand,,,39,25,64,2,gloss
into,,,23,41,64,2,gloss
later,,,27,37,64,2,gloss
morning,moq,morning,44,20,64,2,both
rich,rip,rich,46,18,64,2,both
shirt,wux,shirt,10,54,64,2,both
situate,,,43,21,64,2,gloss
squeeze,,,25,39,64,2,gloss
supervise,,,41,23,64,2,gloss
temple,,,33,31,64,2,gloss
translate,tet,translate,30,34,64,2,both
arrive,,,50,13,63,2,gloss
attach,,,47,16,63,2,gloss
cotton,,,44,19,63,2,gloss
drill,,,48,15,63,2,gloss
encounter,,,45,18,63,2,gloss
hear,hid,hear,36,27,63,2,both
honor,fup,honor,36,27,63,2,both
internal,,,26,37,63,2,gloss
mat,,,34,29,63,2,gloss
newspaper,,,38,25,63,2,gloss
principle,,,37,26,63,2,gloss
relieve,,,40,23,63,2,gloss
restrain,,,31,32,63,2,gloss
salary,,,52,11,63,2,gloss
servant,,,30,33,63,2,gloss
shore,waq,shore,43,20,63,2,both
smoke,smok,smoke,45,18,63,2,both
tiny,,,28,35,63,2,gloss
art,cros,art,38,24,62,2,both
center,nav,center,27,35,62,2,both
central,,,29,33,62,2,gloss
duty,log,duty,49,13,62,2,both
film,,,44,18,62,2,gloss
fresh,frax,fresh,30,32,62,2,both
heroic,,,14,48,62,2,gloss
load,,,40,22,62,2,gloss
more,sal,more,21,41,62,2,both
past,rost,past,32,30,62,2,both
phoenix,,,26,36,62,2,gloss
repay,,,43,19,62,2,gloss
shoe,dux,shoe,39,23,62,2,both
team,tim,team,30,32,62,2,both
twist,,,38,24,62,2,gloss
beginning,,,32,29,61,2,gloss
brush,,,44,17,61,2,gloss
cave,kliv,cave,35,26,61,2,both
clan,kep,clan,36,25,61,2,both
cord,,,41,20,61,2,gloss
dead,,,39,22,61,2,gloss
excellent,,,40,21,61,2,gloss
flash,,,37,24,61,2,gloss
grind,pit,grind,37,24,61,2,both
husband,,,33,28,61,2,gloss
insert,,,45,16,61,2,gloss
merit,,,18,43,61,2,gloss
metal,malt,metal,12,49,61,2,both
mud,cat,mud,42,19,61,2,both
muscle,,,19,42,61,2,gloss
opposite,,,41,20,61,2,gloss
orange,dej,orange,27,34,61,2,both
pipe,but,pipe,36,25,61,2,both
pit,,,47,14,61,2,gloss
prepare,,,37,24,61,2,gloss
refined,,,37,24,61,2,gloss
rush,,,41,20,61,2,gloss
service,,,37,24,61,2,gloss
sheep,fak,sheep,51,10,61,2,both
stretch,,,34,27,61,2,gloss
surplus,,,39,22,61,2,gloss
sword,,,35,26,61,2,gloss
tide,,,37,24,61,2,gloss
violent,,,36,25,61,2,gloss
you,dim,you,46,15,61,2,both
bank,,,40,20,60,2,gloss
beat,bit,beat,47,13,60,2,both
bee,fug,bee,32,28,60,2,both
code,,,33,27,60,2,gloss
condition,,,37,23,60,2,gloss
desire,tur,desire,30,30,60,2,both
dissolve,,,37,23,60,2,gloss
drama,,,31,29,60,2,gloss
escape,,,25,35,60,2,gloss
evidence,,,35,25,60,2,gloss
nine,ris,nine,29,31,60,2,both
pond,biz,pond,35,25,60,2,both
print,,,24,36,60,2,gloss
proper,,,32,28,60,2,gloss
sincere,,,46,14,60,2,gloss
tool,tul,tool,31,29,60,2,both
wander,,,32,28,60,2,gloss
wide,moz,wide,33,27,60,2,both
worship,,,19,41,60,2,gloss
assist,,,31,28,59,2,gloss
band,,,37,22,59,2,gloss
beam,,,37,22,59,2,gloss
crab,,,20,39,59,2,gloss
divine,,,28,31,59,2,gloss
each,sof,each,36,23,59,2,both
effort,,,44,15,59,2,gloss
leader,nep,leader,29,30,59,2,both
narrow,yiq,narrow,37,22,59,2,both
occupy,,,39,20,59,2,gloss
regard,,,39,20,59,2,gloss
shine,,,43,16,59,2,gloss
shoulder,kaf,shoulder,32,27,59,2,both
utmost,,,18,41,59,2,gloss
cannon,,,33,25,58,2,gloss
chain,lip,chain,38,20,58,2,both
duck,barv,duck,32,26,58,2,both
essence,,,30,28,58,2,gloss
finger,var,finger,41,17,58,2,both
joint,,,26,32,58,2,gloss
liquid,,,38,20,58,2,gloss
lord,,,18,40,58,2,gloss
miss,,,22,36,58,2,gloss
provide,,,36,22,58,2,gloss
recognize,raz,recognize,45,13,58,2,both
ridge,,,45,13,58,2,gloss
save,sev,save,34,24,58,2,both
seven,xab,seven,26,32,58,2,both
sour,zus,sour,27,31,58,2,both
start,vig,start,45,13,58,2,both
tone,kup,tone,46,12,58,2,both
vine,,,33,25,58,2,gloss
waste,,,25,33,58,2,gloss
burst,,,34,23,57,2,gloss
han,,,38,19,57,2,gloss
horizontal,,,34,23,57,2,gloss
incense,,,20,37,57,2,gloss
meeting,,,42,15,57,2,gloss
soil,rit,soil,41,16,57,2,both
stay,,,44,13,57,2,gloss
then,cam,then,28,29,57,2,both
thorough,,,43,14,57,2,gloss
unit,,,23,34,57,2,gloss
urge,,,39,18,57,2,gloss
admire,,,32,24,56,2,gloss
already,lod,already,25,31,56,2,both
bowl,gul,bowl,22,34,56,2,both
emperor,,,28,28,56,2,gloss
fan,,,26,30,56,2,gloss
fluid,,,17,39,56,2,gloss
if,kiz,if,35,21,56,2,both
lift,lup,lift,32,24,56,2,both
literature,,,10,46,56,2,gloss
marsh,,,46,10,56,2,gloss
monkey,maqk,monkey,34,22,56,2,both
mound,,,35,21,56,2,gloss
prevent,,,29,27,56,2,gloss
screen,,,46,10,56,2,gloss
six,vip,six,29,27,56,2,both
slip,,,36,20,56,2,gloss
sticky,,,33,23,56,2,gloss
string,,,34,22,56,2,gloss
uncle,,,30,26,56,2,gloss
classic,,,33,22,55,2,gloss
clever,,,39,16,55,2,gloss
core,,,26,29,55,2,gloss
counter,,,31,24,55,2,gloss
estimate,,,37,18,55,2,gloss
faint,,,34,21,55,2,gloss
fund,,,29,26,55,2,gloss
game,gem,game,30,25,55,2,both
let,,,23,32,55,2,gloss
lip,glip,lip,20,35,55,2,both
scheme,,,22,33,55,2,gloss
simple,,,40,15,55,2,gloss
steal,gav,steal,36,19,55,2,both
steel,,,45,10,55,2,gloss
affect,,,11,43,54,2,gloss
cling,,,16,38,54,2,gloss
count,jaq,count,42,12,54,2,both
cow,vaqk,cow,37,17,54,2,both
drink,dug,drink,44,10,54,2,both
familiar,,,39,15,54,2,gloss
leisure,,,30,24,54,2,gloss
living,,,22,32,54,2,gloss
oneself,,,15,39,54,2,gloss
realm,,,16,38,54,2,gloss
regret,,,32,22,54,2,gloss
request,piq,request,32,22,54,2,both
soak,,,34,20,54,2,gloss
sway,,,31,23,54,2,gloss
thorn,,,27,27,54,2,gloss
waist,,,44,10,54,2,gloss
bearing,,,34,19,53,2,gloss
bud,,,31,22,53,2,gloss
deceive,,,27,26,53,2,gloss
dense,,,28,25,53,2,gloss
example,sul,example,38,15,53,2,both
filial,,,18,35,53,2,gloss
flesh,flax,flesh,35,18,53,2,both
free,pod,free,37,16,53,2,both
grace,,,38,15,53,2,gloss
hardship,,,25,28,53,2,gloss
restore,,,18,35,53,2,gloss
roam,,,29,24,53,2,gloss
sail,fras,sail,35,18,53,2,both
sex,zig,sex,36,17,53,2,both
spend,,,26,27,53,2,gloss
spot,,,35,18,53,2,gloss
tongue,taq,tongue,35,18,53,2,both
urine,,,36,17,53,2,gloss
boil,,,29,23,52,2,gloss
climb,kim,climb,29,23,52,2,both
copy,,,24,28,52,2,gloss
develop,,,30,22,52,2,gloss
doubt,dolt,doubt,32,20,52,2,both
hollow,,,17,35,52,2,gloss
intense,,,18,34,52,2,gloss
judge,taj,judge,30,22,52,2,both
moment,mut,moment,28,24,52,2,both
reed,,,40,12,52,2,gloss
ruler,,,35,17,52,2,gloss
tease,,,26,26,52,2,gloss
track,,,40,12,52,2,gloss
with,yuc,with,31,21,52,2,both
dew,,,21,30,51,2,gloss
error,,,38,13,51,2,gloss
flood,,,37,14,51,2,gloss
gourd,,,12,39,51,2,gloss
grow,grun,grow,40,11,51,2,both
harsh,,,15,36,51,2,gloss
list,,,35,16,51,2,gloss
loyal,,,12,39,51,2,gloss
medical,,,26,25,51,2,gloss
mine,,,25,26,51,2,gloss
owner,,,21,30,51,2,gloss
prostitute,,,21,30,51,2,gloss
rope,gol,rope,31,20,51,2,both
stagnant,,,18,33,51,2,gloss
street,,,32,19,51,2,gloss
tip,,,30,21,51,2,gloss
weave,worv,weave,37,14,51,2,both
willow,,,32,19,51,2,gloss
accompany,,,35,15,50,2,gloss
against,,,29,21,50,2,gloss
basin,,,33,17,50,2,gloss
below,six,below,35,15,50,2,both
blame,bat,blame,28,22,50,2,both
calm,kam,calm,24,26,50,2,both
document,,,30,20,50,2,gloss
drift,,,21,29,50,2,gloss
expose,,,25,25,50,2,gloss
fee,,,32,18,50,2,gloss
hunt,hant,hunt,35,15,50,2,both
ink,,,32,18,50,2,gloss
just,,,38,12,50,2,gloss
need,nid,need,35,15,50,2,both
personal,,,31,19,50,2,gloss
pillar,,,20,30,50,2,gloss
plate,,,38,12,50,2,gloss
police,,,40,10,50,2,gloss
remember,bor,remember,33,17,50,2,both
suppress,,,30,20,50,2,gloss
tile,,,32,18,50,2,gloss
valley,vab,valley,34,16,50,2,both
worthy,,,12,38,50,2,gloss
across,yut,across,22,27,49,2,both
arm,garm,arm,35,14,49,2,both
assembly,,,14,35,49,2,gloss
assign,,,32,17,49,2,gloss
calamity,,,24,25,49,2,gloss
capture,,,36,13,49,2,gloss
chase,,,31,18,49,2,gloss
cherish,,,35,14,49,2,gloss
effect,zak,effect,36,13,49,2,both
exclamation,,,12,37,49,2,gloss
flee,,,39,10,49,2,gloss
imitate,,,36,13,49,2,gloss
listen,nix,listen,36,13,49,2,both
loss,,,18,31,49,2,gloss
nun,,,36,13,49,2,gloss
offense,,,11,38,49,2,gloss
oppose,,,18,31,49,2,gloss
profound,,,38,11,49,2,gloss
repair,,,34,15,49,2,gloss
reward,rex,reward,31,18,49,2,both
shallow,rup,shallow,27,22,49,2,both
technique,,,11,38,49,2,gloss
thus,,,32,17,49,2,gloss
trouser,,,21,28,49,2,gloss
yield,,,36,13,49,2,gloss
ant,fok fork,ant,25,23,48,2,both
assemble,,,33,15,48,2,gloss
foundation,,,30,18,48,2,gloss
indulge,,,34,14,48,2,gloss
magnetic,,,34,14,48,2,gloss
paste,,,36,12,48,2,gloss
remaining,,,29,19,48,2,gloss
shame,jak,shame,31,17,48,2,both
soul,,,18,30,48,2,gloss
spear,sep,spear,19,29,48,2,both
sphere,,,23,25,48,2,gloss
sprout,,,30,18,48,2,gloss
suffering,,,20,28,48,2,gloss
turtle,,,30,18,48,2,gloss
undertake,,,34,14,48,2,gloss
wrap,,,26,22,48,2,gloss
yet,,,36,12,48,2,gloss
armor,vod,armor,29,18,47,2,both
butterfly,,,18,29,47,2,gloss
courage,koj,courage,24,23,47,2,both
determine,,,21,26,47,2,gloss
draft,,,33,14,47,2,gloss
drag,,,28,19,47,2,gloss
most,,,22,25,47,2,gloss
ng,,,12,35,47,2,gloss
noisy,,,30,17,47,2,gloss
noodle,,,15,32,47,2,gloss
now,xom,now,23,24,47,2,both
outer,,,35,12,47,2,gloss
provoke,,,20,27,47,2,gloss
rescue,,,20,27,47,2,gloss
route,,,22,25,47,2,gloss
saw,maz,saw,28,19,47,2,both
banquet,,,33,13,46,2,gloss
belt,yaq,belt,17,29,46,2,both
cabinet,,,28,18,46,2,gloss
carriage,,,29,17,46,2,gloss
cluster,,,19,27,46,2,gloss
companion,,,30,16,46,2,gloss
contrary,,,14,32,46,2,gloss
course,,,21,25,46,2,gloss
explode,,,29,17,46,2,gloss
fault,,,21,25,46,2,gloss
feather,farC,feather,35,11,46,2,both
fungus,folg,fungus,29,17,46,2,both
healthy,,,27,19,46,2,gloss
meter,,,21,25,46,2,gloss
monk,,,15,31,46,2,gloss
observe,,,30,16,46,2,gloss
province,,,18,28,46,2,gloss
rate,,,24,22,46,2,gloss
satisfy,,,12,34,46,2,gloss
silkworm,,,30,16,46,2,gloss
walk,wak,walk,34,12,46,2,both
asia,,,35,10,45,2,gloss
breast,,,26,19,45,2,gloss
breed,,,11,34,45,2,gloss
crane,,,25,20,45,2,gloss
dig,tar,dig,27,18,45,2,both
discard,,,22,23,45,2,gloss
divination,,,33,12,45,2,gloss
evening,huq,evening,34,11,45,2,both
extract,,,24,21,45,2,gloss
famous,,,35,10,45,2,gloss
fix,,,32,13,45,2,gloss
inflammation,,,27,18,45,2,gloss
lean,,,28,17,45,2,gloss
noble,,,15,30,45,2,gloss
nourish,,,22,23,45,2,gloss
pierce,sit,pierce,27,18,45,2,both
pleasure,,,13,32,45,2,gloss
ritual,gim,ritual,19,26,45,2,both
roast,,,27,18,45,2,gloss
sheet,,,13,32,45,2,gloss
solid,,,34,11,45,2,gloss
strict,,,28,17,45,2,gloss
swell,,,26,19,45,2,gloss
temporary,,,31,14,45,2,gloss
violate,,,27,18,45,2,gloss
banana,,,12,32,44,2,gloss
blade,zum,blade,27,17,44,2,both
broken,,,25,19,44,2,gloss
constant,,,31,13,44,2,gloss
dull,lox,dull,15,29,44,2,both
entangle,,,15,29,44,2,gloss
expand,,,29,15,44,2,gloss
experience,,,29,15,44,2,gloss
extent,,,12,32,44,2,gloss
farming,,,21,23,44,2,gloss
few,flun,few,29,15,44,2,both
flute,,,26,18,44,2,gloss
lacquer,,,23,21,44,2,gloss
liver,,,16,28,44,2,gloss
mad,,,21,23,44,2,gloss
minister,,,23,21,44,2,gloss
miscellaneous,,,24,20,44,2,gloss
pacify,,,32,12,44,2,gloss
rare,,,26,18,44,2,gloss
retreat,,,31,13,44,2,gloss
secondary,,,16,28,44,2,gloss
stir,,,18,26,44,2,gloss
stomach,,,31,13,44,2,gloss
train,,,17,27,44,2,gloss
above,saj,above,32,11,43,2,both
cattle,,,24,19,43,2,gloss
crow,bum,crow,30,13,43,2,both
discussion,,,16,27,43,2,gloss
fame,,,11,32,43,2,gloss
invite,,,31,12,43,2,gloss
probe,,,26,17,43,2,gloss
surge,,,31,12,43,2,gloss
wet,lird,wet,25,18,43,2,both
wolf,wolf,wolf,30,13,43,2,both
aid,,,22,20,42,2,gloss
bundle,,,20,22,42,2,gloss
compile,,,32,10,42,2,gloss
defend,dad,defend,31,11,42,2,both
demand,,,28,14,42,2,gloss
diligent,,,22,20,42,2,gloss
express,,,29,13,42,2,gloss
feast,,,18,24,42,2,gloss
firewood,,,17,25,42,2,gloss
gloomy,,,11,31,42,2,gloss
humble,,,28,14,42,2,gloss
lecture,,,17,25,42,2,gloss
melon,,,29,13,42,2,gloss
profession,,,13,29,42,2,gloss
pursue,,,22,20,42,2,gloss
quantity,,,19,23,42,2,gloss
rite,,,32,10,42,2,gloss
slander,,,19,23,42,2,gloss
stove,,,27,15,42,2,gloss
suspend,,,30,12,42,2,gloss
term,,,23,19,42,2,gloss
topic,,,20,22,42,2,gloss
vermilion,,,28,14,42,2,gloss
wisdom,,,17,25,42,2,gloss
attend,,,23,18,41,2,gloss
bead,,,21,20,41,2,gloss
beard,,,16,25,41,2,gloss
category,,,29,12,41,2,gloss
clam,,,27,14,41,2,gloss
convenient,,,24,17,41,2,gloss
essential,,,14,27,41,2,gloss
floating,,,18,23,41,2,gloss
forward,,,25,16,41,2,gloss
furnace,,,20,21,41,2,gloss
hammer,kox,hammer,16,25,41,2,both
hesitate,,,16,25,41,2,gloss
hurry,,,21,20,41,2,gloss
key,cux,key,23,18,41,2,both
maintain,,,31,10,41,2,gloss
micro,,,21,20,41,2,gloss
mirror,,,23,18,41,2,gloss
mulberry,,,24,17,41,2,gloss
scrape,,,21,20,41,2,gloss
sew,zaq,sew,21,20,41,2,both
snail,,,14,27,41,2,gloss
stage,,,31,10,41,2,gloss
summon,,,29,12,41,2,gloss
trap,,,22,19,41,2,gloss
bottle,,,25,15,40,2,gloss
cage,,,20,20,40,2,gloss
calendar,,,24,16,40,2,gloss
commerce,,,10,30,40,2,gloss
curse,,,24,16,40,2,gloss
eliminate,,,16,24,40,2,gloss
hungry,,,10,30,40,2,gloss
important,,,28,12,40,2,gloss
ladder,,,23,17,40,2,gloss
last,,,15,25,40,2,gloss
lazy,,,24,16,40,2,gloss
officer,,,22,18,40,2,gloss
overflow,,,21,19,40,2,gloss
pretend,,,13,27,40,2,gloss
promise,bos,promise,27,13,40,2,both
role,,,22,18,40,2,gloss
sac,,,27,13,40,2,gloss
segment,,,16,24,40,2,gloss
steam,,,26,14,40,2,gloss
student,xup,student,21,19,40,2,both
surpass,,,27,13,40,2,gloss
swing,,,23,17,40,2,gloss
tribute,,,25,15,40,2,gloss
tune,,,27,13,40,2,gloss
withered,,,14,26,40,2,gloss
america,,,26,13,39,2,gloss
ascend,,,19,20,39,2,gloss
circumstance,,,18,21,39,2,gloss
desolate,,,23,16,39,2,gloss
entice,,,19,20,39,2,gloss
faction,,,17,22,39,2,gloss
frequency,,,27,12,39,2,gloss
grade,,,24,15,39,2,gloss
hate,hem,hate,23,16,39,2,both
herb,zub,herb,26,13,39,2,both
issue,,,29,10,39,2,gloss
lodging,,,21,18,39,2,gloss
noon,,,22,17,39,2,gloss
nurture,,,12,27,39,2,gloss
patrol,,,19,20,39,2,gloss
preserve,,,19,20,39,2,gloss
reveal,,,22,17,39,2,gloss
shrink,xik,shrink,11,28,39,2,both
signal,,,20,19,39,2,gloss
specialized,,,11,28,39,2,gloss
but,ket,but,12,26,38,2,both
disturb,,,26,12,38,2,gloss
fence,,,22,16,38,2,gloss
honey,viq,honey,24,14,38,2,both
kitchen,,,22,16,38,2,gloss
paint,,,10,28,38,2,gloss
raw,,,24,14,38,2,gloss
shade,,,26,12,38,2,gloss
subject,,,16,22,38,2,gloss
total,,,24,14,38,2,gloss
apart,,,18,19,37,2,gloss
backward,,,22,15,37,2,gloss
bandit,,,24,13,37,2,gloss
bit,,,14,23,37,2,gloss
bite,bed,bite,16,21,37,2,both
chair,Con,chair,21,16,37,2,both
channel,,,17,20,37,2,gloss
chaos,,,19,18,37,2,gloss
cruel,,,14,23,37,2,gloss
decay,,,19,18,37,2,gloss
delay,,,22,15,37,2,gloss
embryo,,,21,16,37,2,gloss
enjoy,,,22,15,37,2,gloss
expect,hik,expect,24,13,37,2,both
external,,,11,26,37,2,gloss
final,,,26,11,37,2,gloss
floor,riC,floor,21,16,37,2,both
fox,vus,fox,27,10,37,2,both
lump,,,18,19,37,2,gloss
relate,ral,relation,15,22,37,2,both
sacred,,,12,25,37,2,gloss
slave,hub,slave,19,18,37,2,both
slide,,,25,12,37,2,gloss
stake,,,18,19,37,2,gloss
stalk,,,23,14,37,2,gloss
strategy,,,17,20,37,2,gloss
stubborn,,,18,19,37,2,gloss
thank,cak,thank,25,12,37,2,both
try,zok,try,19,18,37,2,both
wire,,,21,16,37,2,gloss
administer,,,19,17,36,2,gloss
approve,,,21,15,36,2,gloss
arrow,mun,arrow,26,10,36,2,both
brick,,,24,12,36,2,gloss
chamber,,,16,20,36,2,gloss
chrysanthemum,,,15,21,36,2,gloss
column,,,22,14,36,2,gloss
crack,,,24,12,36,2,gloss
envoy,,,13,23,36,2,gloss
filter,,,22,14,36,2,gloss
grab,,,20,16,36,2,gloss
interval,,,20,16,36,2,gloss
message,muj,message,25,11,36,2,both
mold,,,25,11,36,2,gloss
nation,niq,nation,14,22,36,2,both
obey,,,23,13,36,2,gloss
proud,,,17,19,36,2,gloss
rash,,,24,12,36,2,gloss
shelter,,,12,24,36,2,gloss
suck,,,20,16,36,2,gloss
super,,,11,25,36,2,gloss
welcome,,,11,25,36,2,gloss
absorb,,,19,16,35,2,gloss
advantage,,,19,16,35,2,gloss
beyond,,,18,17,35,2,gloss
brief,,,19,16,35,2,gloss
brown,cov,brown,14,21,35,2,both
descend,did,descend,20,15,35,2,both
dispel,,,23,12,35,2,gloss
exceed,,,22,13,35,2,gloss
flavor,,,11,24,35,2,gloss
gradual,rar,gradual,22,13,35,2,both
grasp,,,17,18,35,2,gloss
guess,gres,guess,12,23,35,2,both
honored,,,22,13,35,2,gloss
intelligence,,,10,25,35,2,gloss
jar,,,24,11,35,2,gloss
kin,,,21,14,35,2,gloss
knock,,,21,14,35,2,gloss
louse,,,23,12,35,2,gloss
maple,,,15,20,35,2,gloss
pardon,,,11,24,35,2,gloss
pepper,,,21,14,35,2,gloss
promote,,,21,14,35,2,gloss
protrude,,,11,24,35,2,gloss
recruit,,,16,19,35,2,gloss
scratch,,,19,16,35,2,gloss
smile,smul,smile,20,15,35,2,both
stamp,,,18,17,35,2,gloss
vegetarian,,,18,17,35,2,gloss
axis,,,20,14,34,2,gloss
confused,,,13,21,34,2,gloss
contribute,,,10,24,34,2,gloss
crowd,tok,crowd,22,12,34,2,both
disperse,,,17,17,34,2,gloss
dress,dav,dress,22,12,34,2,both
eggplant,,,15,19,34,2,gloss
emerge,,,16,18,34,2,gloss
event,hap,event,13,21,34,2,both
expression,,,21,13,34,2,gloss
gift,zip,gift,21,13,34,2,both
hour,,,10,24,34,2,gloss
medium,,,14,20,34,2,gloss
occasion,,,14,20,34,2,gloss
opportune,,,18,16,34,2,gloss
owl,raf,owl,20,14,34,2,both
page,,,21,13,34,2,gloss
prize,,,24,10,34,2,gloss
publication,,,23,11,34,2,gloss
ratio,,,20,14,34,2,gloss
retain,,,13,21,34,2,gloss
robe,,,19,15,34,2,gloss
sauce,,,12,22,34,2,gloss
steady,,,16,18,34,2,gloss
straw,,,21,13,34,2,gloss
supple,,,19,15,34,2,gloss
banner,,,18,15,33,2,gloss
charm,,,13,20,33,2,gloss
comb,,,21,12,33,2,gloss
concern,,,20,13,33,2,gloss
consume,,,18,15,33,2,gloss
decree,,,12,21,33,2,gloss
diagram,,,19,14,33,2,gloss
eyebrow,,,23,10,33,2,gloss
flatter,,,10,23,33,2,gloss
gland,,,23,10,33,2,gloss
idea,miv,idea,13,20,33,2,both
inferior,,,16,17,33,2,gloss
lacking,,,11,22,33,2,gloss
mumble,,,13,20,33,2,gloss
plane,,,18,15,33,2,gloss
scenery,,,22,11,33,2,gloss
severe,,,20,13,33,2,gloss
spit,,,19,14,33,2,gloss
supply,,,16,17,33,2,gloss
tired,,,15,18,33,2,gloss
unrestrained,,,20,13,33,2,gloss
verify,,,20,13,33,2,gloss
win,war,win,17,16,33,2,both
actual,,,17,15,32,2,gloss
ash,prax,ash,21,11,32,2,both
coconut,,,11,21,32,2,gloss
defeat,,,22,10,32,2,gloss
defense,,,19,13,32,2,gloss
esteem,,,18,14,32,2,gloss
forget,nul,forget,18,14,32,2,both
frog,ran,frog,11,21,32,2,both
gathering,,,15,17,32,2,gloss
ginseng,,,18,14,32,2,gloss
hut,,,16,16,32,2,gloss
i,sub,I,17,15,32,2,both
loyalty,,,13,19,32,2,gloss
maternal,,,12,20,32,2,gloss
network,,,21,11,32,2,gloss
note,,,16,16,32,2,gloss
outline,,,19,13,32,2,gloss
plot,,,14,18,32,2,gloss
political,,,19,13,32,2,gloss
port,,,16,16,32,2,gloss
replace,,,22,10,32,2,gloss
stroke,,,13,19,32,2,gloss
tray,,,16,16,32,2,gloss
claw,klan,claw,17,14,31,2,both
crazy,,,10,21,31,2,gloss
fasten,,,13,18,31,2,gloss
ferry,,,20,11,31,2,gloss
festival,,,13,18,31,2,gloss
heap,,,12,19,31,2,gloss
mysterious,,,18,13,31,2,gloss
odd,,,13,18,31,2,gloss
operate,,,21,10,31,2,gloss
pavilion,,,19,12,31,2,gloss
pray,,,15,16,31,2,gloss
proof,,,19,12,31,2,gloss
race,,,13,18,31,2,gloss
ruined,,,17,14,31,2,gloss
script,,,17,14,31,2,gloss
sense,zox,sense,13,18,31,2,both
several,,,21,10,31,2,gloss
subordinate,,,11,20,31,2,gloss
sweep,,,21,10,31,2,gloss
usual,,,13,18,31,2,gloss
vertical,,,21,10,31,2,gloss
vomit,,,13,18,31,2,gloss
yard,,,11,20,31,2,gloss
argument,,,13,17,30,2,gloss
certificate,,,18,12,30,2,gloss
claim,,,17,13,30,2,gloss
coerce,,,13,17,30,2,gloss
commander,,,15,15,30,2,gloss
committee,,,12,18,30,2,gloss
dawn,,,19,11,30,2,gloss
enclose,,,19,11,30,2,gloss
equip,,,19,11,30,2,gloss
exact,,,16,14,30,2,gloss
frontier,,,13,17,30,2,gloss
gain,,,16,14,30,2,gloss
mineral,,,12,18,30,2,gloss
pack,,,20,10,30,2,gloss
pluck,,,17,13,30,2,gloss
plural,,,17,13,30,2,gloss
range,,,15,15,30,2,gloss
seedling,,,19,11,30,2,gloss
space,pas,space,18,12,30,2,both
spoon,,,18,12,30,2,gloss
swelling,,,20,10,30,2,gloss
swim,wum,swim,17,13,30,2,both
under,bet,under,20,10,30,2,both
various,,,20,10,30,2,gloss
arouse,,,18,11,29,2,gloss
basis,,,16,13,29,2,gloss
bathe,,,15,14,29,2,gloss
chapter,,,17,12,29,2,gloss
charge,,,14,15,29,2,gloss
continent,,,10,19,29,2,gloss
cook,kan,cook,18,11,29,2,both
distribute,,,13,16,29,2,gloss
dot,,,11,18,29,2,gloss
fertilizer,,,12,17,29,2,gloss
knowledge,nadj,knowledge,17,12,29,2,both
leopard,,,18,11,29,2,gloss
local,,,18,11,29,2,gloss
magic,,,12,17,29,2,gloss
nimble,,,18,11,29,2,gloss
pillow,,,16,13,29,2,gloss
portion,,,18,11,29,2,gloss
pulse,,,19,10,29,2,gloss
review,,,10,19,29,2,gloss
rob,,,17,12,29,2,gloss
shield,xild,shield,17,12,29,2,both
solitary,,,13,16,29,2,gloss
ashamed,,,16,12,28,2,gloss
balance,,,12,16,28,2,gloss
capacity,,,13,15,28,2,gloss
cheek,,,15,13,28,2,gloss
choke,,,16,12,28,2,gloss
cycle,rol,cycle,16,12,28,2,both
dizzy,,,18,10,28,2,gloss
drunk,,,17,11,28,2,gloss
educate,,,17,11,28,2,gloss
embrace,,,17,11,28,2,gloss
greedy,,,15,13,28,2,gloss
japan,,,16,12,28,2,gloss
lost,,,14,14,28,2,gloss
luck,,,13,15,28,2,gloss
or,xat,or,14,14,28,2,both
organ,lag,organ (body),14,14,28,2,both
peel,,,13,15,28,2,gloss
pinch,,,14,14,28,2,gloss
relative,,,17,11,28,2,gloss
religious,,,12,16,28,2,gloss
sexual,,,16,12,28,2,gloss
stiff,,,13,15,28,2,gloss
taboo,,,10,18,28,2,gloss
tall,tals,tall,18,10,28,2,both
bat,batx,bat,16,11,27,2,both
bond,,,10,17,27,2,gloss
cleanse,,,15,12,27,2,gloss
conceal,,,14,13,27,2,gloss
devil,,,10,17,27,2,gloss
ease,,,15,12,27,2,gloss
expel,,,15,12,27,2,gloss
fort,,,17,10,27,2,gloss
grant,,,15,12,27,2,gloss
jaw,grac,jaw,13,14,27,2,both
merchant,mid,merchant,16,11,27,2,both
natural,,,14,13,27,2,gloss
participate,,,12,15,27,2,gloss
patch,,,16,11,27,2,gloss
photograph,,,16,11,27,2,gloss
postal,,,14,13,27,2,gloss
ruin,,,15,12,27,2,gloss
staff,,,15,12,27,2,gloss
superior,,,17,10,27,2,gloss
tender,,,16,11,27,2,gloss
theory,,,10,17,27,2,gloss
volume,,,16,11,27,2,gloss
vulgar,,,15,12,27,2,gloss
bait,,,12,14,26,2,gloss
behind,,,15,11,26,2,gloss
button,,,15,11,26,2,gloss
consult,,,15,11,26,2,gloss
criticize,,,15,11,26,2,gloss
expense,,,15,11,26,2,gloss
invade,,,16,10,26,2,gloss
obstruct,,,16,10,26,2,gloss
opinion,,,15,11,26,2,gloss
project,,,15,11,26,2,gloss
recite,,,16,10,26,2,gloss
scoop,,,15,11,26,2,gloss
senior,,,12,14,26,2,gloss
spider,ves,spider,14,12,26,2,both
spine,,,14,12,26,2,gloss
splash,,,15,11,26,2,gloss
trough,,,15,11,26,2,gloss
tumor,,,11,15,26,2,gloss
upward,,,13,13,26,2,gloss
usurp,,,16,10,26,2,gloss
apricot,,,11,14,25,2,gloss
attendant,,,10,15,25,2,gloss
chess,,,13,12,25,2,gloss
clumsy,,,14,11,25,2,gloss
contest,,,12,13,25,2,gloss
declare,,,15,10,25,2,gloss
deposit,,,14,11,25,2,gloss
eel,,,15,10,25,2,gloss
epidemic,,,15,10,25,2,gloss
fiber,,,10,15,25,2,gloss
flying,,,15,10,25,2,gloss
gall,,,10,15,25,2,gloss
gambling,,,12,13,25,2,gloss
insult,,,14,11,25,2,gloss
knee,norn,knee,15,10,25,2,both
kneel,,,15,10,25,2,gloss
lesson,,,10,15,25,2,gloss
lung,,,14,11,25,2,gloss
offender,,,14,11,25,2,gloss
pretty,,,14,11,25,2,gloss
rather,,,15,10,25,2,gloss
reserve,,,15,10,25,2,gloss
responsible,,,15,10,25,2,gloss
settled,,,14,11,25,2,gloss
slender,,,15,10,25,2,gloss
structure,,,12,13,25,2,gloss
taro,,,15,10,25,2,gloss
traveler,,,15,10,25,2,gloss
wise,,,14,11,25,2,gloss
blue-green,,,14,10,24,2,gloss
chew,txut,chew,12,12,24,2,both
communicate,,,10,14,24,2,gloss
dharma,,,14,10,24,2,gloss
discipline,,,11,13,24,2,gloss
encourage,,,12,12,24,2,gloss
polish,,,14,10,24,2,gloss
repeated,,,14,10,24,2,gloss
slant,,,13,11,24,2,gloss
some,sorm,some,13,11,24,2,both
stuff,,,12,12,24,2,gloss
subtle,,,12,12,24,2,gloss
vinegar,,,10,14,24,2,gloss
zither,,,13,11,24,2,gloss
attract,,,11,12,23,2,gloss
chop,,,11,12,23,2,gloss
coarse,,,11,12,23,2,gloss
coffin,,,12,11,23,2,gloss
detain,,,12,11,23,2,gloss
forge,,,11,12,23,2,gloss
formula,,,13,10,23,2,gloss
goat,glot,goat,10,13,23,2,both
linger,,,10,13,23,2,gloss
mansion,,,13,10,23,2,gloss
multiple,,,10,13,23,2,gloss
principal,,,11,12,23,2,gloss
prisoner,,,13,10,23,2,gloss
slippery,,,13,10,23,2,gloss
stain,,,11,12,23,2,gloss
warehouse,,,13,10,23,2,gloss
wound,wun,wound,13,10,23,2,both
assess,,,12,10,22,2,gloss
awake,,,12,10,22,2,gloss
cough,,,10,12,22,2,gloss
dare,,,12,10,22,2,gloss
discharge,,,10,12,22,2,gloss
edict,,,12,10,22,2,gloss
escort,,,12,10,22,2,gloss
menstruation,,,10,12,22,2,gloss
occupation,,,11,11,22,2,gloss
snatch,,,11,11,22,2,gloss
struggle,,,12,10,22,2,gloss
swift,,,10,12,22,2,gloss
tighten,,,10,12,22,2,gloss
batch,,,10,11,21,2,gloss
crawl,kik,crawl,11,10,21,2,both
ditch,,,10,11,21,2,gloss
mile,,,10,11,21,2,gloss
mosquito,,,11,10,21,2,gloss
perish,,,11,10,21,2,gloss
pry,,,10,11,21,2,gloss
written,,,10,11,21,2,gloss
chaste,,,10,10,20,2,gloss
criminal,,,10,10,20,2,gloss
meditation,,,10,10,20,2,gloss
mock,,,10,10,20,2,gloss
county,,,162,0,162,1,gloss
eternal,,,0,98,98,1,gloss
plum,,,96,0,96,1,gloss
genus,,,94,0,94,1,gloss
adjectival,,,93,0,93,1,gloss
say,zem,say,80,0,80,1,both
approach,,,78,0,78,1,gloss
account,,,64,0,64,1,gloss
knot,,,63,0,63,1,gloss
phonetic,,,63,0,63,1,gloss
acid,,,62,0,62,1,gloss
suitable,,,60,0,60,1,gloss
favorable,,,0,58,58,1,gloss
vase,,,0,56,56,1,gloss
extend,,,55,0,55,1,gloss
marker,,,55,0,55,1,gloss
car,,,54,0,54,1,gloss
yang,,,0,54,54,1,gloss
hill,cral,hill,53,0,53,1,both
lack,,,52,0,52,1,gloss
citadel,,,0,51,51,1,gloss
china,,,50,0,50,1,gloss
finish,finz,finish,50,0,50,1,both
hemp,,,49,0,49,1,gloss
gram,,,48,0,48,1,gloss
harbor,,,48,0,48,1,gloss
tuber,,,0,47,47,1,gloss
clothes,kof,clothes,46,0,46,1,both
forever,,,45,0,45,1,gloss
ride,rab,ride,45,0,45,1,both
by,baC,by,44,0,44,1,both
ticket,,,44,0,44,1,gloss
vietnamese,,,0,44,44,1,gloss
lofty,,,43,0,43,1,gloss
pale,,,0,43,43,1,gloss
peak,,,43,0,43,1,gloss
crown,,,42,0,42,1,gloss
flourishing,,,42,0,42,1,gloss
dish,,,41,0,41,1,gloss
leather,lon,leather,40,0,40,1,both
because,tuz,because,0,39,39,1,both
fork,,,39,0,39,1,gloss
journey,,,39,0,39,1,gloss
myriad,,,0,39,39,1,gloss
shed,,,39,0,39,1,gloss
substitute,,,39,0,39,1,gloss
answer,kulx,answer,38,0,38,1,both
awkward,,,0,38,38,1,gloss
between,tin,between,38,0,38,1,both
injury,,,38,0,38,1,gloss
metric,,,38,0,38,1,gloss
resemble,,,38,0,38,1,gloss
tread,,,38,0,38,1,gloss
decorate,,,37,0,37,1,gloss
lime,,,0,37,37,1,gloss
pool,,,37,0,37,1,gloss
roof,rub,roof,0,37,37,1,both
assistant,,,0,36,36,1,gloss
deputy,,,0,36,36,1,gloss
dim,,,0,36,36,1,gloss
golden,,,0,36,36,1,gloss
liquor,,,0,36,36,1,gloss
mushroom,xlum,mushroom,36,0,36,1,both
window,wol,window,36,0,36,1,both
fetus,,,0,35,35,1,gloss
sleeve,,,35,0,35,1,gloss
surround,,,35,0,35,1,gloss
wheat,,,35,0,35,1,gloss
abandon,,,34,0,34,1,gloss
currency,,,34,0,34,1,gloss
differ,,,34,0,34,1,gloss
flare,,,0,34,34,1,gloss
plow,,,34,0,34,1,gloss
qin,,,34,0,34,1,gloss
utter,,,0,34,34,1,gloss
deity,,,0,33,33,1,gloss
plough,,,0,33,33,1,gloss
shao,,,0,33,33,1,gloss
storehouse,,,33,0,33,1,gloss
swollen,,,0,33,33,1,gloss
trick,,,0,33,33,1,gloss
distance,corb,distance,32,0,32,1,both
europe,,,32,0,32,1,gloss
fast,fast,fast,32,0,32,1,both
girl,,,32,0,32,1,gloss
individual,,,32,0,32,1,gloss
weed,,,32,0,32,1,gloss
yam,,,0,32,32,1,gloss
allow,,,31,0,31,1,gloss
brilliant,,,31,0,31,1,gloss
courtyard,,,31,0,31,1,gloss
exhaust,,,31,0,31,1,gloss
limp,,,0,31,31,1,gloss
secure,,,31,0,31,1,gloss
wandering,,,0,31,31,1,gloss
wax,,,31,0,31,1,gloss
where,zuk,where,0,31,31,1,both
arise,,,30,0,30,1,gloss
attain,,,0,30,30,1,gloss
blocked,,,0,30,30,1,gloss
colour,,,0,30,30,1,gloss
confucian,,,0,30,30,1,gloss
egret,,,0,30,30,1,gloss
gray,xid,gray,30,0,30,1,both
hong,,,30,0,30,1,gloss
institute,,,0,30,30,1,gloss
no,nop,no,30,0,30,1,both
storm,zom,storm,0,30,30,1,both
wipe,,,30,0,30,1,gloss
crime,ref,crime,29,0,29,1,both
dazed,,,0,29,29,1,gloss
diminutive,,,29,0,29,1,gloss
echo,,,0,29,29,1,gloss
fist,,,29,0,29,1,gloss
glass,kes,glass,0,29,29,1,both
prick,,,29,0,29,1,gloss
slope,,,29,0,29,1,gloss
story,cok,story,0,29,29,1,both
along,,,28,0,28,1,gloss
culture,,,0,28,28,1,gloss
melt,,,28,0,28,1,gloss
numb,,,0,28,28,1,gloss
ocean,vrun,ocean,28,0,28,1,both
pile,,,28,0,28,1,gloss
specie,,,0,28,28,1,gloss
strive,,,28,0,28,1,gloss
alkali,,,27,0,27,1,gloss
although,,,0,27,27,1,gloss
arch,,,27,0,27,1,gloss
beforehand,,,27,0,27,1,gloss
both,,,27,0,27,1,gloss
cavity,,,27,0,27,1,gloss
cell,,,0,27,27,1,gloss
collar,,,27,0,27,1,gloss
crafty,,,27,0,27,1,gloss
dispatch,,,27,0,27,1,gloss
drip,,,27,0,27,1,gloss
freeze,,,27,0,27,1,gloss
jerk,,,0,27,27,1,gloss
learn,lin,learn,27,0,27,1,both
protruding,,,0,27,27,1,gloss
reasoning,,,0,27,27,1,gloss
remote,,,27,0,27,1,gloss
steep,,,27,0,27,1,gloss
tang,,,27,0,27,1,gloss
there,forc,there,0,27,27,1,both
universal,,,27,0,27,1,gloss
benevolence,,,26,0,26,1,gloss
betray,,,0,26,26,1,gloss
broadcast,,,26,0,26,1,gloss
buffalo,,,0,26,26,1,gloss
competition,,,26,0,26,1,gloss
extinguish,,,26,0,26,1,gloss
gem,,,0,26,26,1,gloss
glue,,,26,0,26,1,gloss
goose,,,26,0,26,1,gloss
having,,,0,26,26,1,gloss
mechanism,,,0,26,26,1,gloss
narrate,,,26,0,26,1,gloss
numerous,,,26,0,26,1,gloss
poplar,,,26,0,26,1,gloss
proclaim,,,0,26,26,1,gloss
purchase,,,26,0,26,1,gloss
smash,,,26,0,26,1,gloss
sweat,pim,sweat,26,0,26,1,both
threaten,,,0,26,26,1,gloss
tomorrow,,,0,26,26,1,gloss
weary,,,0,26,26,1,gloss
aircraft,,,25,0,25,1,gloss
bestow,,,25,0,25,1,gloss
clock,klak,clock,25,0,25,1,both
creature,,,0,25,25,1,gloss
deceit,,,0,25,25,1,gloss
detailed,,,25,0,25,1,gloss
exist,,,25,0,25,1,gloss
factory,,,25,0,25,1,gloss
fairy,,,0,25,25,1,gloss
imprint,,,25,0,25,1,gloss
inkstone,,,25,0,25,1,gloss
leap,,,25,0,25,1,gloss
mistake,stek,mistake,25,0,25,1,both
moth,,,25,0,25,1,gloss
mourn,,,25,0,25,1,gloss
oh,,,0,25,25,1,gloss
rent,,,25,0,25,1,gloss
resource,,,25,0,25,1,gloss
scattered,,,25,0,25,1,gloss
spiral,,,25,0,25,1,gloss
sunshine,,,0,25,25,1,gloss
taiwan,,,25,0,25,1,gloss
thai,,,25,0,25,1,gloss
thief,,,25,0,25,1,gloss
toad,,,0,25,25,1,gloss
urinate,,,0,25,25,1,gloss
wei,,,25,0,25,1,gloss
yuan,,,25,0,25,1,gloss
accuse,,,24,0,24,1,gloss
agate,,,24,0,24,1,gloss
bake,,,24,0,24,1,gloss
barrier,,,24,0,24,1,gloss
cunning,,,0,24,24,1,gloss
engage,,,24,0,24,1,gloss
english,,,24,0,24,1,gloss
feed,,,24,0,24,1,gloss
fond,,,0,24,24,1,gloss
format,,,24,0,24,1,gloss
fully,,,24,0,24,1,gloss
gap,cub,gap,24,0,24,1,both
garment,,,0,24,24,1,gloss
heel,,,0,24,24,1,gloss
injure,,,24,0,24,1,gloss
lasting,,,0,24,24,1,gloss
literary,,,0,24,24,1,gloss
native,,,0,24,24,1,gloss
pottery,,,24,0,24,1,gloss
qi,,,24,0,24,1,gloss
recount,,,24,0,24,1,gloss
resounding,,,0,24,24,1,gloss
ripe,,,0,24,24,1,gloss
society,,,24,0,24,1,gloss
whale,fek,whale,24,0,24,1,both
whip,,,24,0,24,1,gloss
able,,,23,0,23,1,gloss
article,,,23,0,23,1,gloss
bath,,,23,0,23,1,gloss
buddhist,,,23,0,23,1,gloss
congratulate,,,23,0,23,1,gloss
deliver,,,23,0,23,1,gloss
earnest,,,23,0,23,1,gloss
edition,,,23,0,23,1,gloss
enough,,,23,0,23,1,gloss
evaluate,,,23,0,23,1,gloss
glide,,,0,23,23,1,gloss
grope,,,0,23,23,1,gloss
jin,,,23,0,23,1,gloss
manure,,,23,0,23,1,gloss
measuring,,,0,23,23,1,gloss
opera,,,23,0,23,1,gloss
rabbit,rud,rabbit,23,0,23,1,both
rampart,,,0,23,23,1,gloss
refine,,,23,0,23,1,gloss
undergo,,,23,0,23,1,gloss
warship,,,23,0,23,1,gloss
adjust,,,22,0,22,1,gloss
appropriate,,,22,0,22,1,gloss
belong,,,22,0,22,1,gloss
bug,,,22,0,22,1,gloss
cliff,kuv,cliff,22,0,22,1,both
coil,,,22,0,22,1,gloss
dye,,,22,0,22,1,gloss
eager,,,0,22,22,1,gloss
eagle,fon,eagle,22,0,22,1,both
fern,,,22,0,22,1,gloss
fog,farg,fog,22,0,22,1,both
forbid,,,0,22,22,1,gloss
frost,,,22,0,22,1,gloss
giant,,,22,0,22,1,gloss
harmonious,,,22,0,22,1,gloss
huge,,,22,0,22,1,gloss
livestock,,,22,0,22,1,gloss
lot,,,0,22,22,1,gloss
luxuriant,,,22,0,22,1,gloss
marry,,,22,0,22,1,gloss
might,,,22,0,22,1,gloss
mist,,,22,0,22,1,gloss
n,,,0,22,22,1,gloss
ox,,,22,0,22,1,gloss
pad,,,22,0,22,1,gloss
pound,,,22,0,22,1,gloss
ton,,,22,0,22,1,gloss
when,win,when,0,22,22,1,both
wu,,,22,0,22,1,gloss
bold,,,0,21,21,1,gloss
bomb,,,0,21,21,1,gloss
clamp,,,21,0,21,1,gloss
comfort,,,21,0,21,1,gloss
communal,,,0,21,21,1,gloss
compensate,,,0,21,21,1,gloss
crystal,,,21,0,21,1,gloss
date,,,21,0,21,1,gloss
deliberate,,,0,21,21,1,gloss
depend,,,21,0,21,1,gloss
every,hez,every,21,0,21,1,both
fermented,,,0,21,21,1,gloss
granary,,,21,0,21,1,gloss
inquire,,,21,0,21,1,gloss
kong,,,21,0,21,1,gloss
mail,,,21,0,21,1,gloss
minor,,,0,21,21,1,gloss
misfortune,,,0,21,21,1,gloss
mottled,,,21,0,21,1,gloss
overall,,,21,0,21,1,gloss
pregnancy,,,21,0,21,1,gloss
rebel,,,21,0,21,1,gloss
reply,,,21,0,21,1,gloss
sever,,,21,0,21,1,gloss
superfluous,,,21,0,21,1,gloss
torment,,,0,21,21,1,gloss
unite,,,0,21,21,1,gloss
wealthy,,,0,21,21,1,gloss
zone,,,21,0,21,1,gloss
admonish,,,20,0,20,1,gloss
and,kon,and,20,0,20,1,both
areca,,,0,20,20,1,gloss
await,,,20,0,20,1,gloss
brave,,,20,0,20,1,gloss
compose,,,20,0,20,1,gloss
craftsman,,,20,0,20,1,gloss
curved,,,0,20,20,1,gloss
dam,,,20,0,20,1,gloss
dipper,,,20,0,20,1,gloss
drooping,,,0,20,20,1,gloss
emit,,,20,0,20,1,gloss
enmity,,,0,20,20,1,gloss
esteemed,,,0,20,20,1,gloss
exam,,,20,0,20,1,gloss
flourish,,,20,0,20,1,gloss
frighten,,,20,0,20,1,gloss
gentleman,,,20,0,20,1,gloss
grip,,,20,0,20,1,gloss
honest,,,20,0,20,1,gloss
mortar,,,0,20,20,1,gloss
relationship,,,20,0,20,1,gloss
riverbank,,,20,0,20,1,gloss
rotate,,,20,0,20,1,gloss
sequence,,,20,0,20,1,gloss
should,,,20,0,20,1,gloss
site,,,20,0,20,1,gloss
skirt,,,20,0,20,1,gloss
slice,,,20,0,20,1,gloss
sore,,,20,0,20,1,gloss
stall,,,20,0,20,1,gloss
steadfast,,,0,20,20,1,gloss
stray,,,0,20,20,1,gloss
suppose,,,0,20,20,1,gloss
tank,,,0,20,20,1,gloss
transliteration,,,20,0,20,1,gloss
zhou,,,20,0,20,1,gloss
a,,,0,19,19,1,gloss
alliance,,,19,0,19,1,gloss
arrogant,,,0,19,19,1,gloss
aspect,,,19,0,19,1,gloss
bay,,,19,0,19,1,gloss
bubble,,,19,0,19,1,gloss
chance,tos,chance,19,0,19,1,both
cicada,,,19,0,19,1,gloss
construct,,,19,0,19,1,gloss
craft,,,0,19,19,1,gloss
crave,,,0,19,19,1,gloss
curl,,,19,0,19,1,gloss
decrease,dal,decrease,19,0,19,1,both
delicate,,,19,0,19,1,gloss
distinguish,,,19,0,19,1,gloss
duckweed,,,0,19,19,1,gloss
dwelling,,,19,0,19,1,gloss
encircle,,,0,19,19,1,gloss
fever,,,0,19,19,1,gloss
forehead,,,19,0,19,1,gloss
glossy,,,0,19,19,1,gloss
guarantee,,,19,0,19,1,gloss
indicate,,,19,0,19,1,gloss
industry,,,19,0,19,1,gloss
injustice,,,19,0,19,1,gloss
japanese,,,19,0,19,1,gloss
juice,,,19,0,19,1,gloss
kernel,,,19,0,19,1,gloss
kick,,,0,19,19,1,gloss
ladle,,,19,0,19,1,gloss
landing,,,0,19,19,1,gloss
limb,larm,limb,19,0,19,1,both
mushy,,,0,19,19,1,gloss
mustard,,,0,19,19,1,gloss
mutter,,,19,0,19,1,gloss
neighbor,narb,neighbor,19,0,19,1,both
oak,,,19,0,19,1,gloss
obscure,,,19,0,19,1,gloss
offspring,,,19,0,19,1,gloss
permit,,,19,0,19,1,gloss
persuade,,,19,0,19,1,gloss
pigeon,,,19,0,19,1,gloss
poem,,,19,0,19,1,gloss
rat,reg,rat,19,0,19,1,both
reflect,,,19,0,19,1,gloss
remainder,,,19,0,19,1,gloss
resolve,,,0,19,19,1,gloss
result,xen,result,0,19,19,1,both
scorn,,,0,19,19,1,gloss
spare,,,19,0,19,1,gloss
spell,,,19,0,19,1,gloss
startle,,,19,0,19,1,gloss
stool,,,19,0,19,1,gloss
sunny,,,19,0,19,1,gloss
temperature,,,19,0,19,1,gloss
tin,,,19,0,19,1,gloss
tremble,,,19,0,19,1,gloss
velvet,,,0,19,19,1,gloss
who,miqk,who,0,19,19,1,both
ache,,,0,18,18,1,gloss
administration,,,0,18,18,1,gloss
also,,,18,0,18,1,gloss
angry,,,0,18,18,1,gloss
antelope,,,18,0,18,1,gloss
anti,,,18,0,18,1,gloss
attached,,,18,0,18,1,gloss
beak,bruk,beak,0,18,18,1,both
beloved,,,0,18,18,1,gloss
bullet,,,18,0,18,1,gloss
candy,,,0,18,18,1,gloss
chestnut,,,18,0,18,1,gloss
commit,,,18,0,18,1,gloss
daughter,bip,daughter,18,0,18,1,both
disk,,,18,0,18,1,gloss
dislike,,,18,0,18,1,gloss
dismiss,,,18,0,18,1,gloss
diva,,,0,18,18,1,gloss
dove,,,0,18,18,1,gloss
entangled,,,0,18,18,1,gloss
fellow,,,0,18,18,1,gloss
fertile,,,18,0,18,1,gloss
focus,kat,focus,18,0,18,1,both
follower,nak,follower,18,0,18,1,both
harmonize,,,18,0,18,1,gloss
hire,,,18,0,18,1,gloss
hybrid,,,0,18,18,1,gloss
involve,,,18,0,18,1,gloss
lady,,,0,18,18,1,gloss
lament,,,0,18,18,1,gloss
lowly,,,0,18,18,1,gloss
neat,,,0,18,18,1,gloss
nuclear,,,18,0,18,1,gloss
oppress,,,0,18,18,1,gloss
overcome,,,18,0,18,1,gloss
overturn,,,18,0,18,1,gloss
pink,,,0,18,18,1,gloss
plead,,,0,18,18,1,gloss
plump,,,0,18,18,1,gloss
pouch,,,18,0,18,1,gloss
revive,,,18,0,18,1,gloss
score,,,18,0,18,1,gloss
seep,,,18,0,18,1,gloss
shy,,,0,18,18,1,gloss
sigh,,,18,0,18,1,gloss
slimy,,,0,18,18,1,gloss
soar,,,18,0,18,1,gloss
supreme,,,0,18,18,1,gloss
syllable,,,18,0,18,1,gloss
tenth,,,18,0,18,1,gloss
tobacco,,,18,0,18,1,gloss
tragic,,,0,18,18,1,gloss
women's,,,18,0,18,1,gloss
afternoon,,,0,17,17,1,gloss
anchor,,,17,0,17,1,gloss
awaken,,,17,0,17,1,gloss
award,,,17,0,17,1,gloss
bald,,,17,0,17,1,gloss
bill,,,17,0,17,1,gloss
bland,,,0,17,17,1,gloss
blunt,,,0,17,17,1,gloss
canopy,,,0,17,17,1,gloss
circuit,,,0,17,17,1,gloss
confine,,,17,0,17,1,gloss
cypress,,,17,0,17,1,gloss
damage,,,17,0,17,1,gloss
domestic,,,17,0,17,1,gloss
era,,,0,17,17,1,gloss
erode,,,17,0,17,1,gloss
european,,,0,17,17,1,gloss
finished,,,0,17,17,1,gloss
fishy,,,0,17,17,1,gloss
fling,,,17,0,17,1,gloss
flour,,,17,0,17,1,gloss
foam,,,0,17,17,1,gloss
friendship,,,17,0,17,1,gloss
gallop,,,17,0,17,1,gloss
gaze,,,17,0,17,1,gloss
greet,vak,greet,0,17,17,1,both
huang,,,17,0,17,1,gloss
ignore,got,ignore,0,17,17,1,both
initial,,,0,17,17,1,gloss
insolent,,,0,17,17,1,gloss
intend,,,0,17,17,1,gloss
joke,djok,joke,0,17,17,1,both
junior,,,0,17,17,1,gloss
korea,,,17,0,17,1,gloss
lion,groq,lion,17,0,17,1,both
mausoleum,,,0,17,17,1,gloss
mole,,,17,0,17,1,gloss
motion,miq,motion,0,17,17,1,both
mugwort,,,17,0,17,1,gloss
ore,,,17,0,17,1,gloss
pear,,,17,0,17,1,gloss
pus,,,17,0,17,1,gloss
rapid,,,17,0,17,1,gloss
residue,,,0,17,17,1,gloss
sage,,,17,0,17,1,gloss
serious,,,17,0,17,1,gloss
shaggy,,,0,17,17,1,gloss
slurry,,,17,0,17,1,gloss
surprise,saz,surprise,17,0,17,1,both
tangled,,,0,17,17,1,gloss
target,,,17,0,17,1,gloss
weasel,,,17,0,17,1,gloss
wen,,,17,0,17,1,gloss
zhao,,,17,0,17,1,gloss
anxious,,,16,0,16,1,gloss
badge,,,16,0,16,1,gloss
berry,,,16,0,16,1,gloss
blank,,,16,0,16,1,gloss
blend,,,16,0,16,1,gloss
broom,,,0,16,16,1,gloss
candle,,,16,0,16,1,gloss
carp,,,16,0,16,1,gloss
ceremonial,,,0,16,16,1,gloss
concubine,,,16,0,16,1,gloss
confuse,wal,confuse,16,0,16,1,both
conical,,,0,16,16,1,gloss
cooperate,,,16,0,16,1,gloss
credit,,,16,0,16,1,gloss
creep,,,0,16,16,1,gloss
defecate,,,0,16,16,1,gloss
dimension,,,0,16,16,1,gloss
doctrine,,,0,16,16,1,gloss
donkey,,,16,0,16,1,gloss
dreg,,,16,0,16,1,gloss
extravagant,,,16,0,16,1,gloss
farmer,naq,farmer,16,0,16,1,both
get,cit,get,16,0,16,1,both
glutinous,,,0,16,16,1,gloss
governess,,,16,0,16,1,gloss
habit,,,0,16,16,1,gloss
here,doz,here,0,16,16,1,both
heron,,,16,0,16,1,gloss
hu,,,16,0,16,1,gloss
illusory,,,0,16,16,1,gloss
indeed,,,0,16,16,1,gloss
internet,,,16,0,16,1,gloss
it,vax,it,16,0,16,1,both
itchy,,,0,16,16,1,gloss
ize,,,0,16,16,1,gloss
kiss,kip,kiss,16,0,16,1,both
kudzu,,,16,0,16,1,gloss
lay,,,16,0,16,1,gloss
mean,,,16,0,16,1,gloss
navigate,,,16,0,16,1,gloss
neglect,,,16,0,16,1,gloss
owe,,,16,0,16,1,gloss
oxygen,,,16,0,16,1,gloss
perch,,,16,0,16,1,gloss
perhaps,,,0,16,16,1,gloss
pity,,,16,0,16,1,gloss
ponder,,,0,16,16,1,gloss
prohibit,,,16,0,16,1,gloss
rack,,,16,0,16,1,gloss
raised,,,0,16,16,1,gloss
ray,,,0,16,16,1,gloss
repeat,vav,repeat,16,0,16,1,both
risk,,,16,0,16,1,gloss
sample,,,16,0,16,1,gloss
shaft,,,16,0,16,1,gloss
sin,,,16,0,16,1,gloss
solicit,,,16,0,16,1,gloss
spicy,,,16,0,16,1,gloss
splendor,,,16,0,16,1,gloss
stingy,,,0,16,16,1,gloss
stir-fry,,,16,0,16,1,gloss
stuck,,,0,16,16,1,gloss
text,tox,text,16,0,16,1,both
third,,,16,0,16,1,gloss
throne,,,0,16,16,1,gloss
thud,,,0,16,16,1,gloss
vague,,,16,0,16,1,gloss
vow,,,0,16,16,1,gloss
warrior,,,0,16,16,1,gloss
wither,,,16,0,16,1,gloss
within,,,16,0,16,1,gloss
wronged,,,0,16,16,1,gloss
adhere,,,15,0,15,1,gloss
alarm,,,15,0,15,1,gloss
armpit,,,0,15,15,1,gloss
auxiliary,,,0,15,15,1,gloss
aware,,,0,15,15,1,gloss
axle,,,15,0,15,1,gloss
beside,sadj,beside,0,15,15,1,both
betel,,,0,15,15,1,gloss
blanket,tiv,blanket,0,15,15,1,both
boom,,,0,15,15,1,gloss
boy,,,0,15,15,1,gloss
breathe,sar,breathe,0,15,15,1,both
cabin,,,15,0,15,1,gloss
capable,,,0,15,15,1,gloss
charcoal,,,15,0,15,1,gloss
chemical,,,0,15,15,1,gloss
chu,,,0,15,15,1,gloss
cinnabar,,,15,0,15,1,gloss
clay,mal,clay,15,0,15,1,both
club,,,15,0,15,1,gloss
complement,,,15,0,15,1,gloss
cormorant,,,0,15,15,1,gloss
destiny,,,0,15,15,1,gloss
dose,,,15,0,15,1,gloss
duke,,,0,15,15,1,gloss
encroach,,,0,15,15,1,gloss
entire,,,0,15,15,1,gloss
envy,,,0,15,15,1,gloss
exhausted,,,0,15,15,1,gloss
fishing,,,15,0,15,1,gloss
funeral,,,15,0,15,1,gloss
gong,,,0,15,15,1,gloss
hawk,,,15,0,15,1,gloss
inherit,,,15,0,15,1,gloss
inject,,,0,15,15,1,gloss
itch,,,15,0,15,1,gloss
link,,,15,0,15,1,gloss
longing,,,0,15,15,1,gloss
loosen,,,15,0,15,1,gloss
lush,,,15,0,15,1,gloss
mango,,,0,15,15,1,gloss
momentum,,,0,15,15,1,gloss
my,,,15,0,15,1,gloss
next,fid,next,15,0,15,1,both
nucleus,,,15,0,15,1,gloss
offset,,,15,0,15,1,gloss
organize,,,15,0,15,1,gloss
paddy,,,0,15,15,1,gloss
paired,,,15,0,15,1,gloss
patty,,,0,15,15,1,gloss
peek,,,0,15,15,1,gloss
penetrate,,,15,0,15,1,gloss
phosphorus,,,15,0,15,1,gloss
place-name,,,15,0,15,1,gloss
plug,,,15,0,15,1,gloss
pocket,gop,pocket,0,15,15,1,both
poke,,,0,15,15,1,gloss
previous,daf,previous,15,0,15,1,both
punch,,,0,15,15,1,gloss
quarter,,,15,0,15,1,gloss
random,,,0,15,15,1,gloss
ready,,,0,15,15,1,gloss
refuse,,,15,0,15,1,gloss
rein,,,15,0,15,1,gloss
resound,,,0,15,15,1,gloss
rod,,,15,0,15,1,gloss
sabre,,,0,15,15,1,gloss
satisfied,,,0,15,15,1,gloss
scar,,,15,0,15,1,gloss
secluded,,,15,0,15,1,gloss
shovel,yol,shovel,15,0,15,1,both
sichuan,,,15,0,15,1,gloss
silicon,,,15,0,15,1,gloss
sister-in-law,,,15,0,15,1,gloss
skilled,,,0,15,15,1,gloss
stable,,,15,0,15,1,gloss
tablet,,,15,0,15,1,gloss
tai,,,0,15,15,1,gloss
temper,,,15,0,15,1,gloss
they,pem,they,0,15,15,1,both
toilet,,,15,0,15,1,gloss
trim,,,0,15,15,1,gloss
ugly,,,15,0,15,1,gloss
unfinished,,,0,15,15,1,gloss
unusual,,,15,0,15,1,gloss
valve,,,15,0,15,1,gloss
want,want,want,15,0,15,1,both
wasp,,,15,0,15,1,gloss
week,wek,week,15,0,15,1,both
wrist,,,15,0,15,1,gloss
yan,,,15,0,15,1,gloss
abdomen,,,14,0,14,1,gloss
acute,,,14,0,14,1,gloss
agricultural,,,0,14,14,1,gloss
algae,,,14,0,14,1,gloss
alive,,,14,0,14,1,gloss
alley,,,0,14,14,1,gloss
allocate,,,14,0,14,1,gloss
appraise,,,14,0,14,1,gloss
askew,,,0,14,14,1,gloss
aviation,,,14,0,14,1,gloss
bosom,,,14,0,14,1,gloss
burden,,,14,0,14,1,gloss
c,,,0,14,14,1,gloss
carbon,,,14,0,14,1,gloss
catalpa,,,14,0,14,1,gloss
chat,,,14,0,14,1,gloss
circulate,,,14,0,14,1,gloss
compassion,,,0,14,14,1,gloss
concave,,,14,0,14,1,gloss
confer,,,0,14,14,1,gloss
connected,,,14,0,14,1,gloss
cricket,,,14,0,14,1,gloss
diagonal,,,0,14,14,1,gloss
droop,,,0,14,14,1,gloss
engrave,,,14,0,14,1,gloss
enlighten,,,14,0,14,1,gloss
excess,,,14,0,14,1,gloss
excrement,,,0,14,14,1,gloss
expedition,,,14,0,14,1,gloss
fade,,,0,14,14,1,gloss
fart,,,14,0,14,1,gloss
fifth,,,14,0,14,1,gloss
firecracker,,,0,14,14,1,gloss
forbidden,,,0,14,14,1,gloss
fry,,,14,0,14,1,gloss
gear,,,14,0,14,1,gloss
ginger,,,14,0,14,1,gloss
guang,,,14,0,14,1,gloss
halberd,,,14,0,14,1,gloss
helmet,,,14,0,14,1,gloss
hunan,,,14,0,14,1,gloss
hurt,xam,hurt,14,0,14,1,both
include,,,14,0,14,1,gloss
indigo,,,14,0,14,1,gloss
intimate,,,14,0,14,1,gloss
ivory,,,0,14,14,1,gloss
laborer,,,0,14,14,1,gloss
leftover,,,14,0,14,1,gloss
lend,,,14,0,14,1,gloss
lodge,,,14,0,14,1,gloss
lust,,,0,14,14,1,gloss
makeup,,,14,0,14,1,gloss
marvellous,,,0,14,14,1,gloss
mass,,,0,14,14,1,gloss
mount,,,14,0,14,1,gloss
oath,,,0,14,14,1,gloss
own,baq,own,14,0,14,1,both
patterned,,,14,0,14,1,gloss
permission,,,0,14,14,1,gloss
piety,,,0,14,14,1,gloss
porcelain,,,14,0,14,1,gloss
pounce,,,14,0,14,1,gloss
printing,,,14,0,14,1,gloss
publish,,,14,0,14,1,gloss
recover,,,14,0,14,1,gloss
remit,,,14,0,14,1,gloss
revere,,,0,14,14,1,gloss
revolve,,,14,0,14,1,gloss
rudder,,,14,0,14,1,gloss
sandalwood,,,14,0,14,1,gloss
sausage,,,0,14,14,1,gloss
scripture,,,14,0,14,1,gloss
sibling,,,0,14,14,1,gloss
smear,,,14,0,14,1,gloss
sole,,,14,0,14,1,gloss
spray,,,14,0,14,1,gloss
spy,,,14,0,14,1,gloss
stride,,,14,0,14,1,gloss
submerged,,,0,14,14,1,gloss
suit,,,0,14,14,1,gloss
sure,,,0,14,14,1,gloss
tilted,,,0,14,14,1,gloss
tolerate,,,0,14,14,1,gloss
trial,,,14,0,14,1,gloss
uncover,,,14,0,14,1,gloss
unfold,,,14,0,14,1,gloss
universe,,,14,0,14,1,gloss
version,,,0,14,14,1,gloss
why,wan,why,0,14,14,1,both
wriggle,,,0,14,14,1,gloss
wrinkled,,,0,14,14,1,gloss
yin,,,14,0,14,1,gloss
abuse,,,13,0,13,1,gloss
accommodate,,,13,0,13,1,gloss
admit,,,0,13,13,1,gloss
advise,,,0,13,13,1,gloss
agent,,,0,13,13,1,gloss
always,hoz,always,13,0,13,1,both
american,,,13,0,13,1,gloss
amine,,,13,0,13,1,gloss
ammunition,,,0,13,13,1,gloss
ardent,,,0,13,13,1,gloss
aside,,,13,0,13,1,gloss
bid,,,13,0,13,1,gloss
blink,,,0,13,13,1,gloss
blister,,,13,0,13,1,gloss
boast,,,13,0,13,1,gloss
bunting,,,13,0,13,1,gloss
canon,,,13,0,13,1,gloss
caught,,,0,13,13,1,gloss
cheap,,,0,13,13,1,gloss
chisel,,,13,0,13,1,gloss
civet,,,0,13,13,1,gloss
clause,,,13,0,13,1,gloss
commune,,,0,13,13,1,gloss
convey,,,13,0,13,1,gloss
corridor,,,13,0,13,1,gloss
courtesy,,,13,0,13,1,gloss
crushed,,,0,13,13,1,gloss
dazzled,,,0,13,13,1,gloss
deal,,,13,0,13,1,gloss
deduct,,,13,0,13,1,gloss
delegate,,,0,13,13,1,gloss
descendant,,,13,0,13,1,gloss
desk,,,13,0,13,1,gloss
domain,,,0,13,13,1,gloss
drug,som,drug,13,0,13,1,both
du,,,13,0,13,1,gloss
dwell,,,13,0,13,1,gloss
elm,,,13,0,13,1,gloss
exert,,,13,0,13,1,gloss
exhibit,,,13,0,13,1,gloss
faith,,,0,13,13,1,gloss
find,fan,find,13,0,13,1,both
flatworm,,,0,13,13,1,gloss
flea,,,13,0,13,1,gloss
flog,,,13,0,13,1,gloss
garlic,,,13,0,13,1,gloss
gauze,,,13,0,13,1,gloss
generous,,,0,13,13,1,gloss
glare,,,0,13,13,1,gloss
haze,,,13,0,13,1,gloss
illicit,,,0,13,13,1,gloss
infatuated,,,0,13,13,1,gloss
initiate,,,0,13,13,1,gloss
integrity,,,0,13,13,1,gloss
judgment,,,13,0,13,1,gloss
jujube,,,13,0,13,1,gloss
ketone,,,13,0,13,1,gloss
laughter,,,13,0,13,1,gloss
lessen,,,0,13,13,1,gloss
liao,,,13,0,13,1,gloss
liu,,,13,0,13,1,gloss
majestic,,,0,13,13,1,gloss
map,map,map,13,0,13,1,both
multiply,,,13,0,13,1,gloss
mute,,,13,0,13,1,gloss
notice,nas,notice,13,0,13,1,both
obedient,,,13,0,13,1,gloss
omit,,,13,0,13,1,gloss
onion,,,0,13,13,1,gloss
outskirt,,,13,0,13,1,gloss
oyster,,,13,0,13,1,gloss
paralysis,,,13,0,13,1,gloss
pleasant,,,13,0,13,1,gloss
pleat,,,13,0,13,1,gloss
prior,,,0,13,13,1,gloss
prominent,,,13,0,13,1,gloss
protective,,,13,0,13,1,gloss
puff,,,0,13,13,1,gloss
pump,,,13,0,13,1,gloss
puppet,,,0,13,13,1,gloss
qing,,,13,0,13,1,gloss
radiate,,,0,13,13,1,gloss
rainbow,,,13,0,13,1,gloss
reckless,,,13,0,13,1,gloss
recommend,,,13,0,13,1,gloss
reproach,,,13,0,13,1,gloss
retire,,,0,13,13,1,gloss
rhythm,,,0,13,13,1,gloss
ridicule,,,13,0,13,1,gloss
rinse,,,13,0,13,1,gloss
rust,,,0,13,13,1,gloss
science,,,13,0,13,1,gloss
sluggish,,,0,13,13,1,gloss
smudged,,,0,13,13,1,gloss
snipe,,,13,0,13,1,gloss
squat,,,13,0,13,1,gloss
stab,,,13,0,13,1,gloss
startled,,,0,13,13,1,gloss
stature,,,0,13,13,1,gloss
strain,,,0,13,13,1,gloss
ten-day,,,13,0,13,1,gloss
thanks,,,13,0,13,1,gloss
throughout,,,13,0,13,1,gloss
tomb,,,13,0,13,1,gloss
tr,,,0,13,13,1,gloss
trash,,,0,13,13,1,gloss
venom,,,0,13,13,1,gloss
wail,,,13,0,13,1,gloss
weighty,,,13,0,13,1,gloss
whistle,,,13,0,13,1,gloss
yue,,,13,0,13,1,gloss
zero,han,zero,13,0,13,1,both
abyss,,,12,0,12,1,gloss
additional,,,0,12,12,1,gloss
affected,,,0,12,12,1,gloss
ahead,,,12,0,12,1,gloss
aim,,,0,12,12,1,gloss
alternate,,,12,0,12,1,gloss
approximate,,,0,12,12,1,gloss
arc,,,12,0,12,1,gloss
arena,,,12,0,12,1,gloss
bird-name,,,0,12,12,1,gloss
blur,,,0,12,12,1,gloss
bolt,,,12,0,12,1,gloss
booklet,,,12,0,12,1,gloss
boot,,,12,0,12,1,gloss
bored,,,0,12,12,1,gloss
born,,,12,0,12,1,gloss
brake,,,12,0,12,1,gloss
buttock,,,12,0,12,1,gloss
cable,,,12,0,12,1,gloss
cancel,,,12,0,12,1,gloss
cap,,,12,0,12,1,gloss
career,,,0,12,12,1,gloss
cart,,,12,0,12,1,gloss
cheat,,,12,0,12,1,gloss
chirp,,,12,0,12,1,gloss
chlorine,,,12,0,12,1,gloss
clamor,,,12,0,12,1,gloss
compound,,,12,0,12,1,gloss
cottage,,,12,0,12,1,gloss
covering,,,12,0,12,1,gloss
crash,,,12,0,12,1,gloss
cuisine,,,12,0,12,1,gloss
dad,,,12,0,12,1,gloss
defraud,,,12,0,12,1,gloss
despise,,,0,12,12,1,gloss
diagnose,,,12,0,12,1,gloss
dip,,,0,12,12,1,gloss
disc,,,12,0,12,1,gloss
disgrace,,,12,0,12,1,gloss
disobey,,,12,0,12,1,gloss
dispute,,,12,0,12,1,gloss
dominate,,,12,0,12,1,gloss
edit,,,12,0,12,1,gloss
enclosure,,,12,0,12,1,gloss
enterprise,,,12,0,12,1,gloss
everywhere,,,12,0,12,1,gloss
exclude,,,12,0,12,1,gloss
execute,,,12,0,12,1,gloss
exempt,,,0,12,12,1,gloss
extraordinary,,,0,12,12,1,gloss
face-up,,,0,12,12,1,gloss
fail,,,12,0,12,1,gloss
fake,,,12,0,12,1,gloss
farm,nuz,farm,12,0,12,1,both
finance,,,12,0,12,1,gloss
fir,,,12,0,12,1,gloss
flooded,,,0,12,12,1,gloss
following,,,0,12,12,1,gloss
fortunate,,,12,0,12,1,gloss
fur,,,12,0,12,1,gloss
groove,,,12,0,12,1,gloss
growth,,,0,12,12,1,gloss
handsome,,,0,12,12,1,gloss
harrow,,,0,12,12,1,gloss
harvest,fix,harvest,0,12,12,1,both
hearing,,,12,0,12,1,gloss
hesitant,,,0,12,12,1,gloss
hoop,,,12,0,12,1,gloss
ignorant,,,12,0,12,1,gloss
implement,,,12,0,12,1,gloss
india,,,12,0,12,1,gloss
indifferent,,,0,12,12,1,gloss
indignation,,,0,12,12,1,gloss
irrigate,,,12,0,12,1,gloss
job,goq,job,12,0,12,1,both
lantern,,,12,0,12,1,gloss
lao,,,0,12,12,1,gloss
length,hok,length,12,0,12,1,both
levy,,,12,0,12,1,gloss
liang,,,0,12,12,1,gloss
mandarin,,,12,0,12,1,gloss
manufacture,,,12,0,12,1,gloss
melody,,,0,12,12,1,gloss
millet,,,12,0,12,1,gloss
moisten,,,12,0,12,1,gloss
monster,,,12,0,12,1,gloss
moss,magz,moss,12,0,12,1,both
must,mat,must,12,0,12,1,both
negative,,,12,0,12,1,gloss
nonsense,,,0,12,12,1,gloss
overstep,,,12,0,12,1,gloss
panel,,,0,12,12,1,gloss
pant,veb,pants,12,0,12,1,both
passage,,,12,0,12,1,gloss
passenger,,,12,0,12,1,gloss
phase,,,12,0,12,1,gloss
piercing,,,0,12,12,1,gloss
pleased,,,12,0,12,1,gloss
possess,,,12,0,12,1,gloss
prince,,,0,12,12,1,gloss
pu,,,12,0,12,1,gloss
reading,,,12,0,12,1,gloss
refer,,,12,0,12,1,gloss
regular,,,12,0,12,1,gloss
revise,,,12,0,12,1,gloss
ringworm,,,12,0,12,1,gloss
roller,,,12,0,12,1,gloss
romantic,,,0,12,12,1,gloss
rugged,,,12,0,12,1,gloss
sack,,,12,0,12,1,gloss
scallion,,,12,0,12,1,gloss
scream,,,0,12,12,1,gloss
scroll,,,12,0,12,1,gloss
seam,,,12,0,12,1,gloss
sect,,,0,12,12,1,gloss
sedge,,,12,0,12,1,gloss
seem,zim,seem,12,0,12,1,both
seventh,,,12,0,12,1,gloss
shanghai,,,12,0,12,1,gloss
shortened,,,0,12,12,1,gloss
shrine,,,0,12,12,1,gloss
sight,,,12,0,12,1,gloss
sinew,,,12,0,12,1,gloss
slap,,,0,12,12,1,gloss
smelly,,,0,12,12,1,gloss
solemn,,,12,0,12,1,gloss
soothe,,,0,12,12,1,gloss
spike,,,0,12,12,1,gloss
splendid,,,12,0,12,1,gloss
spoil,,,12,0,12,1,gloss
squirrel,,,0,12,12,1,gloss
strap,,,0,12,12,1,gloss
stratagem,,,0,12,12,1,gloss
sufficient,,,0,12,12,1,gloss
t,,,0,12,12,1,gloss
tame,,,12,0,12,1,gloss
temperament,,,0,12,12,1,gloss
tend,,,12,0,12,1,gloss
till,,,12,0,12,1,gloss
tire,,,12,0,12,1,gloss
torn,,,0,12,12,1,gloss
umbrella,,,12,0,12,1,gloss
venue,,,12,0,12,1,gloss
verse,,,0,12,12,1,gloss
vital,,,0,12,12,1,gloss
warmth,,,12,0,12,1,gloss
warn,vic,warn,12,0,12,1,both
wasted,,,0,12,12,1,gloss
weapon,nev,weapon,12,0,12,1,both
weigh,,,12,0,12,1,gloss
widow,,,12,0,12,1,gloss
xia,,,12,0,12,1,gloss
yu,,,12,0,12,1,gloss
about,,,11,0,11,1,gloss
accustomed,,,0,11,11,1,gloss
actor,,,11,0,11,1,gloss
aldehyde,,,11,0,11,1,gloss
alkene,,,11,0,11,1,gloss
ammonia,,,11,0,11,1,gloss
appreciate,,,11,0,11,1,gloss
attribute,,,0,11,11,1,gloss
ba,,,11,0,11,1,gloss
ban,,,11,0,11,1,gloss
bark,,,11,0,11,1,gloss
barrel,,,11,0,11,1,gloss
beast,bist,beast,11,0,11,1,both
beer,,,0,11,11,1,gloss
biography,,,11,0,11,1,gloss
bravery,,,0,11,11,1,gloss
bureau,,,11,0,11,1,gloss
burning,,,0,11,11,1,gloss
burnt,,,0,11,11,1,gloss
cancer,,,11,0,11,1,gloss
cease,,,0,11,11,1,gloss
celery,,,11,0,11,1,gloss
challenge,,,0,11,11,1,gloss
chant,,,11,0,11,1,gloss
charming,,,11,0,11,1,gloss
chatter,,,11,0,11,1,gloss
childbirth,,,11,0,11,1,gloss
cigarette,,,11,0,11,1,gloss
coat,yul,coat,0,11,11,1,both
cod,,,11,0,11,1,gloss
coin,,,11,0,11,1,gloss
combat,,,0,11,11,1,gloss
comfortable,,,11,0,11,1,gloss
company,,,11,0,11,1,gloss
congee,,,0,11,11,1,gloss
contend,,,11,0,11,1,gloss
cooked,,,0,11,11,1,gloss
corn,,,0,11,11,1,gloss
counterfeit,,,11,0,11,1,gloss
cream,,,0,11,11,1,gloss
crease,,,11,0,11,1,gloss
crude,,,0,11,11,1,gloss
crumb,,,0,11,11,1,gloss
crush,kok,crush,11,0,11,1,both
deaf,,,11,0,11,1,gloss
deed,,,11,0,11,1,gloss
deny,,,0,11,11,1,gloss
deserted,,,0,11,11,1,gloss
deviated,,,0,11,11,1,gloss
dirt,,,11,0,11,1,gloss
distinct,,,0,11,11,1,gloss
eighth,,,11,0,11,1,gloss
endow,,,0,11,11,1,gloss
enzyme,,,11,0,11,1,gloss
evade,,,11,0,11,1,gloss
exile,,,0,11,11,1,gloss
fair,wug,fair,11,0,11,1,both
feces,,,11,0,11,1,gloss
ferocious,,,0,11,11,1,gloss
fin,,,11,0,11,1,gloss
flatfish,,,11,0,11,1,gloss
flutter,,,0,11,11,1,gloss
fragment,,,0,11,11,1,gloss
frightening,,,0,11,11,1,gloss
function,,,0,11,11,1,gloss
glean,,,0,11,11,1,gloss
grey,,,0,11,11,1,gloss
grief,,,11,0,11,1,gloss
gull,,,11,0,11,1,gloss
gut,gut,gut,0,11,11,1,both
halt,,,0,11,11,1,gloss
hatred,,,11,0,11,1,gloss
health,fuq,health,11,0,11,1,both
higher,,,11,0,11,1,gloss
hoof,,,11,0,11,1,gloss
humiliate,,,0,11,11,1,gloss
hunched,,,0,11,11,1,gloss
hurried,,,11,0,11,1,gloss
immediate,,,11,0,11,1,gloss
inch,,,11,0,11,1,gloss
infect,,,0,11,11,1,gloss
information,,,11,0,11,1,gloss
inlay,,,11,0,11,1,gloss
instant,,,11,0,11,1,gloss
intercept,,,11,0,11,1,gloss
interpret,,,11,0,11,1,gloss
jackfruit,,,0,11,11,1,gloss
jing,,,11,0,11,1,gloss
karma,,,0,11,11,1,gloss
kerchief,,,11,0,11,1,gloss
korean,,,11,0,11,1,gloss
lease,,,11,0,11,1,gloss
loan,,,11,0,11,1,gloss
loop,,,11,0,11,1,gloss
magnificent,,,11,0,11,1,gloss
methyl,,,11,0,11,1,gloss
mild,,,11,0,11,1,gloss
milli,,,11,0,11,1,gloss
ministry,,,0,11,11,1,gloss
missed,,,0,11,11,1,gloss
moisture,,,11,0,11,1,gloss
muddled,,,11,0,11,1,gloss
naive,,,0,11,11,1,gloss
ninth,,,11,0,11,1,gloss
nod,,,0,11,11,1,gloss
noise,,,0,11,11,1,gloss
non,,,0,11,11,1,gloss
opposing,,,11,0,11,1,gloss
ordinal,,,0,11,11,1,gloss
ornament,,,11,0,11,1,gloss
orphaned,,,0,11,11,1,gloss
overseer,,,0,11,11,1,gloss
parrot,,,0,11,11,1,gloss
pellet,,,11,0,11,1,gloss
pestle,,,0,11,11,1,gloss
please,,,11,0,11,1,gloss
pledge,,,0,11,11,1,gloss
plunder,,,11,0,11,1,gloss
pungent,,,0,11,11,1,gloss
quarrel,,,11,0,11,1,gloss
raft,,,0,11,11,1,gloss
ravine,,,11,0,11,1,gloss
recent,,,11,0,11,1,gloss
refute,,,11,0,11,1,gloss
remind,,,0,11,11,1,gloss
research,,,11,0,11,1,gloss
residual,,,0,11,11,1,gloss
ribbon,,,11,0,11,1,gloss
riddle,,,11,0,11,1,gloss
roar,,,0,11,11,1,gloss
romance,,,0,11,11,1,gloss
royal,,,0,11,11,1,gloss
rumble,,,0,11,11,1,gloss
saint,,,0,11,11,1,gloss
saying,,,11,0,11,1,gloss
semi,,,0,11,11,1,gloss
shared,,,0,11,11,1,gloss
shave,,,11,0,11,1,gloss
shuttle,,,11,0,11,1,gloss
shuttlecock,,,0,11,11,1,gloss
sixth,,,11,0,11,1,gloss
slanting,,,11,0,11,1,gloss
slaughter,,,11,0,11,1,gloss
smelt,,,11,0,11,1,gloss
solution,,,0,11,11,1,gloss
spinning,,,0,11,11,1,gloss
stagger,,,11,0,11,1,gloss
stamen,,,0,11,11,1,gloss
status,,,0,11,11,1,gloss
stern,,,11,0,11,1,gloss
strangle,,,11,0,11,1,gloss
stubble,,,11,0,11,1,gloss
stunned,,,0,11,11,1,gloss
sub,,,11,0,11,1,gloss
successive,,,11,0,11,1,gloss
sulfur,,,11,0,11,1,gloss
sulk,,,0,11,11,1,gloss
summit,,,0,11,11,1,gloss
the,,,0,11,11,1,gloss
trunk,,,0,11,11,1,gloss
underworld,,,11,0,11,1,gloss
unfamiliar,,,11,0,11,1,gloss
vigor,,,11,0,11,1,gloss
wart,,,11,0,11,1,gloss
weep,,,11,0,11,1,gloss
weld,,,11,0,11,1,gloss
widowed,,,0,11,11,1,gloss
winding,,,11,0,11,1,gloss
xiang,,,11,0,11,1,gloss
yarn,,,11,0,11,1,gloss
yearn,,,11,0,11,1,gloss
absent,,,0,10,10,1,gloss
abstain,,,10,0,10,1,gloss
acknowledge,,,10,0,10,1,gloss
action,,,10,0,10,1,gloss
adoptive,,,10,0,10,1,gloss
agriculture,,,10,0,10,1,gloss
amaranth,,,0,10,10,1,gloss
ankle,,,10,0,10,1,gloss
anniversary,,,0,10,10,1,gloss
ape,,,10,0,10,1,gloss
appeal,,,10,0,10,1,gloss
array,,,10,0,10,1,gloss
askance,,,10,0,10,1,gloss
axe,kuq,axe,10,0,10,1,both
baby,beb,baby,10,0,10,1,both
background,,,0,10,10,1,gloss
barbarian,,,10,0,10,1,gloss
beef,,,0,10,10,1,gloss
beijing,,,10,0,10,1,gloss
bewildered,,,0,10,10,1,gloss
blacken,,,10,0,10,1,gloss
bob,,,0,10,10,1,gloss
bother,,,10,0,10,1,gloss
braise,,,10,0,10,1,gloss
bucket,,,10,0,10,1,gloss
camel,,,10,0,10,1,gloss
canal,,,10,0,10,1,gloss
cash,,,10,0,10,1,gloss
cassava,,,0,10,10,1,gloss
cautious,,,10,0,10,1,gloss
cherry,,,10,0,10,1,gloss
cite,,,10,0,10,1,gloss
clang,,,10,0,10,1,gloss
click,,,10,0,10,1,gloss
colored,,,10,0,10,1,gloss
commentary,,,10,0,10,1,gloss
confess,,,0,10,10,1,gloss
consort,,,0,10,10,1,gloss
conversation,,,0,10,10,1,gloss
convex,,,10,0,10,1,gloss
countryside,,,10,0,10,1,gloss
courtier,,,10,0,10,1,gloss
creek,,,0,10,10,1,gloss
crest,,,0,10,10,1,gloss
cushion,,,0,10,10,1,gloss
damp,,,0,10,10,1,gloss
decisive,,,10,0,10,1,gloss
deficient,,,0,10,10,1,gloss
delete,,,10,0,10,1,gloss
denounce,,,0,10,10,1,gloss
devote,,,10,0,10,1,gloss
difficulty,,,10,0,10,1,gloss
discourse,,,0,10,10,1,gloss
disposition,,,0,10,10,1,gloss
distress,,,10,0,10,1,gloss
donate,,,10,0,10,1,gloss
drain,,,10,0,10,1,gloss
drape,,,10,0,10,1,gloss
dysentery,,,0,10,10,1,gloss
earn,,,10,0,10,1,gloss
elbow,holv,elbow,10,0,10,1,both
entertain,,,0,10,10,1,gloss
erase,,,0,10,10,1,gloss
excel,,,10,0,10,1,gloss
experienced,,,0,10,10,1,gloss
farewell,,,10,0,10,1,gloss
file,,,10,0,10,1,gloss
flabby,,,0,10,10,1,gloss
forth,,,0,10,10,1,gloss
frugal,,,10,0,10,1,gloss
gaping,,,0,10,10,1,gloss
gnaw,,,0,10,10,1,gloss
grandfather,,,10,0,10,1,gloss
grandmother,,,10,0,10,1,gloss
hanging,,,10,0,10,1,gloss
harass,,,0,10,10,1,gloss
herd,,,10,0,10,1,gloss
hero,,,0,10,10,1,gloss
hometown,,,10,0,10,1,gloss
honorable,,,10,0,10,1,gloss
huai,,,10,0,10,1,gloss
husk,,,10,0,10,1,gloss
illusion,,,10,0,10,1,gloss
incite,,,10,0,10,1,gloss
induce,,,10,0,10,1,gloss
innate,,,0,10,10,1,gloss
inscribe,,,10,0,10,1,gloss
inspiration,,,0,10,10,1,gloss
intensifier,,,0,10,10,1,gloss
intercourse,,,10,0,10,1,gloss
intersect,,,10,0,10,1,gloss
justice,,,10,0,10,1,gloss
kite,,,0,10,10,1,gloss
l,,,0,10,10,1,gloss
legal,,,10,0,10,1,gloss
lever,,,0,10,10,1,gloss
liter,,,10,0,10,1,gloss
lizard,zart,lizard,10,0,10,1,both
loft,,,0,10,10,1,gloss
loincloth,,,0,10,10,1,gloss
major,,,10,0,10,1,gloss
manuscript,,,0,10,10,1,gloss
mast,,,10,0,10,1,gloss
matchmaker,,,10,0,10,1,gloss
memorial,,,10,0,10,1,gloss
mention,,,10,0,10,1,gloss
million,,,0,10,10,1,gloss
ming,,,10,0,10,1,gloss
mistaken,,,0,10,10,1,gloss
moreover,,,10,0,10,1,gloss
nominalizer,,,0,10,10,1,gloss
normal,,,10,0,10,1,gloss
omen,,,10,0,10,1,gloss
our,,,0,10,10,1,gloss
package,,,0,10,10,1,gloss
parallel,,,0,10,10,1,gloss
parent,sas,parent,10,0,10,1,both
passive,,,10,0,10,1,gloss
pause,,,10,0,10,1,gloss
peasant,,,10,0,10,1,gloss
performer,,,0,10,10,1,gloss
personnel,,,10,0,10,1,gloss
pin,,,10,0,10,1,gloss
pleasing,,,0,10,10,1,gloss
pointed,,,10,0,10,1,gloss
politics,,,10,0,10,1,gloss
popular,,,10,0,10,1,gloss
positive,,,10,0,10,1,gloss
preliminary,,,0,10,10,1,gloss
rebellion,,,0,10,10,1,gloss
reef,,,10,0,10,1,gloss
renew,,,10,0,10,1,gloss
resin,,,0,10,10,1,gloss
retrieve,,,10,0,10,1,gloss
rubber,,,10,0,10,1,gloss
rustic,,,0,10,10,1,gloss
salty,fos,salty,0,10,10,1,both
satin,,,10,0,10,1,gloss
shang,,,10,0,10,1,gloss
shark,kax,shark,10,0,10,1,both
sheath,,,10,0,10,1,gloss
sieve,,,0,10,10,1,gloss
silly,,,0,10,10,1,gloss
slanted,,,0,10,10,1,gloss
sneak,,,0,10,10,1,gloss
soap,soz,soap,10,0,10,1,both
soothing,,,0,10,10,1,gloss
sparrow,,,10,0,10,1,gloss
sparse,,,10,0,10,1,gloss
specialist,,,0,10,10,1,gloss
squad,,,10,0,10,1,gloss
squint,,,0,10,10,1,gloss
stack,,,0,10,10,1,gloss
standing,,,10,0,10,1,gloss
stare,,,10,0,10,1,gloss
steer,,,0,10,10,1,gloss
stele,,,10,0,10,1,gloss
stock,,,10,0,10,1,gloss
strengthen,,,0,10,10,1,gloss
suburb,,,10,0,10,1,gloss
succeed,,,10,0,10,1,gloss
sugarcane,,,0,10,10,1,gloss
sum,,,10,0,10,1,gloss
surrender,,,10,0,10,1,gloss
symbol,mar,symbol,10,0,10,1,both
tendon,,,0,10,10,1,gloss
tenon,,,10,0,10,1,gloss
territory,,,10,0,10,1,gloss
thatch,,,10,0,10,1,gloss
thrust,,,0,10,10,1,gloss
thump,,,0,10,10,1,gloss
tidy,,,0,10,10,1,gloss
today,,,0,10,10,1,gloss
toe,zalx,toe,10,0,10,1,both
traitor,,,10,0,10,1,gloss
trample,,,0,10,10,1,gloss
triumphant,,,10,0,10,1,gloss
trivial,,,0,10,10,1,gloss
underground,,,0,10,10,1,gloss
union,,,0,10,10,1,gloss
upturned,,,0,10,10,1,gloss
vein,,,10,0,10,1,gloss
vibrate,,,0,10,10,1,gloss
vicious,,,10,0,10,1,gloss
violence,,,10,0,10,1,gloss
wasteland,,,10,0,10,1,gloss
weather,vor,weather,10,0,10,1,both
wicked,,,0,10,10,1,gloss
wilderness,,,10,0,10,1,gloss
willing,,,10,0,10,1,gloss
workshop,,,0,10,10,1,gloss
worst,,,0,10,10,1,gloss
wretched,,,0,10,10,1,gloss
yes,pan,yes,0,10,10,1,both
amphibian,crug,amphibian,0,0,0,0,tune
any,nark,any,0,0,0,0,tune
appendage,dedj,appendage,0,0,0,0,tune
archaea,vant,archaea,0,0,0,0,tune
artist,kub,artist,0,0,0,0,tune
attention,tam,attention,0,0,0,0,tune
b sound,bard,b sound,0,0,0,0,tune
bacteria,brak,bacteria,0,0,0,0,tune
believe,det,believe,0,0,0,0,tune
bleed,beq,bleed,0,0,0,0,tune
bound,gub,bound,0,0,0,0,tune
bread,lom,bread,0,0,0,0,tune
british o vowel sound,corn,british o vowel sound,0,0,0,0,tune
builder,tub,builder,0,0,0,0,tune
butter,bov,butter,0,0,0,0,tune
c sound,crop,c sound,0,0,0,0,tune
cheese,gib,cheese,0,0,0,0,tune
choice,ned,choice,0,0,0,0,tune
coffee,fuz,coffee,0,0,0,0,tune
consonant,ruz,consonant,0,0,0,0,tune
curve,kurv,curve,0,0,0,0,tune
cyan,rif,cyan,0,0,0,0,tune
d sound,drup,d sound,0,0,0,0,tune
danish a vowel sound,klap,danish a vowel sound,0,0,0,0,tune
danish e vowel sound,fren,danish e vowel sound,0,0,0,0,tune
depth,dapc,depth,0,0,0,0,tune
describe,sab,describe,0,0,0,0,tune
desert,dors,desert,0,0,0,0,tune
during,teq,during,0,0,0,0,tune
eleven,cuk,eleven,0,0,0,0,tune
exit,zord,exit,0,0,0,0,tune
f sound,flom,f sound,0,0,0,0,tune
fact,vek,fact,0,0,0,0,tune
fifteen,wez,fifteen,0,0,0,0,tune
fisher,tab,fisher,0,0,0,0,tune
fourteen,tic,fourteen,0,0,0,0,tune
french r sound,rend,french r sound,0,0,0,0,tune
future,tup,future,0,0,0,0,tune
g sound,gard,g sound,0,0,0,0,tune
german i vowel sound,gatx,german i vowel sound,0,0,0,0,tune
gill,gilp,gill,0,0,0,0,tune
glottal stop,plap,glottal stop,0,0,0,0,tune
h sound,hold,h sound,0,0,0,0,tune
happen,hin,happen,0,0,0,0,tune
he,dam,he,0,0,0,0,tune
heal,kum,heal,0,0,0,0,tune
healer,tak,healer,0,0,0,0,tune
height,gik,height,0,0,0,0,tune
host,hum,host,0,0,0,0,tune
hunger,huqk,hunger,0,0,0,0,tune
hunter,yap,hunter,0,0,0,0,tune
imagine,xip,imagine,0,0,0,0,tune
insecta,brig,insecta,0,0,0,0,tune
j sound,jalf,j sound,0,0,0,0,tune
k sound,kliq,k sound,0,0,0,0,tune
l sound,ladj,l sound,0,0,0,0,tune
large c sound,Cork,large C sound,0,0,0,0,tune
larva,larv,larva,0,0,0,0,tune
less,sol,less,0,0,0,0,tune
lightning,laq,lightning,0,0,0,0,tune
lover,nub,lover,0,0,0,0,tune
m sound,morn,m sound,0,0,0,0,tune
magenta,maj,magenta,0,0,0,0,tune
mammal,marm,mammal,0,0,0,0,tune
mate,ment,mate,0,0,0,0,tune
may,kod,may,0,0,0,0,tune
measure,yaj,measure,0,0,0,0,tune
memory,guj,memory,0,0,0,0,tune
multicellular life,drov,multicellular life,0,0,0,0,tune
n sound,natx,n sound,0,0,0,0,tune
nerve,nurv,nerve,0,0,0,0,tune
never,lal,never,0,0,0,0,tune
none,nan,none,0,0,0,0,tune
nut,nes,nut,0,0,0,0,tune
often,hun,often,0,0,0,0,tune
olive,zet,olive (color),0,0,0,0,tune
once,ved,once,0,0,0,0,tune
p sound,parz,p sound,0,0,0,0,tune
partner,mor,partner,0,0,0,0,tune
possible,paq,possible,0,0,0,0,tune
poverty,nox,poverty,0,0,0,0,tune
pride,kiv,pride,0,0,0,0,tune
problem,woz,problem,0,0,0,0,tune
process,kix,process,0,0,0,0,tune
prove,pruv,prove,0,0,0,0,tune
purpose,buz,purpose,0,0,0,0,tune
q sound,txeq,q sound,0,0,0,0,tune
queen,net,queen,0,0,0,0,tune
r sound,ramp,r sound,0,0,0,0,tune
reptile,tarz,reptile,0,0,0,0,tune
rose,roz,rose,0,0,0,0,tune
s sound,snor,s sound,0,0,0,0,tune
safe,stef,safe,0,0,0,0,tune
she,vex,she,0,0,0,0,tune
sick,mud,sick,0,0,0,0,tune
silence,sez,silence,0,0,0,0,tune
size,zon,size,0,0,0,0,tune
slug,slag,slug (animal),0,0,0,0,tune
solve,wiz,solve,0,0,0,0,tune
sometimes,vid,sometimes,0,0,0,0,tune
soon,slun,soon,0,0,0,0,tune
sort,yev,sort,0,0,0,0,tune
spin,spin,spin,0,0,0,0,tune
stranger,seC,stranger,0,0,0,0,tune
t sound,told,t sound,0,0,0,0,tune
tan,ten,tan (color),0,0,0,0,tune
thirst,host,thirst,0,0,0,0,tune
thirteen,rog,thirteen,0,0,0,0,tune
tissue,txum,tissue,0,0,0,0,tune
tribe,trab,tribe,0,0,0,0,tune
truth,vul,truth,0,0,0,0,tune
turquoise,yal,turquoise,0,0,0,0,tune
twelve,mop,twelve,0,0,0,0,tune
unfair,rav,unfair,0,0,0,0,tune
until,har,until,0,0,0,0,tune
v sound,vust,v sound,0,0,0,0,tune
vanish,haz,vanish,0,0,0,0,tune
vowel a sound,ratx,vowel a sound,0,0,0,0,tune
vowel e sound,gemz,vowel e sound,0,0,0,0,tune
vowel english r sound,rusk,vowel english r sound,0,0,0,0,tune
vowel i sound,trid,vowel i sound,0,0,0,0,tune
vowel large a sound,warp,vowel large A sound,0,0,0,0,tune
vowel large e sound,fred,vowel large E sound,0,0,0,0,tune
vowel large i sound,yiqk,vowel large I sound,0,0,0,0,tune
vowel large o sound,molt,vowel large O sound,0,0,0,0,tune
vowel large u sound,nurf,vowel large U sound,0,0,0,0,tune
vowel o sound,vorx,vowel o sound,0,0,0,0,tune
vowel u sound,hudj,vowel u sound,0,0,0,0,tune
w sound,witx,w sound,0,0,0,0,tune
wake,wim,wake,0,0,0,0,tune
we,bib,we,0,0,0,0,tune
width,widc,width,0,0,0,0,tune
wonder,wor,wonder,0,0,0,0,tune
x sound,xarp,x sound,0,0,0,0,tune
y sound,yarn,y sound,0,0,0,0,tune
z sound,zuqk,z sound,0,0,0,0,tune
