before	after
br    	br
bl    	bl
dr    	dr
fr    	fr
fl    	fl
gr    	gr
gl    	gl
kr    	kr
kl    	kl
pr    	pr
pl    	pl
tr    	tr
vr    	vr
sk    	sk
sp    	sp
st    	st
sl    	sl
sm    	sm
sn    	sn
sw    	sw
tw    	tw
kw    	kw
tx    	tx
spr   	spr
spl   	spl
str   	str
skr   	skr
skl   	skl
skw   	sk
mp    	mp
mpf   	pf
mps   	ms
nt    	nt
ntx   	ntx
nd    	nd
nts   	ts
ndz   	dz
ntc   	nt
qk    	qk
qkx   	qk
qks   	ks
lp    	lp
lb    	lb
lf    	lf
lv    	lv
ls    	ls
lx    	lx
lz    	lz
lt    	lt
lc    	lc
ld    	ld
lk    	lk
rp    	rp
rb    	rb
rf    	rf
rv    	rv
rs    	rs
rz    	rz
rt    	rt
rd    	rd
rk    	rk
rg    	rg
rx    	rx
ft    	ft
ps    	ps
px    	px
ks    	ks
kx    	kx
bz    	bz
gz    	gz
ts    	ts
dj    	dj
dz    	dz
sk    	sk
sp    	sp
st    	st
xt    	xt
bzbl  	bl
bzbr  	br
bzdr  	zd
bzfl  	bv
bzfr  	br
bzgl  	zg
bzgr  	br
bzkl  	bl
bzkr  	br
bzkw  	zg
bzpl  	zb
bzpr  	br
bzsk  	sk
bzskl 	bl
bzskr 	br
bzskw 	sk
bzsl  	bl
bzsm  	bm
bzsn  	bn
bzsp  	sp
bzspl 	bl
bzspr 	br
bzst  	st
bzstr 	br
bzsw  	bz
bztr  	br
bztw  	zd
bztx  	tx
bzvr  	bv
djbl  	dl
djbr  	br
djdr  	dr
djfl  	dl
djfr  	fr
djgl  	gl
djgr  	gr
djkl  	dl
djkr  	dr
djkw  	dj
djpl  	dl
djpr  	dr
djsk  	sk
djskl 	dl
djskr 	dr
djskw 	dj
djsl  	sl
djsm  	dm
djsn  	dn
djsp  	dj
djspl 	sp
djspr 	dr
djst  	st
djstr 	dr
djsw  	dz
djtr  	tr
djtw  	dj
djtx  	tx
djvr  	vr
dzbl  	dl
dzbr  	zb
dzdr  	dr
dzfl  	dz
dzfr  	fr
dzgl  	zg
dzgr  	dr
dzkl  	dl
dzkr  	dr
dzkw  	dz
dzpl  	dz
dzpr  	dr
dzsk  	sk
dzskl 	dl
dzskr 	dr
dzskw 	dz
dzsl  	dl
dzsm  	dzm
dzsn  	dn
dzsp  	sp
dzspl 	dl
dzspr 	dr
dzst  	st
dzstr 	dr
dzsw  	dz
dztr  	dr
dztw  	dz
dztx  	tx
dzvr  	dv
ftbl  	fp
ftbr  	fr
ftdr  	fr
ftfl  	fl
ftfr  	ftr
ftgl  	ft
ftgr  	fr
ftkl  	fl
ftkr  	fr
ftkw  	fk
ftpl  	fp
ftpr  	fr
ftr   	ftr
ftsk  	sk
ftskl 	fl
ftskr 	fr
ftskw 	ft
ftsl  	fl
ftsm  	sm
ftsn  	fn
ftsp  	fp
ftspl 	fl
ftspr 	fr
ftst  	ft
ftstr 	fr
ftsw  	ts
ftvr  	tr
ftw   	ft
ftx   	fx
gzbl  	gl
gzbr  	zb
gzdr  	zd
gzfl  	gl
gzfr  	gz
gzgl  	gl
gzgr  	gr
gzkl  	gl
gzkr  	gr
gzkw  	gz
gzpl  	gl
gzpr  	gz
gzsk  	sk
gzskl 	gl
gzskr 	gr
gzskw 	gz
gzsl  	gl
gzsm  	gm
gzsn  	gn
gzsp  	sp
gzspl 	gl
gzspr 	gr
gzst  	st
gzstr 	gr
gzsw  	gz
gztr  	gr
gztw  	gz
gztx  	tx
gzvr  	gz
ksbl  	ks
ksbr  	kr
ksdr  	ks
ksfl  	ks
ksfr  	kr
ksgl  	ks
ksgr  	gr
ksk   	sk
kskl  	skl
kskr  	skr
kskw  	sk
ksl   	kl
ksm   	ksm
ksn   	kn
ksp   	kp
kspl  	kl
kspr  	kr
kst   	st
kstr  	kr
kstw  	st
kstx  	kx
ksvr  	vr
ksw   	ks
kxbl  	xp
kxbr  	kr
kxdr  	kt
kxfl  	xf
kxfr  	kr
kxgl  	gl
kxgr  	gr
kxkl  	kl
kxkr  	kr
kxkw  	xk
kxpl  	kl
kxpr  	kr
kxsk  	xk
kxskl 	kl
kxskr 	kr
kxskw 	ks
kxsl  	kl
kxsm  	km
kxsn  	kn
kxsp  	xp
kxspl 	kl
kxspr 	kr
kxst  	st
kxstr 	kr
kxsw  	ks
kxtr  	kr
kxtw  	kt
kxtx  	tx
kxvr  	kr
lbdr  	ld
lbfl  	bl
lbfr  	lf
lbgl  	bl
lbgr  	lg
lbkl  	bl
lbkr  	br
lbkw  	lk
lbl   	bl
lbpl  	bl
lbpr  	br
lbr   	br
lbsk  	sk
lbskl 	bl
lbskr 	br
lbskw 	sk
lbsl  	bl
lbsm  	bm
lbsn  	bn
lbsp  	sp
lbspl 	bl
lbspr 	br
lbst  	lt
lbstr 	br
lbsw  	ls
lbtr  	br
lbtw  	lt
lbtx  	lx
lbvr  	lv
lcbl  	bl
lcbr  	br
lcdr  	ldr
lcfl  	fl
lcfr  	lfr
lcgl  	gl
lcgr  	gr
lckl  	kl
lckr  	kr
lckw  	lk
lcpl  	pl
lcpr  	pr
lcsk  	sk
lcskl 	kl
lcskr 	kr
lcskw 	sk
lcsl  	sl
lcsm  	lm
lcsn  	ln
lcsp  	sp
lcspl 	pl
lcspr 	pr
lcst  	lt
lcstr 	tr
lcsw  	ls
lctr  	ltr
lctw  	lt
lctx  	ltx
lcvr  	lvr
ldbl  	dl
ldbr  	lb
ldfl  	dl
ldfr  	lf
ldgl  	dl
ldgr  	lg
ldkl  	dl
ldkr  	dr
ldkw  	lk
ldpl  	dl
ldpr  	dr
ldr   	ldr
ldsk  	sk
ldskl 	dl
ldskr 	dr
ldskw 	ld
ldsl  	dl
ldsm  	dm
ldsn  	dn
ldsp  	lp
ldspl 	dl
ldspr 	dr
ldst  	lt
ldstr 	dr
ldsw  	ls
ldtr  	dr
ldtw  	lt
ldtx  	lx
ldvr  	lv
lfbl  	fl
lfbr  	lb
lfdr  	ld
lfgl  	fl
lfgr  	lg
lfkl  	fl
lfkr  	fr
lfkw  	lk
lfl   	fl
lfpl  	fpl
lfpr  	fr
lfr   	lfr
lfsk  	sk
lfskl 	fl
lfskr 	fr
lfskw 	lf
lfsl  	fl
lfsm  	lm
lfsn  	lfn
lfsp  	lfp
lfspl 	fl
lfspr 	fr
lfst  	lt
lfstr 	fr
lfsw  	ls
lftr  	fr
lftw  	lft
lftx  	tx
lfvr  	vr
lkbl  	kl
lkbr  	lb
lkdr  	ld
lkfl  	kl
lkfr  	lf
lkgl  	gl
lkgr  	gr
lkl   	kl
lkpl  	kl
lkpr  	kr
lkr   	kr
lksk  	sk
lkskl 	kl
lkskr 	kr
lkskw 	ks
lksl  	kl
lksm  	lm
lksn  	kn
lksp  	lp
lkspl 	kl
lkspr 	kr
lkst  	lt
lkstr 	kr
lksw  	ks
lktr  	kr
lktw  	lt
lktx  	lx
lkvr  	lv
lkw   	lk
lpbl  	bl
lpbr  	br
lpdr  	ld
lpfl  	pfl
lpfr  	lf
lpgl  	pl
lpgr  	lg
lpkl  	pl
lpkr  	pr
lpkw  	lk
lpl   	pl
lpr   	pr
lpsk  	sk
lpskl 	pl
lpskr 	pr
lpskw 	sk
lpsl  	pl
lpsm  	lm
lpsn  	pn
lpsp  	sp
lpspl 	pl
lpspr 	pr
lpst  	lt
lpstr 	pr
lpsw  	ls
lptr  	pr
lptw  	lt
lptx  	lx
lpvr  	lv
lsbl  	lb
lsbr  	sr
lsdr  	ld
lsfl  	fl
lsfr  	lf
lsgl  	lg
lsgr  	gr
lsk   	sk
lskl  	kl
lskr  	kr
lskw  	sk
lsl   	sl
lsm   	lm
lsn   	ln
lsp   	sp
lspl  	pl
lspr  	pr
lst   	lt
lstr  	tr
lstw  	lt
lstx  	lx
lsvr  	lv
lsw   	ls
ltbl  	tl
ltbr  	lb
ltdr  	dr
ltfl  	tl
ltfr  	lf
ltgl  	tl
ltgr  	lg
ltkl  	tl
ltkr  	tr
ltkw  	lk
ltpl  	tl
ltpr  	tr
ltr   	ltr
ltsk  	sk
ltskl 	tl
ltskr 	tr
ltskw 	lt
ltsl  	tl
ltsm  	lm
ltsn  	tn
ltsp  	lp
ltspl 	tl
ltspr 	tr
ltst  	lt
ltstr 	tr
ltsw  	lts
ltvr  	lv
ltw   	lt
ltx   	ltx
lvbl  	vl
lvbr  	vb
lvdr  	ld
lvfl  	vl
lvfr  	vr
lvgl  	vl
lvgr  	lg
lvkl  	vl
lvkr  	vr
lvkw  	lk
lvpl  	vl
lvpr  	vr
lvr   	lvr
lvsk  	sk
lvskl 	vl
lvskr 	vr
lvskw 	lv
lvsl  	vl
lvsm  	lm
lvsn  	lvn
lvsp  	lp
lvspl 	vl
lvspr 	vr
lvst  	st
lvstr 	vr
lvsw  	ls
lvtr  	vr
lvtw  	lt
lvtx  	tx
lxbl  	bl
lxbr  	lr
lxdr  	dr
lxfl  	fl
lxfr  	lf
lxgl  	lg
lxgr  	gr
lxkl  	kl
lxkr  	kr
lxkw  	xk
lxpl  	lp
lxpr  	pr
lxsk  	xk
lxskl 	kl
lxskr 	kr
lxskw 	lx
lxsl  	lx
lxsm  	lm
lxsn  	ln
lxsp  	sp
lxspl 	pl
lxspr 	pr
lxst  	lt
lxstr 	tr
lxsw  	ls
lxtr  	tr
lxtw  	lt
lxtx  	tx
lxvr  	lv
lzbl  	zb
lzbr  	zr
lzdr  	ld
lzfl  	fl
lzfr  	lf
lzgl  	zg
lzgr  	gr
lzkl  	kl
lzkr  	kr
lzkw  	lk
lzpl  	pl
lzpr  	pr
lzsk  	sk
lzskl 	kl
lzskr 	kr
lzskw 	sk
lzsl  	zl
lzsm  	lm
lzsn  	ln
lzsp  	lp
lzspl 	pl
lzspr 	pr
lzst  	lt
lzstr 	tr
lzsw  	ls
lztr  	tr
lztw  	lt
lztx  	lx
lzvr  	lv
mpbl  	mbl
mpbr  	mbr
mpdr  	mpr
mpfbl 	pf
mpfbr 	mr
mpfdr 	mr
mpfgl 	mg
mpfgr 	pf
mpfkl 	ml
mpfkr 	mr
mpfkw 	fk
mpfl  	mpl
mpfpl 	fp
mpfpr 	mr
mpfr  	mr
mpfsk 	sk
mpfskl	ml
mpfskr	mr
mpfskw	mp
mpfsl 	ml
mpfsm 	fm
mpfsn 	fn
mpfsp 	mp
mpfspl	ml
mpfspr	mr
mpfst 	ft
mpfstr	mr
mpfsw 	ps
mpftr 	mr
mpftw 	ft
mpftx 	mx
mpfvr 	mr
mpgl  	ml
mpgr  	mr
mpkl  	ml
mpkr  	mr
mpkw  	mk
mpl   	mpl
mpr   	mpr
mpsbl 	ml
mpsbr 	mr
mpsdr 	mr
mpsfl 	ml
mpsfr 	mr
mpsgl 	ml
mpsgr 	mr
mpsk  	sk
mpskl 	ml
mpskr 	mr
mpskw 	mp
mpsl  	ml
mpsm  	sm
mpsn  	mn
mpsp  	mp
mpspl 	ml
mpspr 	mr
mpst  	mst
mpstr 	mr
mpstw 	mp
mpstx 	mx
mpsvr 	mr
mpsw  	ms
mptr  	mr
mptw  	mt
mptx  	mx
mpvr  	mr
ndbl  	ndl
ndbr  	br
ndfl  	nfl
ndfr  	nfr
ndgl  	gl
ndgr  	gr
ndkl  	dl
ndkr  	dr
ndkw  	nk
ndpl  	dl
ndpr  	dr
ndr   	ndr
ndsk  	sk
ndskl 	dl
ndskr 	dr
ndskw 	nd
ndsl  	sl
ndsm  	sm
ndsn  	dn
ndsp  	sp
ndspl 	dl
ndspr 	dr
ndst  	nt
ndstr 	dr
ndsw  	ns
ndtr  	ndr
ndtw  	nt
ndtx  	nx
ndvr  	nvr
ndzbl 	zb
ndzbr 	dr
ndzdr 	zd
ndzfl 	nf
ndzfr 	dr
ndzgl 	zg
ndzgr 	dr
ndzkl 	dl
ndzkr 	dr
ndzkw 	nd
ndzpl 	dl
ndzpr 	dr
ndzsk 	sk
ndzskl	dl
ndzskr	dr
ndzskw	nd
ndzsl 	dl
ndzsm 	zm
ndzsn 	dn
ndzsp 	np
ndzspl	dl
ndzspr	dr
ndzst 	nt
ndzstr	dr
ndzsw 	nd
ndztr 	dr
ndztw 	nt
ndztx 	dz
ndzvr 	nv
ntbl  	bl
ntbr  	tr
ntcbl 	tl
ntcbr 	tr
ntcdr 	dr
ntcfl 	tl
ntcfr 	tr
ntcgl 	tl
ntcgr 	tr
ntckl 	tl
ntckr 	tr
ntckw 	nk
ntcpl 	tl
ntcpr 	tr
ntcsk 	sk
ntcskl	tl
ntcskr	tr
ntcskw	nt
ntcsl 	tl
ntcsm 	tm
ntcsn 	tn
ntcsp 	sp
ntcspl	tl
ntcspr	tr
ntcst 	nt
ntcstr	tr
ntcsw 	ts
ntctr 	ntr
ntctw 	nt
ntctx 	ntx
ntcvr 	tr
ntdr  	dr
ntfl  	tl
ntfr  	tr
ntgl  	tl
ntgr  	tr
ntkl  	tl
ntkr  	tr
ntkw  	nt
ntpl  	tl
ntpr  	tr
ntr   	ntr
ntsbl 	tl
ntsbr 	tr
ntsdr 	dr
ntsfl 	tl
ntsfr 	tr
ntsgl 	tl
ntsgr 	tr
ntsk  	sk
ntskl 	tl
ntskr 	tr
ntskw 	nt
ntsl  	tl
ntsm  	tm
ntsn  	sn
ntsp  	sp
ntspl 	tl
ntspr 	tr
ntst  	nt
ntstr 	tr
ntstw 	nt
ntstx 	tx
ntsvr 	tr
ntsw  	nt
ntvr  	tr
ntw   	nt
ntx   	ntx
ntxbl 	nl
ntxbr 	tx
ntxdr 	tx
ntxfl 	tf
ntxfr 	tr
ntxgl 	tx
ntxgr 	tr
ntxkl 	tl
ntxkr 	tr
ntxkw 	xk
ntxpl 	tl
ntxpr 	tr
ntxsk 	xk
ntxskl	tl
ntxskr	tr
ntxskw	nt
ntxsl 	tl
ntxsm 	xm
ntxsn 	nx
ntxsp 	xp
ntxspl	tl
ntxspr	tr
ntxst 	nt
ntxstr	tr
ntxsw 	ns
ntxtr 	nr
ntxtw 	nt
ntxtx 	nx
ntxvr 	tx
psbl  	sp
psbr  	br
psdr  	st
psfl  	pf
psfr  	pr
psgl  	sk
psgr  	pr
psk   	sk
pskl  	pl
pskr  	pr
pskw  	sk
psl   	pl
psm   	pm
psn   	pn
psp   	sp
pspl  	spl
pspr  	spr
pst   	st
pstr  	pr
pstw  	st
pstx  	sx
psvr  	pf
psw   	ps
pxbl  	pl
pxbr  	br
pxdr  	pt
pxfl  	pf
pxfr  	pr
pxgl  	xk
pxgr  	pr
pxkl  	pl
pxkr  	pr
pxkw  	xk
pxpl  	pl
pxpr  	pr
pxsk  	xk
pxskl 	pl
pxskr 	pr
pxskw 	xk
pxsl  	sl
pxsm  	pm
pxsn  	pn
pxsp  	sp
pxspl 	xp
pxspr 	pr
pxst  	st
pxstr 	pr
pxsw  	ps
pxtr  	pr
pxtw  	pt
pxtx  	tx
pxvr  	pf
qkbl  	qk
qkbr  	qk
qkdr  	qk
qkfl  	fl
qkfr  	fr
qkgl  	gl
qkgr  	gr
qkl   	kl
qkpl  	qk
qkpr  	qk
qkr   	kr
qksbl 	kl
qksbr 	kr
qksdr 	kr
qksfl 	qk
qksfr 	kr
qksgl 	kl
qksgr 	kr
qksk  	ksk
qkskl 	kl
qkskr 	kr
qkskw 	ks
qksl  	qk
qksm  	ksm
qksn  	qk
qksp  	ksp
qkspl 	kl
qkspr 	kr
qkst  	kst
qkstr 	kr
qkstw 	st
qkstx 	qk
qksvr 	ks
qksw  	ks
qktr  	qk
qktw  	kt
qktx  	qk
qkvr  	vr
qkw   	qk
qkxbl 	qk
qkxbr 	kr
qkxdr 	qk
qkxfl 	kl
qkxfr 	kr
qkxgl 	xk
qkxgr 	kr
qkxkl 	kl
qkxkr 	kr
qkxkw 	qk
qkxpl 	xp
qkxpr 	kr
qkxsk 	qk
qkxskl	kl
qkxskr	kr
qkxskw	ks
qkxsl 	kl
qkxsm 	sm
qkxsn 	kn
qkxsp 	sp
qkxspl	kl
qkxspr	kr
qkxst 	st
qkxstr	kr
qkxsw 	qk
qkxtr 	kr
qkxtw 	qk
qkxtx 	qk
qkxvr 	qk
rbdr  	br
rbfl  	rf
rbfr  	br
rbgl  	rg
rbgr  	br
rbkl  	bl
rbkr  	br
rbkw  	rk
rbl   	bl
rbpl  	bl
rbpr  	br
rbr   	br
rbsk  	sk
rbskl 	bl
rbskr 	br
rbskw 	sk
rbsl  	sl
rbsm  	rm
rbsn  	rn
rbsp  	sp
rbspl 	bl
rbspr 	br
rbst  	rt
rbstr 	br
rbsw  	rs
rbtr  	br
rbtw  	rt
rbtx  	rx
rbvr  	br
rdbl  	rdl
rdbr  	dr
rdfl  	rf
rdfr  	dr
rdgl  	rg
rdgr  	dr
rdkl  	dl
rdkr  	dr
rdkw  	rk
rdpl  	dl
rdpr  	dr
rdr   	dr
rdsk  	sk
rdskl 	dl
rdskr 	dr
rdskw 	rd
rdsl  	dl
rdsm  	rm
rdsn  	dn
rdsp  	rp
rdspl 	dl
rdspr 	dr
rdst  	rt
rdstr 	dr
rdsw  	rs
rdtr  	dr
rdtw  	rt
rdtx  	rx
rdvr  	dr
rfbl  	rb
rfbr  	fr
rfdr  	rd
rfgl  	rg
rfgr  	fr
rfkl  	fl
rfkr  	fr
rfkw  	rk
rfl   	rfl
rfpl  	fl
rfpr  	fpr
rfr   	fr
rfsk  	sk
rfskl 	fl
rfskr 	fr
rfskw 	rf
rfsl  	fl
rfsm  	rm
rfsn  	rfn
rfsp  	rfp
rfspl 	fl
rfspr 	fr
rfst  	rt
rfstr 	fr
rfsw  	rs
rftr  	fr
rftw  	rft
rftx  	rx
rfvr  	vr
rgbl  	rb
rgbr  	gr
rgdr  	gr
rgfl  	rf
rgfr  	gr
rgkl  	gl
rgkr  	gr
rgkw  	rk
rgl   	gl
rgpl  	gl
rgpr  	gr
rgr   	gr
rgsk  	sk
rgskl 	gl
rgskr 	gr
rgskw 	sk
rgsl  	gl
rgsm  	gm
rgsn  	gn
rgsp  	rp
rgspl 	gl
rgspr 	gr
rgst  	rt
rgstr 	gr
rgsw  	rs
rgtr  	gr
rgtw  	rt
rgtx  	rx
rgvr  	gr
rkbl  	rb
rkbr  	kr
rkdr  	kr
rkfl  	rf
rkfr  	kr
rkgl  	kl
rkgr  	kr
rkl   	kl
rkpl  	kl
rkpr  	kr
rkr   	kr
rksk  	sk
rkskl 	kl
rkskr 	kr
rkskw 	ks
rksl  	kl
rksm  	rm
rksn  	kn
rksp  	rp
rkspl 	kl
rkspr 	kr
rkst  	rt
rkstr 	kr
rksw  	ks
rktr  	kr
rktw  	rt
rktx  	rx
rkvr  	kr
rkw   	rk
rpbl  	pl
rpbr  	pr
rpdr  	pr
rpfl  	rf
rpfr  	pfr
rpgl  	rg
rpgr  	pr
rpkl  	pl
rpkr  	pr
rpkw  	rk
rpl   	pl
rpr   	pr
rpsk  	sk
rpskl 	pl
rpskr 	pr
rpskw 	sk
rpsl  	pl
rpsm  	rm
rpsn  	pn
rpsp  	sp
rpspl 	pl
rpspr 	pr
rpst  	rt
rpstr 	pr
rpsw  	rs
rptr  	pr
rptw  	rt
rptx  	rx
rpvr  	pr
rsbl  	bl
rsbr  	rb
rsdr  	rd
rsfl  	rf
rsfr  	fr
rsgl  	gl
rsgr  	rg
rsk   	sk
rskl  	kl
rskr  	kr
rskw  	sk
rsl   	sl
rsm   	rm
rsn   	rn
rsp   	sp
rspl  	pl
rspr  	pr
rst   	rt
rstr  	tr
rstw  	rt
rstx  	rx
rsvr  	sr
rsw   	rs
rtbl  	rtl
rtbr  	tr
rtdr  	tr
rtfl  	rf
rtfr  	tr
rtgl  	rg
rtgr  	tr
rtkl  	tl
rtkr  	tr
rtkw  	rk
rtpl  	tl
rtpr  	tr
rtr   	tr
rtsk  	sk
rtskl 	tl
rtskr 	tr
rtskw 	rt
rtsl  	tl
rtsm  	rm
rtsn  	tn
rtsp  	rp
rtspl 	tl
rtspr 	tr
rtst  	rt
rtstr 	tr
rtsw  	rts
rtvr  	rv
rtw   	rt
rtx   	rtx
rvbl  	vb
rvbr  	vr
rvdr  	vr
rvfl  	rvl
rvfr  	fr
rvgl  	rg
rvgr  	vr
rvkl  	vl
rvkr  	vr
rvkw  	rk
rvpl  	vl
rvpr  	vr
rvr   	vr
rvsk  	sk
rvskl 	vl
rvskr 	vr
rvskw 	rv
rvsl  	vl
rvsm  	rm
rvsn  	rvn
rvsp  	rp
rvspl 	vl
rvspr 	vr
rvst  	rt
rvstr 	vr
rvsw  	rs
rvtr  	vr
rvtw  	rt
rvtx  	rx
rxbl  	rl
rxbr  	rb
rxdr  	rx
rxfl  	rfl
rxfr  	fr
rxgl  	gl
rxgr  	rg
rxkl  	kl
rxkr  	kr
rxkw  	xk
rxpl  	pl
rxpr  	rp
rxsk  	xk
rxskl 	kl
rxskr 	kr
rxskw 	rx
rxsl  	sl
rxsm  	rm
rxsn  	rn
rxsp  	sp
rxspl 	pl
rxspr 	pr
rxst  	rt
rxstr 	tr
rxsw  	rs
rxtr  	tr
rxtw  	rt
rxtx  	rtx
rxvr  	vr
rzbl  	bl
rzbr  	zb
rzdr  	dr
rzfl  	rf
rzfr  	zr
rzgl  	gl
rzgr  	zg
rzkl  	kl
rzkr  	kr
rzkw  	rk
rzpl  	pl
rzpr  	pr
rzsk  	sk
rzskl 	kl
rzskr 	kr
rzskw 	sk
rzsl  	zl
rzsm  	rm
rzsn  	rn
rzsp  	rp
rzspl 	pl
rzspr 	pr
rzst  	rt
rzstr 	tr
rzsw  	rs
rztr  	tr
rztw  	rt
rztx  	rx
rzvr  	vr
skbl  	sp
skbr  	kr
skdr  	st
skfl  	sf
skfr  	kr
skgl  	gl
skgr  	gr
skl   	skl
skpl  	sp
skpr  	kr
skr   	skr
sksk  	sk
skskl 	kl
skskr 	kr
skskw 	sk
sksl  	kl
sksm  	ksm
sksn  	kn
sksp  	sp
skspl 	kl
skspr 	kr
skst  	st
skstr 	kr
sksw  	ks
sktr  	kr
sktw  	st
sktx  	sx
skvr  	sk
skw   	sk
spbl  	bl
spbr  	br
spdr  	st
spfl  	pf
spfr  	pr
spgl  	sk
spgr  	pr
spkl  	pl
spkr  	pr
spkw  	sk
spl   	spl
spr   	spr
spsk  	sk
spskl 	pl
spskr 	pr
spskw 	sk
spsl  	pl
spsm  	pm
spsn  	pn
spsp  	sp
spspl 	pl
spspr 	pr
spst  	st
spstr 	pr
spsw  	ps
sptr  	pr
sptw  	st
sptx  	sx
spvr  	sp
stbl  	sp
stbr  	tr
stdr  	dr
stfl  	sf
stfr  	tr
stgl  	sk
stgr  	tr
stkl  	tl
stkr  	tr
stkw  	sk
stpl  	sp
stpr  	tr
str   	str
stsk  	sk
stskl 	tl
stskr 	tr
stskw 	sk
stsl  	stl
stsm  	tsm
stsn  	tn
stsp  	sp
stspl 	tl
stspr 	tr
stst  	st
ststr 	tr
stsw  	ts
stvr  	st
stw   	st
stx   	tx
tsbl  	ts
tsbr  	tr
tsdr  	ts
tsfl  	tf
tsfr  	tr
tsgl  	tl
tsgr  	ts
tsk   	sk
tskl  	tl
tskr  	tr
tskw  	sk
tsl   	tl
tsm   	tsm
tsn   	tn
tsp   	tp
tspl  	tl
tspr  	tr
tst   	st
tstr  	str
tstw  	st
tstx  	tx
tsvr  	ts
tsw   	ts
xtbl  	tl
xtbr  	xp
xtdr  	tr
xtfl  	xf
xtfr  	tr
xtgl  	xk
xtgr  	tr
xtkl  	tl
xtkr  	tr
xtkw  	xk
xtpl  	tl
xtpr  	tr
xtr   	tr
xtsk  	xk
xtskl 	tl
xtskr 	tr
xtskw 	xk
xtsl  	tl
xtsm  	xm
xtsn  	xn
xtsp  	xp
xtspl 	tl
xtspr 	tr
xtst  	st
xtstr 	tr
xtsw  	ts
xtvr  	xf
xtw   	xt
xtx   	tx
bdr   	br
bfl   	bl
bfr   	br
bgl   	bl
bgr   	br
bkl   	bl
bkr   	br
bkw   	bg
bl    	bl
bpl   	bl
bpr   	br
br    	br
bsk   	sk
bskl  	bl
bskr  	br
bskw  	sk
bsl   	bl
bsm   	bm
bsn   	bn
bsp   	bb
bspl  	bl
bspr  	br
bst   	st
bstr  	br
bsw   	bz
btr   	br
btw   	bd
btx   	bj
bvr   	br
dbl   	dl
dbr   	dr
dfl   	dl
dfr   	dr
dgl   	dl
dgr   	dr
dkl   	dl
dkr   	dr
dkw   	dg
dpl   	dl
dpr   	dr
dr    	dr
dsk   	sk
dskl  	dl
dskr  	dr
dskw  	sk
dsl   	dl
dsm   	dm
dsn   	dn
dsp   	db
dspl  	dl
dspr  	dr
dst   	st
dstr  	dr
dsw   	dz
dtr   	dr
dtw   	dd
dtx   	dj
dvr   	dr
fbl   	fl
fbr   	fr
fdr   	fr
fgl   	fl
fgr   	fr
fkl   	fl
fkr   	fr
fkw   	fk
fl    	fl
fpl   	fpl
fpr   	fpr
fr    	fr
fsk   	sk
fskl  	fl
fskr  	fr
fskw  	sk
fsl   	fl
fsm   	fm
fsn   	fn
fsp   	fp
fspl  	fl
fspr  	fr
fst   	ft
fstr  	fr
fsw   	fs
ftr   	ftr
ftw   	ft
ftx   	tx
fvr   	vr
gbl   	gl
gbr   	gr
gdr   	gr
gfl   	gv
gfr   	gr
gkl   	gl
gkr   	gr
gkw   	gg
gl    	gl
gpl   	gl
gpr   	gr
gr    	gr
gsk   	sk
gskl  	gl
gskr  	gr
gskw  	sk
gsl   	gl
gsm   	gm
gsn   	gn
gsp   	gb
gspl  	gl
gspr  	gr
gst   	st
gstr  	gr
gsw   	gz
gtr   	gr
gtw   	gd
gtx   	gj
gvr   	gr
jbl   	jl
jbr   	jr
jdr   	dr
jfl   	jv
jfr   	fr
jgl   	gl
jgr   	gr
jkl   	kl
jkr   	kr
jkw   	jg
jpl   	pl
jpr   	pr
jsk   	sk
jskl  	kl
jskr  	kr
jskw  	sk
jsl   	sl
jsm   	jm
jsn   	jn
jsp   	jb
jspl  	pl
jspr  	pr
jst   	st
jstr  	sr
jsw   	jz
jtr   	tr
jtw   	jd
jtx   	jj
jvr   	jv
kbl   	kp
kbr   	kr
kdr   	kr
kfl   	kl
kfr   	kr
kgl   	kk
kgr   	gr
kl    	kl
kpl   	kl
kpr   	kr
kr    	kr
ksk   	sk
kskl  	kl
kskr  	kr
kskw  	ks
ksl   	kl
ksm   	ksm
ksn   	kn
ksp   	sp
kspl  	kl
kspr  	kr
kst   	st
kstr  	kr
ksw   	ks
ktr   	kr
ktw   	kt
ktx   	tx
kvr   	kf
kw    	kw
lbl   	bl
lbr   	br
ldr   	ldr
lfl   	fl
lfr   	lfr
lgl   	gl
lgr   	gr
lkl   	kl
lkr   	kr
lkw   	lk
lpl   	pl
lpr   	pr
lsk   	sk
lskl  	kl
lskr  	kr
lskw  	sk
lsl   	sl
lsm   	lm
lsn   	ln
lsp   	sp
lspl  	pl
lspr  	pr
lst   	lt
lstr  	tr
lsw   	ls
ltr   	ltr
ltw   	lt
ltx   	ltx
lvr   	lvr
mbl   	mbl
mbr   	mbr
mdr   	mr
mfl   	ml
mfr   	mr
mgl   	ml
mgr   	mr
mkl   	ml
mkr   	mr
mkw   	mk
mpl   	mpl
mpr   	mpr
msk   	msk
mskl  	ml
mskr  	mr
mskw  	msk
msl   	ml
msm   	sm
msn   	mn
msp   	mp
mspl  	ml
mspr  	mr
mst   	mst
mstr  	mr
msw   	ms
mtr   	mr
mtw   	mt
mtx   	mx
mvr   	mr
nbl   	nl
nbr   	nr
ndr   	ndr
nfl   	nfl
nfr   	nfr
ngl   	gl
ngr   	gr
nkl   	kl
nkr   	kr
nkw   	nk
npl   	pl
npr   	pr
nsk   	sk
nskl  	kl
nskr  	kr
nskw  	sk
nsl   	sl
nsm   	nm
nsn   	sn
nsp   	sp
nspl  	pl
nspr  	pr
nst   	nt
nstr  	sr
nsw   	ns
ntr   	ntr
ntw   	nt
ntx   	ntx
nvr   	nvr
pbl   	bl
pbr   	br
pdr   	pr
pfl   	pfl
pfr   	pfr
pgl   	pl
pgr   	pr
pkl   	pl
pkr   	pr
pkw   	pk
pl    	pl
pr    	pr
psk   	sk
pskl  	pl
pskr  	pr
pskw  	sk
psl   	pl
psm   	pm
psn   	pn
psp   	sp
pspl  	pl
pspr  	pr
pst   	st
pstr  	pr
psw   	ps
ptr   	pr
ptw   	pt
ptx   	tx
pvr   	pr
qbl   	qk
qbr   	qk
qdr   	qk
qfl   	fl
qfr   	fr
qgl   	gl
qgr   	gr
qkl   	kl
qkr   	kr
qkw   	qk
qpl   	qk
qpr   	qk
qsk   	sk
qskl  	kl
qskr  	kr
qskw  	sk
qsl   	qk
qsm   	sm
qsn   	qk
qsp   	sp
qspl  	sp
qspr  	qk
qst   	st
qstr  	qk
qsw   	qk
qtr   	qk
qtw   	qk
qtx   	qk
qvr   	vr
rbl   	bl
rbr   	br
rdr   	dr
rfl   	rfl
rfr   	fr
rgl   	gl
rgr   	gr
rkl   	kl
rkr   	kr
rkw   	rk
rpl   	pl
rpr   	pr
rsk   	sk
rskl  	kl
rskr  	kr
rskw  	sk
rsl   	sl
rsm   	rm
rsn   	rn
rsp   	sp
rspl  	pl
rspr  	pr
rst   	rt
rstr  	tr
rsw   	rs
rtr   	tr
rtw   	rt
rtx   	rtx
rvr   	vr
sbl   	bl
sbr   	br
sdr   	dr
sfl   	fl
sfr   	fr
sgl   	gl
sgr   	gr
sk    	sk
skl   	skl
skr   	skr
skw   	sk
sl    	sl
sm    	sm
sn    	sn
sp    	sp
spl   	spl
spr   	spr
st    	st
str   	str
stw   	st
stx   	tx
svr   	vr
sw    	sw
tbl   	tl
tbr   	tr
tdr   	tt
tfl   	tl
tfr   	tr
tgl   	tl
tgr   	tr
tkl   	tl
tkr   	tr
tkw   	tk
tpl   	tl
tpr   	tr
tr    	tr
tsk   	sk
tskl  	tl
tskr  	tr
tskw  	ts
tsl   	tl
tsm   	tsm
tsn   	tn
tsp   	sp
tspl  	tl
tspr  	tr
tst   	st
tstr  	tr
tsw   	ts
tvr   	tr
tw    	tw
tx    	tx
vbl   	vl
vbr   	vr
vdr   	vr
vfl   	vv
vfr   	vr
vgl   	vl
vgr   	vr
vkl   	vl
vkr   	vr
vkw   	vg
vpl   	vl
vpr   	vr
vr    	vr
vsk   	sk
vskl  	vl
vskr  	vr
vskw  	sk
vsl   	vl
vsm   	vm
vsn   	vn
vsp   	vb
vspl  	sp
vspr  	vr
vst   	st
vstr  	vr
vsw   	vz
vtr   	vr
vtw   	vd
vtx   	vj
xbl   	bl
xbr   	br
xdr   	dr
xfl   	fl
xfr   	fr
xgl   	gl
xgr   	gr
xkl   	kl
xkr   	kr
xkw   	xk
xpl   	pl
xpr   	pr
xsk   	xk
xskl  	kl
xskr  	sr
xskw  	xk
xsl   	sl
xsm   	xm
xsn   	xn
xsp   	sp
xspl  	pl
xspr  	pr
xst   	st
xstr  	tr
xsw   	xs
xtr   	tr
xtw   	xt
xtx   	tx
xvr   	vr
zbl   	bl
zbr   	br
zdr   	dr
zfl   	fl
zfr   	fr
zgl   	gl
zgr   	gr
zkl   	kl
zkr   	kr
zkw   	zg
zpl   	pl
zpr   	pr
zsk   	sk
zskl  	kl
zskr  	kr
zskw  	sk
zsl   	zl
zsm   	zm
zsn   	zn
zsp   	sp
zspl  	pl
zspr  	pr
zst   	st
zstr  	tr
zsw   	zz
ztr   	tr
ztw   	zd
ztx   	zj
zvr   	vr
bz    	bz
bzb   	zb
bzd   	bd
bzf   	bv
bzg   	bg
bzj   	zj
bzk   	zg
bzl   	bl
bzm   	bm
bzn   	bn
bzp   	zb
bzq   	bz
bzr   	br
bzs   	bz
bzt   	zd
bzv   	bv
bzx   	bz
dj    	dj
djb   	jb
djd   	jd
djf   	dv
djg   	jg
djk   	jg
djl   	dl
djm   	dm
djn   	dn
djp   	dj
djq   	dj
djr   	dr
djs   	dz
djt   	dj
djv   	dv
djx   	dj
djz   	jz
dz    	dz
dzb   	db
dzd   	zd
dzf   	dz
dzg   	dg
dzj   	dj
dzk   	zg
dzl   	dl
dzm   	dzm
dzn   	dn
dzp   	zb
dzq   	dz
dzr   	dr
dzs   	dz
dzt   	zd
dzv   	dv
dzx   	dz
ft    	ft
ftb   	fp
ftd   	ft
ftf   	tf
ftg   	fk
ftj   	fx
ftk   	fk
ftl   	fl
ftm   	tm
ftn   	fn
ftp   	fp
ftq   	ft
ftr   	ftr
fts   	ts
ftv   	ff
ftx   	tx
ftz   	ts
gz    	gz
gzb   	gb
gzd   	gd
gzf   	zv
gzg   	zg
gzj   	gj
gzk   	zg
gzl   	gl
gzm   	gm
gzn   	gn
gzp   	zb
gzq   	gz
gzr   	gr
gzs   	gz
gzt   	zd
gzv   	zv
gzx   	gz
ks    	ks
ksb   	sp
ksd   	st
ksf   	sf
ksg   	sk
ksj   	kx
ksk   	sk
ksl   	kl
ksm   	ksm
ksn   	kn
ksp   	sp
ksq   	ks
ksr   	kr
kst   	st
ksv   	sf
ksx   	kx
ksz   	ss
kx    	kx
kxb   	xp
kxd   	kt
kxf   	xf
kxg   	xk
kxj   	kx
kxk   	xk
kxl   	kl
kxm   	km
kxn   	kn
kxp   	xp
kxq   	kx
kxr   	kr
kxs   	ks
kxt   	kt
kxv   	xf
kxz   	ks
lb    	lb
lbd   	ld
lbf   	lf
lbg   	lg
lbj   	bj
lbk   	lk
lbl   	bl
lbm   	lm
lbn   	bn
lbp   	lp
lbq   	lb
lbr   	br
lbs   	ls
lbt   	lt
lbv   	lv
lbx   	lx
lbz   	lz
lcb   	lb
lcd   	ld
lcf   	lf
lcg   	lg
lcj   	lj
lck   	lk
lcl   	lcl
lcm   	lm
lcn   	ln
lcp   	lp
lcq   	lcq
lcr   	lr
lcs   	ls
lct   	lt
lcv   	lv
lcx   	lx
lcz   	lz
ld    	ld
ldb   	lb
ldf   	lf
ldg   	lg
ldj   	lj
ldk   	lk
ldl   	dl
ldm   	ldm
ldn   	ldn
ldp   	lp
ldq   	ld
ldr   	ldr
lds   	ls
ldt   	lt
ldv   	lv
ldx   	lx
ldz   	ldz
lf    	lf
lfb   	lb
lfd   	ld
lfg   	lg
lfj   	lj
lfk   	lk
lfl   	fl
lfm   	lm
lfn   	lfn
lfp   	lfp
lfq   	lf
lfr   	lfr
lfs   	ls
lft   	lft
lfv   	lf
lfx   	lx
lfz   	fs
lk    	lk
lkb   	lb
lkd   	ld
lkf   	kf
lkg   	lk
lkj   	lj
lkl   	kl
lkm   	lm
lkn   	kn
lkp   	lp
lkq   	lk
lkr   	kr
lks   	ks
lkt   	lt
lkv   	lv
lkx   	lx
lkz   	lz
lp    	lp
lpb   	lp
lpd   	ld
lpf   	lf
lpg   	lg
lpj   	px
lpk   	lk
lpl   	pl
lpm   	lm
lpn   	pn
lpq   	lp
lpr   	pr
lps   	ls
lpt   	lt
lpv   	lv
lpx   	lx
lpz   	lz
ls    	ls
lsb   	lb
lsd   	ld
lsf   	lf
lsg   	lg
lsj   	lj
lsk   	sk
lsl   	sl
lsm   	lm
lsn   	ln
lsp   	sp
lsq   	ls
lsr   	sr
lst   	lt
lsv   	lv
lsx   	lx
lsz   	ls
lt    	lt
ltb   	lb
ltd   	lt
ltf   	lf
ltg   	lg
ltj   	lj
ltk   	lk
ltl   	tl
ltm   	ltm
ltn   	ltn
ltp   	lp
ltq   	lt
ltr   	ltr
lts   	lts
ltv   	lv
ltx   	ltx
ltz   	lz
lv    	lv
lvb   	vb
lvd   	vd
lvf   	lf
lvg   	vg
lvj   	vj
lvk   	lk
lvl   	vl
lvm   	lm
lvn   	lvn
lvp   	lp
lvq   	lv
lvr   	lvr
lvs   	ls
lvt   	lt
lvx   	lx
lvz   	vz
lx    	lx
lxb   	lb
lxd   	ld
lxf   	lf
lxg   	lg
lxj   	lx
lxk   	xk
lxl   	xl
lxm   	lm
lxn   	ln
lxp   	lp
lxq   	lx
lxr   	lr
lxs   	ls
lxt   	lt
lxv   	lv
lxz   	xs
lz    	lz
lzb   	zb
lzd   	ld
lzf   	lf
lzg   	zg
lzj   	lj
lzk   	lk
lzl   	zl
lzm   	lm
lzn   	ln
lzp   	lp
lzq   	lz
lzr   	zr
lzs   	ls
lzt   	lt
lzv   	lv
lzx   	lx
mp    	mp
mpb   	mb
mpd   	md
mpf   	mf
mpfb  	mb
mpfd  	md
mpfg  	mg
mpfj  	mj
mpfk  	fk
mpfl  	ml
mpfm  	pm
mpfn  	pfn
mpfp  	mp
mpfq  	pf
mpfr  	mr
mpfs  	ms
mpft  	ft
mpfv  	mv
mpfx  	mx
mpfz  	mz
mpg   	mg
mpj   	mj
mpk   	mk
mpl   	mpl
mpm   	pm
mpn   	mpn
mpq   	mp
mpr   	mpr
mps   	ms
mpsb  	mb
mpsd  	md
mpsf  	mf
mpsg  	mg
mpsj  	mj
mpsk  	sk
mpsl  	ml
mpsm  	pm
mpsn  	pn
mpsp  	mp
mpsq  	mp
mpsr  	mr
mpst  	st
mpsv  	mv
mpsx  	mx
mpsz  	mz
mpt   	mt
mpv   	mv
mpx   	mx
mpz   	mz
nd    	nd
ndb   	nb
ndf   	nf
ndg   	ng
ndj   	nj
ndk   	nk
ndl   	ndl
ndm   	ndm
ndn   	dn
ndp   	np
ndq   	nd
ndr   	ndr
nds   	ns
ndt   	nt
ndv   	nv
ndx   	nx
ndz   	dz
ndzb  	nb
ndzd  	nd
ndzf  	nf
ndzg  	ng
ndzj  	nj
ndzk  	nk
ndzl  	zl
ndzm  	zm
ndzn  	zn
ndzp  	np
ndzq  	dz
ndzr  	zr
ndzs  	ns
ndzt  	nt
ndzv  	nv
ndzx  	nx
nt    	nt
ntb   	nb
ntcb  	nb
ntcd  	nt
ntcf  	nf
ntcg  	ng
ntcj  	nj
ntck  	nk
ntcl  	ntl
ntcm  	tm
ntcn  	tn
ntcp  	np
ntcq  	nt
ntcr  	tr
ntcs  	ts
ntct  	nt
ntcv  	nv
ntcx  	nx
ntcz  	nz
ntd   	nt
ntf   	nf
ntg   	ng
ntj   	nj
ntk   	nk
ntl   	ntl
ntm   	ntm
ntn   	tn
ntp   	np
ntq   	nt
ntr   	ntr
nts   	ts
ntsb  	nb
ntsd  	nd
ntsf  	nf
ntsg  	ng
ntsj  	nj
ntsk  	sk
ntsl  	tl
ntsm  	tm
ntsn  	tn
ntsp  	sp
ntsq  	nt
ntsr  	tr
ntst  	nt
ntsv  	nv
ntsx  	nx
ntsz  	ts
ntv   	nv
ntx   	ntx
ntxb  	nb
ntxd  	nd
ntxf  	nf
ntxg  	ng
ntxj  	nx
ntxk  	xk
ntxl  	tl
ntxm  	txm
ntxn  	tn
ntxp  	xp
ntxq  	nt
ntxr  	tr
ntxs  	ts
ntxt  	tx
ntxv  	nv
ntxz  	nz
ntz   	nz
ps    	ps
psb   	pp
psd   	st
psf   	pf
psg   	pk
psj   	sx
psk   	sk
psl   	pl
psm   	pm
psn   	pn
psp   	sp
psq   	ps
psr   	pr
pst   	st
psv   	pf
psx   	sx
psz   	ps
px    	px
pxb   	xp
pxd   	pt
pxf   	pf
pxg   	xk
pxj   	px
pxk   	xk
pxl   	pl
pxm   	pm
pxn   	pn
pxp   	xp
pxq   	px
pxr   	pr
pxs   	ps
pxt   	pt
pxv   	pf
pxz   	ps
qk    	qk
qkb   	qk
qkd   	qk
qkf   	qk
qkg   	qk
qkj   	qk
qkl   	kl
qkm   	km
qkn   	kn
qkp   	kp
qkq   	qk
qkr   	kr
qks   	ks
qksb  	qk
qksd  	qk
qksf  	qk
qksg  	qk
qksj  	qk
qksk  	ksk
qksl  	kl
qksm  	ksm
qksn  	kn
qksp  	ksp
qksq  	ks
qksr  	kr
qkst  	kst
qksv  	qk
qksx  	qk
qksz  	qk
qkt   	kt
qkv   	qk
qkx   	qk
qkxb  	qk
qkxd  	qk
qkxf  	qk
qkxg  	qk
qkxj  	qk
qkxk  	qk
qkxl  	qk
qkxm  	qk
qkxn  	qk
qkxp  	kp
qkxq  	qk
qkxr  	qk
qkxs  	ks
qkxt  	qk
qkxv  	qk
qkxz  	ks
qkz   	ks
rb    	rb
rbd   	rd
rbf   	rf
rbg   	rg
rbj   	rj
rbk   	rk
rbl   	bl
rbm   	rm
rbn   	bn
rbp   	rp
rbq   	rb
rbr   	br
rbs   	rs
rbt   	rt
rbv   	rv
rbx   	rx
rbz   	rz
rd    	rd
rdb   	rb
rdf   	rf
rdg   	rg
rdj   	rj
rdk   	rk
rdl   	rdl
rdm   	rdm
rdn   	rdn
rdp   	rp
rdq   	rd
rdr   	dr
rds   	rs
rdt   	rt
rdv   	rv
rdx   	rx
rdz   	rdz
rf    	rf
rfb   	rb
rfd   	rd
rfg   	rg
rfj   	rj
rfk   	rk
rfl   	rfl
rfm   	rm
rfn   	rfn
rfp   	rfp
rfq   	rf
rfr   	fr
rfs   	rs
rft   	rft
rfv   	rf
rfx   	rx
rfz   	rz
rg    	rg
rgb   	rb
rgd   	rd
rgf   	rf
rgj   	rj
rgk   	rk
rgl   	gl
rgm   	rm
rgn   	gn
rgp   	rp
rgq   	rg
rgr   	gr
rgs   	rs
rgt   	rt
rgv   	gv
rgx   	rx
rgz   	gz
rk    	rk
rkb   	rb
rkd   	rd
rkf   	rf
rkg   	rk
rkj   	rj
rkl   	kl
rkm   	rm
rkn   	kn
rkp   	rp
rkq   	rk
rkr   	kr
rks   	ks
rkt   	rt
rkv   	rv
rkx   	rx
rkz   	rz
rp    	rp
rpb   	rp
rpd   	rd
rpf   	rf
rpg   	rg
rpj   	rj
rpk   	rk
rpl   	pl
rpm   	rm
rpn   	pn
rpq   	rp
rpr   	pr
rps   	rs
rpt   	rt
rpv   	rv
rpx   	rx
rpz   	rz
rs    	rs
rsb   	rb
rsd   	rd
rsf   	rf
rsg   	rg
rsj   	rj
rsk   	sk
rsl   	sl
rsm   	rm
rsn   	rn
rsp   	sp
rsq   	rs
rsr   	sr
rst   	rt
rsv   	rv
rsx   	rx
rsz   	rs
rt    	rt
rtb   	rb
rtd   	rt
rtf   	rf
rtg   	rg
rtj   	rj
rtk   	rk
rtl   	rtl
rtm   	rtm
rtn   	rtn
rtp   	rp
rtq   	rt
rtr   	tr
rts   	rts
rtv   	rv
rtx   	rtx
rtz   	rz
rv    	rv
rvb   	vb
rvd   	rd
rvf   	rf
rvg   	rg
rvj   	rj
rvk   	rk
rvl   	rvl
rvm   	rm
rvn   	rvn
rvp   	rp
rvq   	rv
rvr   	vr
rvs   	rs
rvt   	rt
rvx   	rx
rvz   	rz
rx    	rx
rxb   	rb
rxd   	rd
rxf   	rf
rxg   	rg
rxj   	rx
rxk   	xk
rxl   	rl
rxm   	rm
rxn   	rn
rxp   	rp
rxq   	rx
rxr   	xr
rxs   	rs
rxt   	rt
rxv   	rv
rxz   	rz
rz    	rz
rzb   	zb
rzd   	rd
rzf   	rf
rzg   	zg
rzj   	rj
rzk   	rk
rzl   	zl
rzm   	rm
rzn   	rn
rzp   	rp
rzq   	rz
rzr   	zr
rzs   	rs
rzt   	rt
rzv   	rv
rzx   	rx
sk    	sk
skb   	sp
skd   	st
skf   	sf
skg   	sk
skj   	sk
skl   	skl
skm   	skm
skn   	kn
skp   	sp
skq   	sk
skr   	skr
sks   	ks
skt   	st
skv   	sk
skx   	sx
skz   	ks
sp    	sp
spb   	sp
spd   	st
spf   	pf
spg   	sk
spj   	sp
spk   	sk
spl   	spl
spm   	spm
spn   	spn
spq   	sp
spr   	spr
sps   	ps
spt   	st
spv   	pf
spx   	sx
spz   	sp
st    	st
stb   	sp
std   	st
stf   	sf
stg   	sk
stj   	st
stk   	sk
stl   	stl
stm   	stm
stn   	tn
stp   	sp
stq   	st
str   	str
sts   	ts
stv   	st
stx   	tx
stz   	ts
ts    	ts
tsb   	sp
tsd   	st
tsf   	tf
tsg   	sk
tsj   	tx
tsk   	sk
tsl   	tl
tsm   	tsm
tsn   	tn
tsp   	sp
tsq   	ts
tsr   	tr
tst   	st
tsv   	tf
tsx   	tx
tsz   	ts
xt    	xt
xtb   	tp
xtd   	xt
xtf   	xf
xtg   	tk
xtj   	xx
xtk   	xk
xtl   	tl
xtm   	xm
xtn   	tn
xtp   	xp
xtq   	xt
xtr   	tr
xts   	ts
xtv   	xf
xtx   	tx
xtz   	ts
