cluster,difficulty,simplified,simplified_difficulty,changed,source,candidate_count
br,0,br,0,false,start,0
bl,0,bl,0,false,start,0
dr,0,dr,0,false,start,0
fr,0,fr,0,false,start,0
fl,0,fl,0,false,start,0
gr,0,gr,0,false,start,0
gl,0,gl,0,false,start,0
kr,0,kr,0,false,start,0
kl,0,kl,0,false,start,0
pr,0,pr,0,false,start,0
pl,0,pl,0,false,start,0
tr,0,tr,0,false,start,0
vr,0,vr,0,false,start,0
sk,0,sk,0,false,start,0
sp,0,sp,0,false,start,0
st,0,st,0,false,start,0
sl,1,sl,1,false,start,0
sm,0,sm,0,false,start,0
sn,2,sn,2,false,start,0
sw,99,sw,99,false,start,0
tw,99,tw,99,false,start,0
kw,99,kw,99,false,start,0
tx,0,tx,0,false,start,0
spr,2,spr,2,false,start,3
spl,2,spl,2,false,start,3
str,2,str,2,false,start,3
skr,2,skr,2,false,start,3
skl,2,skl,2,false,start,3
skw,99,sk,0,true,start,1
mp,0,mp,0,false,end,0
mpf,5,pf,0,true,end,3
mps,3,ms,0,true,end,3
nt,0,nt,0,false,end,0
ntx,2,ntx,2,false,end,3
nd,0,nd,0,false,end,0
nts,5,ts,0,true,end,3
ndz,5,dz,0,true,end,3
ntc,99,nt,0,true,end,1
qk,0,qk,0,false,end,0
qkx,4,qk,0,true,end,3
qks,0,ks,0,true,end,0
lp,1,lp,1,false,end,0
lb,1,lb,1,false,end,0
lf,0,lf,0,false,end,0
lv,0,lv,0,false,end,0
ls,1,ls,1,false,end,0
lx,0,lx,0,false,end,0
lz,1,lz,1,false,end,0
lt,0,lt,0,false,end,0
lc,99,lc,99,false,end,0
ld,0,ld,0,false,end,0
lk,1,lk,1,false,end,0
rp,1,rp,1,false,end,0
rb,1,rb,1,false,end,0
rf,0,rf,0,false,end,0
rv,0,rv,0,false,end,0
rs,1,rs,1,false,end,0
rz,1,rz,1,false,end,0
rt,0,rt,0,false,end,0
rd,0,rd,0,false,end,0
rk,1,rk,1,false,end,0
rg,1,rg,1,false,end,0
rx,0,rx,0,false,end,0
ft,0,ft,0,false,end,0
ps,1,ps,1,false,end,0
px,3,px,3,false,end,0
ks,0,ks,0,false,end,0
kx,2,kx,2,false,end,0
bz,1,bz,1,false,end,0
gz,0,gz,0,false,end,0
ts,0,ts,0,false,end,0
dj,0,dj,0,false,end,0
dz,0,dz,0,false,end,0
sk,0,sk,0,false,end,0
sp,0,sp,0,false,end,0
st,0,st,0,false,end,0
xt,2,xt,2,false,end,0
bzbl,11,bl,0,true,end+start,7
bzbr,11,br,0,true,end+start,7
bzdr,10,zd,0,true,end+start,10
bzfl,13,bv,0,true,end+start,10
bzfr,13,br,0,true,end+start,10
bzgl,10,zg,0,true,end+start,10
bzgr,10,br,0,true,end+start,10
bzkl,10,bl,0,true,end+start,10
bzkr,10,br,0,true,end+start,10
bzkw,99,zg,0,true,end+start,4
bzpl,11,zb,0,true,end+start,9
bzpr,11,br,0,true,end+start,9
bzsk,14,sk,0,true,end+start,8
bzskl,12,bl,0,true,end+start,17
bzskr,12,br,0,true,end+start,17
bzskw,99,sk,0,true,end+start,8
bzsl,13,bl,0,true,end+start,8
bzsm,12,bm,0,true,end+start,8
bzsn,14,bn,0,true,end+start,8
bzsp,14,sp,0,true,end+start,8
bzspl,12,bl,0,true,end+start,16
bzspr,12,br,0,true,end+start,16
bzst,14,st,0,true,end+start,8
bzstr,12,br,0,true,end+start,17
bzsw,99,bz,1,true,end+start,3
bztr,10,br,0,true,end+start,10
bztw,99,zd,0,true,end+start,4
bztx,12,tx,0,true,end+start,10
bzvr,13,bv,0,true,end+start,10
djbl,11,dl,0,true,end+start,10
djbr,11,br,0,true,end+start,10
djdr,12,dr,0,true,end+start,7
djfl,12,dl,0,true,end+start,10
djfr,12,fr,0,true,end+start,10
djgl,10,gl,0,true,end+start,10
djgr,10,gr,0,true,end+start,10
djkl,10,dl,0,true,end+start,10
djkr,10,dr,0,true,end+start,10
djkw,99,dj,0,true,end+start,4
djpl,11,dl,0,true,end+start,10
djpr,11,dr,0,true,end+start,10
djsk,16,sk,0,true,end+start,10
djskl,14,dl,0,true,end+start,20
djskr,14,dr,0,true,end+start,20
djskw,99,dj,0,true,end+start,10
djsl,15,sl,1,true,end+start,10
djsm,14,dm,0,true,end+start,10
djsn,16,dn,0,true,end+start,10
djsp,16,dj,0,true,end+start,10
djspl,14,sp,0,true,end+start,20
djspr,14,dr,0,true,end+start,20
djst,16,st,0,true,end+start,10
djstr,14,dr,0,true,end+start,19
djsw,99,dz,0,true,end+start,4
djtr,12,tr,0,true,end+start,9
djtw,99,dj,0,true,end+start,4
djtx,14,tx,0,true,end+start,8
djvr,12,vr,0,true,end+start,10
dzbl,7,dl,0,true,end+start,10
dzbr,7,zb,0,true,end+start,10
dzdr,7,dr,0,true,end+start,7
dzfl,9,dz,0,true,end+start,10
dzfr,9,fr,0,true,end+start,10
dzgl,7,zg,0,true,end+start,10
dzgr,7,dr,0,true,end+start,10
dzkl,7,dl,0,true,end+start,10
dzkr,7,dr,0,true,end+start,10
dzkw,99,dz,0,true,end+start,4
dzpl,7,dz,0,true,end+start,10
dzpr,7,dr,0,true,end+start,10
dzsk,11,sk,0,true,end+start,8
dzskl,9,dl,0,true,end+start,17
dzskr,9,dr,0,true,end+start,17
dzskw,99,dz,0,true,end+start,8
dzsl,10,dl,0,true,end+start,8
dzsm,9,dzm,2,true,end+start,8
dzsn,14,dn,0,true,end+start,8
dzsp,11,sp,0,true,end+start,8
dzspl,9,dl,0,true,end+start,17
dzspr,9,dr,0,true,end+start,17
dzst,14,st,0,true,end+start,8
dzstr,9,dr,0,true,end+start,16
dzsw,99,dz,0,true,end+start,3
dztr,7,dr,0,true,end+start,9
dztw,99,dz,0,true,end+start,4
dztx,9,tx,0,true,end+start,9
dzvr,9,dv,2,true,end+start,10
ftbl,11,fp,0,true,end+start,10
ftbr,11,fr,0,true,end+start,10
ftdr,10,fr,0,true,end+start,8
ftfl,9,fl,0,true,end+start,7
ftfr,9,ftr,2,true,end+start,7
ftgl,10,ft,0,true,end+start,10
ftgr,10,fr,0,true,end+start,10
ftkl,8,fl,0,true,end+start,10
ftkr,8,fr,0,true,end+start,10
ftkw,99,fk,1,true,end+start,4
ftpl,9,fp,0,true,end+start,10
ftpr,9,fr,0,true,end+start,10
ftr,2,ftr,2,false,end+start,3
ftsk,8,sk,0,true,end+start,10
ftskl,6,fl,0,true,end+start,20
ftskr,6,fr,0,true,end+start,20
ftskw,99,ft,0,true,end+start,10
ftsl,7,fl,0,true,end+start,10
ftsm,6,sm,0,true,end+start,9
ftsn,8,fn,0,true,end+start,9
ftsp,8,fp,0,true,end+start,10
ftspl,6,fl,0,true,end+start,20
ftspr,6,fr,0,true,end+start,20
ftst,8,ft,0,true,end+start,7
ftstr,6,fr,0,true,end+start,14
ftsw,99,ts,0,true,end+start,4
ftvr,11,tr,0,true,end+start,9
ftw,99,ft,0,true,end+start,1
ftx,4,fx,2,true,end+start,3
gzbl,9,gl,0,true,end+start,10
gzbr,9,zb,0,true,end+start,10
gzdr,9,zd,0,true,end+start,10
gzfl,11,gl,0,true,end+start,10
gzfr,11,gz,0,true,end+start,10
gzgl,9,gl,0,true,end+start,7
gzgr,9,gr,0,true,end+start,7
gzkl,9,gl,0,true,end+start,9
gzkr,9,gr,0,true,end+start,9
gzkw,99,gz,0,true,end+start,4
gzpl,9,gl,0,true,end+start,10
gzpr,9,gz,0,true,end+start,10
gzsk,13,sk,0,true,end+start,8
gzskl,11,gl,0,true,end+start,16
gzskr,11,gr,0,true,end+start,16
gzskw,99,gz,0,true,end+start,8
gzsl,12,gl,0,true,end+start,8
gzsm,11,gm,0,true,end+start,8
gzsn,13,gn,1,true,end+start,8
gzsp,13,sp,0,true,end+start,8
gzspl,11,gl,0,true,end+start,17
gzspr,11,gr,0,true,end+start,17
gzst,13,st,0,true,end+start,8
gzstr,11,gr,0,true,end+start,17
gzsw,99,gz,0,true,end+start,3
gztr,9,gr,0,true,end+start,10
gztw,99,gz,0,true,end+start,4
gztx,11,tx,0,true,end+start,10
gzvr,11,gz,0,true,end+start,10
ksbl,7,ks,0,true,end+start,10
ksbr,7,kr,0,true,end+start,10
ksdr,7,ks,0,true,end+start,10
ksfl,7,ks,0,true,end+start,10
ksfr,7,kr,0,true,end+start,10
ksgl,7,ks,0,true,end+start,9
ksgr,7,gr,0,true,end+start,9
ksk,6,sk,0,true,end+start,2
kskl,5,skl,2,true,end+start,7
kskr,5,skr,2,true,end+start,7
kskw,99,sk,0,true,end+start,3
ksl,3,kl,0,true,end+start,3
ksm,2,ksm,2,false,end+start,3
ksn,4,kn,1,true,end+start,3
ksp,4,kp,2,true,end+start,3
kspl,5,kl,0,true,end+start,10
kspr,5,kr,0,true,end+start,10
kst,4,st,0,true,end+start,3
kstr,5,kr,0,true,end+start,10
kstw,99,st,0,true,end+start,4
kstx,7,kx,2,true,end+start,10
ksvr,9,vr,0,true,end+start,10
ksw,99,ks,0,true,end+start,1
kxbl,12,xp,1,true,end+start,10
kxbr,12,kr,0,true,end+start,10
kxdr,13,kt,2,true,end+start,10
kxfl,11,xf,2,true,end+start,10
kxfr,11,kr,0,true,end+start,10
kxgl,11,gl,0,true,end+start,9
kxgr,11,gr,0,true,end+start,9
kxkl,9,kl,0,true,end+start,7
kxkr,9,kr,0,true,end+start,7
kxkw,99,xk,0,true,end+start,3
kxpl,10,kl,0,true,end+start,10
kxpr,10,kr,0,true,end+start,10
kxsk,17,xk,0,true,end+start,9
kxskl,13,kl,0,true,end+start,17
kxskr,13,kr,0,true,end+start,17
kxskw,99,ks,0,true,end+start,9
kxsl,14,kl,0,true,end+start,10
kxsm,13,km,0,true,end+start,10
kxsn,15,kn,1,true,end+start,10
kxsp,15,xp,1,true,end+start,10
kxspl,13,kl,0,true,end+start,20
kxspr,13,kr,0,true,end+start,20
kxst,15,st,0,true,end+start,10
kxstr,13,kr,0,true,end+start,20
kxsw,99,ks,0,true,end+start,4
kxtr,11,kr,0,true,end+start,10
kxtw,99,kt,2,true,end+start,4
kxtx,13,tx,0,true,end+start,7
kxvr,13,kr,0,true,end+start,10
lbdr,10,ld,0,true,end+start,10
lbfl,10,bl,0,true,end+start,9
lbfr,8,lf,0,true,end+start,10
lbgl,12,bl,0,true,end+start,9
lbgr,10,lg,1,true,end+start,10
lbkl,12,bl,0,true,end+start,9
lbkr,10,br,0,true,end+start,10
lbkw,99,lk,1,true,end+start,4
lbl,5,bl,0,true,end+start,2
lbpl,12,bl,0,true,end+start,7
lbpr,10,br,0,true,end+start,8
lbr,3,br,0,true,end+start,3
lbsk,9,sk,0,true,end+start,10
lbskl,11,bl,0,true,end+start,19
lbskr,9,br,0,true,end+start,20
lbskw,99,sk,0,true,end+start,10
lbsl,12,bl,0,true,end+start,9
lbsm,10,bm,0,true,end+start,9
lbsn,11,bn,0,true,end+start,9
lbsp,10,sp,0,true,end+start,9
lbspl,12,bl,0,true,end+start,17
lbspr,10,br,0,true,end+start,18
lbst,9,lt,0,true,end+start,10
lbstr,9,br,0,true,end+start,20
lbsw,99,ls,1,true,end+start,4
lbtr,10,br,0,true,end+start,10
lbtw,99,lt,0,true,end+start,4
lbtx,10,lx,0,true,end+start,10
lbvr,8,lv,0,true,end+start,10
lcbl,99,bl,0,true,end+start,3
lcbr,99,br,0,true,end+start,4
lcdr,99,ldr,2,true,end+start,4
lcfl,99,fl,0,true,end+start,3
lcfr,99,lfr,2,true,end+start,4
lcgl,99,gl,0,true,end+start,3
lcgr,99,gr,0,true,end+start,4
lckl,99,kl,0,true,end+start,3
lckr,99,kr,0,true,end+start,4
lckw,99,lk,1,true,end+start,1
lcpl,99,pl,0,true,end+start,3
lcpr,99,pr,0,true,end+start,4
lcsk,99,sk,0,true,end+start,4
lcskl,99,kl,0,true,end+start,9
lcskr,99,kr,0,true,end+start,10
lcskw,99,sk,0,true,end+start,4
lcsl,99,sl,1,true,end+start,3
lcsm,99,lm,0,true,end+start,4
lcsn,99,ln,2,true,end+start,4
lcsp,99,sp,0,true,end+start,4
lcspl,99,pl,0,true,end+start,9
lcspr,99,pr,0,true,end+start,10
lcst,99,lt,0,true,end+start,4
lcstr,99,tr,0,true,end+start,10
lcsw,99,ls,1,true,end+start,1
lctr,99,ltr,2,true,end+start,4
lctw,99,lt,0,true,end+start,1
lctx,99,ltx,2,true,end+start,4
lcvr,99,lvr,2,true,end+start,4
ldbl,11,dl,0,true,end+start,9
ldbr,9,lb,1,true,end+start,10
ldfl,11,dl,0,true,end+start,9
ldfr,9,lf,0,true,end+start,10
ldgl,11,dl,0,true,end+start,9
ldgr,9,lg,1,true,end+start,10
ldkl,11,dl,0,true,end+start,9
ldkr,9,dr,0,true,end+start,10
ldkw,99,lk,1,true,end+start,4
ldpl,11,dl,0,true,end+start,9
ldpr,9,dr,0,true,end+start,10
ldr,2,ldr,2,false,end+start,3
ldsk,7,sk,0,true,end+start,10
ldskl,9,dl,0,true,end+start,19
ldskr,7,dr,0,true,end+start,20
ldskw,99,ld,0,true,end+start,10
ldsl,10,dl,0,true,end+start,9
ldsm,7,dm,0,true,end+start,9
ldsn,9,dn,0,true,end+start,9
ldsp,7,lp,1,true,end+start,10
ldspl,9,dl,0,true,end+start,19
ldspr,7,dr,0,true,end+start,20
ldst,7,lt,0,true,end+start,9
ldstr,7,dr,0,true,end+start,18
ldsw,99,ls,1,true,end+start,4
ldtr,9,dr,0,true,end+start,8
ldtw,99,lt,0,true,end+start,3
ldtx,9,lx,0,true,end+start,8
ldvr,9,lv,0,true,end+start,10
lfbl,9,fl,0,true,end+start,9
lfbr,7,lb,1,true,end+start,10
lfdr,7,ld,0,true,end+start,10
lfgl,10,fl,0,true,end+start,9
lfgr,8,lg,1,true,end+start,10
lfkl,8,fl,0,true,end+start,9
lfkr,6,fr,0,true,end+start,10
lfkw,99,lk,1,true,end+start,4
lfl,4,fl,0,true,end+start,2
lfpl,7,fpl,2,true,end+start,9
lfpr,5,fr,0,true,end+start,10
lfr,2,lfr,2,false,end+start,3
lfsk,7,sk,0,true,end+start,10
lfskl,9,fl,0,true,end+start,19
lfskr,7,fr,0,true,end+start,20
lfskw,99,lf,0,true,end+start,10
lfsl,10,fl,0,true,end+start,9
lfsm,8,lm,0,true,end+start,10
lfsn,9,lfn,2,true,end+start,10
lfsp,8,lfp,2,true,end+start,10
lfspl,10,fl,0,true,end+start,19
lfspr,8,fr,0,true,end+start,20
lfst,7,lt,0,true,end+start,10
lfstr,7,fr,0,true,end+start,20
lfsw,99,ls,1,true,end+start,4
lftr,5,fr,0,true,end+start,10
lftw,99,lft,2,true,end+start,4
lftx,5,tx,0,true,end+start,10
lfvr,9,vr,0,true,end+start,8
lkbl,12,kl,0,true,end+start,9
lkbr,10,lb,1,true,end+start,10
lkdr,10,ld,0,true,end+start,10
lkfl,11,kl,0,true,end+start,9
lkfr,9,lf,0,true,end+start,10
lkgl,12,gl,0,true,end+start,7
lkgr,10,gr,0,true,end+start,8
lkl,5,kl,0,true,end+start,2
lkpl,10,kl,0,true,end+start,9
lkpr,8,kr,0,true,end+start,10
lkr,3,kr,0,true,end+start,3
lksk,6,sk,0,true,end+start,7
lkskl,8,kl,0,true,end+start,13
lkskr,6,kr,0,true,end+start,14
lkskw,99,ks,0,true,end+start,7
lksl,9,kl,0,true,end+start,9
lksm,6,lm,0,true,end+start,9
lksn,8,kn,1,true,end+start,9
lksp,6,lp,1,true,end+start,10
lkspl,8,kl,0,true,end+start,19
lkspr,6,kr,0,true,end+start,20
lkst,6,lt,0,true,end+start,10
lkstr,6,kr,0,true,end+start,20
lksw,99,ks,0,true,end+start,4
lktr,8,kr,0,true,end+start,10
lktw,99,lt,0,true,end+start,4
lktx,8,lx,0,true,end+start,10
lkvr,11,lv,0,true,end+start,10
lkw,99,lk,1,true,end+start,1
lpbl,12,bl,0,true,end+start,7
lpbr,10,br,0,true,end+start,8
lpdr,10,ld,0,true,end+start,10
lpfl,8,pfl,2,true,end+start,9
lpfr,6,lf,0,true,end+start,10
lpgl,12,pl,0,true,end+start,9
lpgr,10,lg,1,true,end+start,10
lpkl,10,pl,0,true,end+start,9
lpkr,8,pr,0,true,end+start,10
lpkw,99,lk,1,true,end+start,4
lpl,5,pl,0,true,end+start,2
lpr,3,pr,0,true,end+start,3
lpsk,7,sk,0,true,end+start,10
lpskl,9,pl,0,true,end+start,19
lpskr,7,pr,0,true,end+start,20
lpskw,99,sk,0,true,end+start,10
lpsl,10,pl,0,true,end+start,9
lpsm,8,lm,0,true,end+start,9
lpsn,9,pn,0,true,end+start,9
lpsp,8,sp,0,true,end+start,7
lpspl,10,pl,0,true,end+start,13
lpspr,8,pr,0,true,end+start,14
lpst,7,lt,0,true,end+start,10
lpstr,7,pr,0,true,end+start,20
lpsw,99,ls,1,true,end+start,4
lptr,8,pr,0,true,end+start,10
lptw,99,lt,0,true,end+start,4
lptx,8,lx,0,true,end+start,10
lpvr,8,lv,0,true,end+start,10
lsbl,10,lb,1,true,end+start,9
lsbr,8,sr,1,true,end+start,10
lsdr,8,ld,0,true,end+start,10
lsfl,10,fl,0,true,end+start,9
lsfr,8,lf,0,true,end+start,10
lsgl,10,lg,1,true,end+start,9
lsgr,8,gr,0,true,end+start,10
lsk,3,sk,0,true,end+start,3
lskl,8,kl,0,true,end+start,9
lskr,6,kr,0,true,end+start,10
lskw,99,sk,0,true,end+start,4
lsl,6,sl,1,true,end+start,2
lsm,3,lm,0,true,end+start,3
lsn,5,ln,2,true,end+start,3
lsp,3,sp,0,true,end+start,3
lspl,8,pl,0,true,end+start,9
lspr,6,pr,0,true,end+start,10
lst,3,lt,0,true,end+start,3
lstr,6,tr,0,true,end+start,10
lstw,99,lt,0,true,end+start,4
lstx,6,lx,0,true,end+start,10
lsvr,10,lv,0,true,end+start,10
lsw,99,ls,1,true,end+start,1
ltbl,11,tl,0,true,end+start,9
ltbr,9,lb,1,true,end+start,10
ltdr,9,dr,0,true,end+start,8
ltfl,9,tl,0,true,end+start,9
ltfr,7,lf,0,true,end+start,10
ltgl,11,tl,0,true,end+start,9
ltgr,9,lg,1,true,end+start,10
ltkl,9,tl,0,true,end+start,9
ltkr,7,tr,0,true,end+start,10
ltkw,99,lk,1,true,end+start,4
ltpl,9,tl,0,true,end+start,9
ltpr,7,tr,0,true,end+start,10
ltr,2,ltr,2,false,end+start,3
ltsk,5,sk,0,true,end+start,10
ltskl,7,tl,0,true,end+start,19
ltskr,5,tr,0,true,end+start,20
ltskw,99,lt,0,true,end+start,10
ltsl,8,tl,0,true,end+start,9
ltsm,5,lm,0,true,end+start,9
ltsn,7,tn,0,true,end+start,9
ltsp,5,lp,1,true,end+start,10
ltspl,7,tl,0,true,end+start,19
ltspr,5,tr,0,true,end+start,20
ltst,5,lt,0,true,end+start,7
ltstr,5,tr,0,true,end+start,14
ltsw,99,lts,2,true,end+start,4
ltvr,9,lv,0,true,end+start,10
ltw,99,lt,0,true,end+start,1
ltx,2,ltx,2,false,end+start,3
lvbl,9,vl,0,true,end+start,9
lvbr,7,vb,0,true,end+start,10
lvdr,7,ld,0,true,end+start,10
lvfl,11,vl,0,true,end+start,7
lvfr,9,vr,0,true,end+start,8
lvgl,10,vl,0,true,end+start,9
lvgr,8,lg,1,true,end+start,10
lvkl,10,vl,0,true,end+start,9
lvkr,8,vr,0,true,end+start,10
lvkw,99,lk,1,true,end+start,4
lvpl,9,vl,0,true,end+start,9
lvpr,7,vr,0,true,end+start,10
lvr,2,lvr,2,false,end+start,3
lvsk,9,sk,0,true,end+start,10
lvskl,11,vl,0,true,end+start,19
lvskr,9,vr,0,true,end+start,20
lvskw,99,lv,0,true,end+start,10
lvsl,12,vl,0,true,end+start,9
lvsm,10,lm,0,true,end+start,10
lvsn,11,lvn,2,true,end+start,10
lvsp,10,lp,1,true,end+start,10
lvspl,12,vl,0,true,end+start,19
lvspr,10,vr,0,true,end+start,20
lvst,9,st,0,true,end+start,10
lvstr,9,vr,0,true,end+start,20
lvsw,99,ls,1,true,end+start,4
lvtr,7,vr,0,true,end+start,10
lvtw,99,lt,0,true,end+start,4
lvtx,7,tx,0,true,end+start,10
lxbl,12,bl,0,true,end+start,9
lxbr,10,lr,2,true,end+start,10
lxdr,11,dr,0,true,end+start,10
lxfl,11,fl,0,true,end+start,9
lxfr,9,lf,0,true,end+start,10
lxgl,11,lg,1,true,end+start,9
lxgr,9,gr,0,true,end+start,10
lxkl,9,kl,0,true,end+start,9
lxkr,7,kr,0,true,end+start,10
lxkw,99,xk,0,true,end+start,4
lxpl,10,lp,1,true,end+start,9
lxpr,8,pr,0,true,end+start,10
lxsk,11,xk,0,true,end+start,10
lxskl,13,kl,0,true,end+start,19
lxskr,11,kr,0,true,end+start,20
lxskw,99,lx,0,true,end+start,10
lxsl,14,lx,0,true,end+start,9
lxsm,11,lm,0,true,end+start,10
lxsn,13,ln,2,true,end+start,10
lxsp,11,sp,0,true,end+start,10
lxspl,13,pl,0,true,end+start,19
lxspr,11,pr,0,true,end+start,20
lxst,11,lt,0,true,end+start,10
lxstr,11,tr,0,true,end+start,20
lxsw,99,ls,1,true,end+start,4
lxtr,9,tr,0,true,end+start,10
lxtw,99,lt,0,true,end+start,4
lxtx,9,tx,0,true,end+start,7
lxvr,11,lv,0,true,end+start,10
lzbl,10,zb,0,true,end+start,9
lzbr,8,zr,1,true,end+start,10
lzdr,8,ld,0,true,end+start,10
lzfl,12,fl,0,true,end+start,9
lzfr,10,lf,0,true,end+start,10
lzgl,10,zg,0,true,end+start,9
lzgr,8,gr,0,true,end+start,10
lzkl,10,kl,0,true,end+start,9
lzkr,8,kr,0,true,end+start,10
lzkw,99,lk,1,true,end+start,4
lzpl,10,pl,0,true,end+start,9
lzpr,8,pr,0,true,end+start,10
lzsk,10,sk,0,true,end+start,8
lzskl,12,kl,0,true,end+start,16
lzskr,10,kr,0,true,end+start,17
lzskw,99,sk,0,true,end+start,8
lzsl,13,zl,1,true,end+start,7
lzsm,10,lm,0,true,end+start,8
lzsn,12,ln,2,true,end+start,8
lzsp,10,lp,1,true,end+start,8
lzspl,12,pl,0,true,end+start,16
lzspr,10,pr,0,true,end+start,17
lzst,10,lt,0,true,end+start,8
lzstr,10,tr,0,true,end+start,17
lzsw,99,ls,1,true,end+start,3
lztr,8,tr,0,true,end+start,10
lztw,99,lt,0,true,end+start,4
lztx,8,lx,0,true,end+start,10
lzvr,10,lv,0,true,end+start,10
mpbl,9,mbl,2,true,end+start,8
mpbr,9,mbr,2,true,end+start,8
mpdr,9,mpr,2,true,end+start,10
mpfbl,7,pf,0,true,end+start,18
mpfbr,7,mr,0,true,end+start,18
mpfdr,7,mr,0,true,end+start,20
mpfgl,8,mg,2,true,end+start,20
mpfgr,8,pf,0,true,end+start,20
mpfkl,6,ml,0,true,end+start,20
mpfkr,6,mr,0,true,end+start,20
mpfkw,99,fk,1,true,end+start,10
mpfl,5,mpl,2,true,end+start,10
mpfpl,5,fp,0,true,end+start,14
mpfpr,5,mr,0,true,end+start,14
mpfr,5,mr,0,true,end+start,10
mpfsk,7,sk,0,true,end+start,20
mpfskl,7,ml,0,true,end+start,35
mpfskr,7,mr,0,true,end+start,35
mpfskw,99,mp,0,true,end+start,20
mpfsl,8,ml,0,true,end+start,20
mpfsm,10,fm,2,true,end+start,18
mpfsn,9,fn,0,true,end+start,19
mpfsp,8,mp,0,true,end+start,17
mpfspl,8,ml,0,true,end+start,29
mpfspr,8,mr,0,true,end+start,29
mpfst,7,ft,0,true,end+start,20
mpfstr,7,mr,0,true,end+start,35
mpfsw,99,ps,1,true,end+start,10
mpftr,5,mr,0,true,end+start,20
mpftw,99,ft,0,true,end+start,10
mpftx,5,mx,0,true,end+start,20
mpfvr,9,mr,0,true,end+start,17
mpgl,9,ml,0,true,end+start,10
mpgr,9,mr,0,true,end+start,10
mpkl,7,ml,0,true,end+start,10
mpkr,7,mr,0,true,end+start,10
mpkw,99,mk,2,true,end+start,4
mpl,2,mpl,2,false,end+start,3
mpr,2,mpr,2,false,end+start,3
mpsbl,9,ml,0,true,end+start,18
mpsbr,9,mr,0,true,end+start,18
mpsdr,8,mr,0,true,end+start,20
mpsfl,9,ml,0,true,end+start,20
mpsfr,9,mr,0,true,end+start,20
mpsgl,8,ml,0,true,end+start,20
mpsgr,8,mr,0,true,end+start,20
mpsk,6,sk,0,true,end+start,10
mpskl,6,ml,0,true,end+start,20
mpskr,6,mr,0,true,end+start,20
mpskw,99,mp,0,true,end+start,10
mpsl,7,ml,0,true,end+start,10
mpsm,9,sm,0,true,end+start,8
mpsn,8,mn,2,true,end+start,9
mpsp,7,mp,0,true,end+start,7
mpspl,7,ml,0,true,end+start,14
mpspr,7,mr,0,true,end+start,14
mpst,6,mst,2,true,end+start,10
mpstr,6,mr,0,true,end+start,20
mpstw,99,mp,0,true,end+start,10
mpstx,6,mx,0,true,end+start,20
mpsvr,11,mr,0,true,end+start,20
mpsw,99,ms,0,true,end+start,4
mptr,7,mr,0,true,end+start,10
mptw,99,mt,2,true,end+start,4
mptx,7,mx,0,true,end+start,10
mpvr,7,mr,0,true,end+start,10
ndbl,9,ndl,2,true,end+start,10
ndbr,9,br,0,true,end+start,10
ndfl,9,nfl,2,true,end+start,10
ndfr,9,nfr,2,true,end+start,10
ndgl,9,gl,0,true,end+start,10
ndgr,9,gr,0,true,end+start,10
ndkl,9,dl,0,true,end+start,10
ndkr,9,dr,0,true,end+start,10
ndkw,99,nk,2,true,end+start,4
ndpl,9,dl,0,true,end+start,10
ndpr,9,dr,0,true,end+start,10
ndr,2,ndr,2,false,end+start,3
ndsk,7,sk,0,true,end+start,10
ndskl,7,dl,0,true,end+start,20
ndskr,7,dr,0,true,end+start,20
ndskw,99,nd,0,true,end+start,10
ndsl,8,sl,1,true,end+start,10
ndsm,7,sm,0,true,end+start,9
ndsn,14,dn,0,true,end+start,8
ndsp,7,sp,0,true,end+start,10
ndspl,7,dl,0,true,end+start,20
ndspr,7,dr,0,true,end+start,20
ndst,10,nt,0,true,end+start,9
ndstr,7,dr,0,true,end+start,18
ndsw,99,ns,2,true,end+start,4
ndtr,9,ndr,2,true,end+start,8
ndtw,99,nt,0,true,end+start,3
ndtx,9,nx,0,true,end+start,8
ndvr,9,nvr,2,true,end+start,10
ndzbl,7,zb,0,true,end+start,20
ndzbr,7,dr,0,true,end+start,20
ndzdr,7,zd,0,true,end+start,14
ndzfl,9,nf,0,true,end+start,20
ndzfr,9,dr,0,true,end+start,20
ndzgl,7,zg,0,true,end+start,20
ndzgr,7,dr,0,true,end+start,20
ndzkl,7,dl,0,true,end+start,20
ndzkr,7,dr,0,true,end+start,20
ndzkw,99,nd,0,true,end+start,10
ndzpl,7,dl,0,true,end+start,20
ndzpr,7,dr,0,true,end+start,20
ndzsk,9,sk,0,true,end+start,17
ndzskl,9,dl,0,true,end+start,31
ndzskr,9,dr,0,true,end+start,31
ndzskw,99,nd,0,true,end+start,17
ndzsl,10,dl,0,true,end+start,17
ndzsm,9,zm,0,true,end+start,16
ndzsn,16,dn,0,true,end+start,15
ndzsp,9,np,2,true,end+start,17
ndzspl,9,dl,0,true,end+start,31
ndzspr,9,dr,0,true,end+start,31
ndzst,12,nt,0,true,end+start,16
ndzstr,9,dr,0,true,end+start,29
ndzsw,99,nd,0,true,end+start,8
ndztr,7,dr,0,true,end+start,18
ndztw,99,nt,0,true,end+start,9
ndztx,7,dz,0,true,end+start,18
ndzvr,9,nv,0,true,end+start,20
ntbl,9,bl,0,true,end+start,10
ntbr,9,tr,0,true,end+start,10
ntcbl,99,tl,0,true,end+start,10
ntcbr,99,tr,0,true,end+start,10
ntcdr,99,dr,0,true,end+start,8
ntcfl,99,tl,0,true,end+start,10
ntcfr,99,tr,0,true,end+start,10
ntcgl,99,tl,0,true,end+start,10
ntcgr,99,tr,0,true,end+start,10
ntckl,99,tl,0,true,end+start,10
ntckr,99,tr,0,true,end+start,10
ntckw,99,nk,2,true,end+start,4
ntcpl,99,tl,0,true,end+start,10
ntcpr,99,tr,0,true,end+start,10
ntcsk,99,sk,0,true,end+start,10
ntcskl,99,tl,0,true,end+start,20
ntcskr,99,tr,0,true,end+start,20
ntcskw,99,nt,0,true,end+start,10
ntcsl,99,tl,0,true,end+start,10
ntcsm,99,tm,0,true,end+start,9
ntcsn,99,tn,0,true,end+start,8
ntcsp,99,sp,0,true,end+start,10
ntcspl,99,tl,0,true,end+start,20
ntcspr,99,tr,0,true,end+start,20
ntcst,99,nt,0,true,end+start,7
ntcstr,99,tr,0,true,end+start,14
ntcsw,99,ts,0,true,end+start,4
ntctr,99,ntr,2,true,end+start,4
ntctw,99,nt,0,true,end+start,1
ntctx,99,ntx,2,true,end+start,4
ntcvr,99,tr,0,true,end+start,10
ntdr,9,dr,0,true,end+start,8
ntfl,7,tl,0,true,end+start,10
ntfr,7,tr,0,true,end+start,10
ntgl,9,tl,0,true,end+start,10
ntgr,9,tr,0,true,end+start,10
ntkl,7,tl,0,true,end+start,10
ntkr,7,tr,0,true,end+start,10
ntkw,99,nt,0,true,end+start,4
ntpl,7,tl,0,true,end+start,10
ntpr,7,tr,0,true,end+start,10
ntr,2,ntr,2,false,end+start,3
ntsbl,7,tl,0,true,end+start,20
ntsbr,7,tr,0,true,end+start,20
ntsdr,7,dr,0,true,end+start,18
ntsfl,7,tl,0,true,end+start,20
ntsfr,7,tr,0,true,end+start,20
ntsgl,7,tl,0,true,end+start,20
ntsgr,7,tr,0,true,end+start,20
ntsk,5,sk,0,true,end+start,10
ntskl,5,tl,0,true,end+start,20
ntskr,5,tr,0,true,end+start,20
ntskw,99,nt,0,true,end+start,10
ntsl,6,tl,0,true,end+start,10
ntsm,5,tm,0,true,end+start,9
ntsn,12,sn,2,true,end+start,8
ntsp,5,sp,0,true,end+start,10
ntspl,5,tl,0,true,end+start,20
ntspr,5,tr,0,true,end+start,20
ntst,8,nt,0,true,end+start,7
ntstr,5,tr,0,true,end+start,14
ntstw,99,nt,0,true,end+start,7
ntstx,5,tx,0,true,end+start,14
ntsvr,9,tr,0,true,end+start,20
ntsw,99,nt,0,true,end+start,4
ntvr,9,tr,0,true,end+start,10
ntw,99,nt,0,true,end+start,1
ntx,2,ntx,2,false,end+start,3
ntxbl,8,nl,2,true,end+start,20
ntxbr,8,tx,0,true,end+start,20
ntxdr,9,tx,0,true,end+start,18
ntxfl,7,tf,2,true,end+start,20
ntxfr,7,tr,0,true,end+start,20
ntxgl,7,tx,0,true,end+start,20
ntxgr,7,tr,0,true,end+start,20
ntxkl,5,tl,0,true,end+start,20
ntxkr,5,tr,0,true,end+start,20
ntxkw,99,xk,0,true,end+start,10
ntxpl,6,tl,0,true,end+start,20
ntxpr,6,tr,0,true,end+start,20
ntxsk,9,xk,0,true,end+start,20
ntxskl,9,tl,0,true,end+start,35
ntxskr,9,tr,0,true,end+start,35
ntxskw,99,nt,0,true,end+start,20
ntxsl,10,tl,0,true,end+start,20
ntxsm,9,xm,0,true,end+start,19
ntxsn,13,nx,0,true,end+start,18
ntxsp,9,xp,1,true,end+start,20
ntxspl,9,tl,0,true,end+start,35
ntxspr,9,tr,0,true,end+start,35
ntxst,9,nt,0,true,end+start,17
ntxstr,9,tr,0,true,end+start,29
ntxsw,99,ns,2,true,end+start,10
ntxtr,7,nr,2,true,end+start,14
ntxtw,99,nt,0,true,end+start,7
ntxtx,7,nx,0,true,end+start,8
ntxvr,9,tx,0,true,end+start,20
psbl,9,sp,0,true,end+start,9
psbr,9,br,0,true,end+start,9
psdr,8,st,0,true,end+start,10
psfl,9,pf,0,true,end+start,10
psfr,9,pr,0,true,end+start,10
psgl,8,sk,0,true,end+start,10
psgr,8,pr,0,true,end+start,10
psk,5,sk,0,true,end+start,3
pskl,6,pl,0,true,end+start,10
pskr,6,pr,0,true,end+start,10
pskw,99,sk,0,true,end+start,4
psl,4,pl,0,true,end+start,3
psm,4,pm,0,true,end+start,3
psn,5,pn,0,true,end+start,3
psp,8,sp,0,true,end+start,2
pspl,7,spl,2,true,end+start,7
pspr,7,spr,2,true,end+start,7
pst,5,st,0,true,end+start,3
pstr,6,pr,0,true,end+start,10
pstw,99,st,0,true,end+start,4
pstx,8,sx,2,true,end+start,10
psvr,11,pf,0,true,end+start,10
psw,99,ps,1,true,end+start,1
pxbl,14,pl,0,true,end+start,9
pxbr,14,br,0,true,end+start,9
pxdr,14,pt,2,true,end+start,10
pxfl,13,pf,0,true,end+start,10
pxfr,13,pr,0,true,end+start,10
pxgl,12,xk,0,true,end+start,10
pxgr,12,pr,0,true,end+start,10
pxkl,10,pl,0,true,end+start,10
pxkr,10,pr,0,true,end+start,10
pxkw,99,xk,0,true,end+start,4
pxpl,12,pl,0,true,end+start,7
pxpr,12,pr,0,true,end+start,7
pxsk,16,xk,0,true,end+start,10
pxskl,14,pl,0,true,end+start,20
pxskr,14,pr,0,true,end+start,20
pxskw,99,xk,0,true,end+start,10
pxsl,15,sl,1,true,end+start,10
pxsm,14,pm,0,true,end+start,10
pxsn,16,pn,0,true,end+start,10
pxsp,18,sp,0,true,end+start,9
pxspl,14,xp,1,true,end+start,17
pxspr,14,pr,0,true,end+start,17
pxst,16,st,0,true,end+start,10
pxstr,14,pr,0,true,end+start,20
pxsw,99,ps,1,true,end+start,4
pxtr,12,pr,0,true,end+start,10
pxtw,99,pt,2,true,end+start,4
pxtx,14,tx,0,true,end+start,7
pxvr,15,pf,0,true,end+start,10
qkbl,6,qk,0,true,end+start,10
qkbr,6,qk,0,true,end+start,10
qkdr,6,qk,0,true,end+start,10
qkfl,5,fl,0,true,end+start,10
qkfr,5,fr,0,true,end+start,10
qkgl,6,gl,0,true,end+start,8
qkgr,6,gr,0,true,end+start,8
qkl,0,kl,0,true,end+start,0
qkpl,4,qk,0,true,end+start,10
qkpr,4,qk,0,true,end+start,10
qkr,0,kr,0,true,end+start,0
qksbl,7,kl,0,true,end+start,20
qksbr,7,kr,0,true,end+start,20
qksdr,7,kr,0,true,end+start,20
qksfl,7,qk,0,true,end+start,20
qksfr,7,kr,0,true,end+start,20
qksgl,7,kl,0,true,end+start,18
qksgr,7,kr,0,true,end+start,18
qksk,2,ksk,6,true,end+start,7
qkskl,5,kl,0,true,end+start,14
qkskr,5,kr,0,true,end+start,14
qkskw,99,ks,0,true,end+start,7
qksl,3,qk,0,true,end+start,10
qksm,2,ksm,2,true,end+start,9
qksn,4,qk,0,true,end+start,9
qksp,2,ksp,4,true,end+start,10
qkspl,5,kl,0,true,end+start,20
qkspr,5,kr,0,true,end+start,20
qkst,2,kst,4,true,end+start,10
qkstr,5,kr,0,true,end+start,20
qkstw,99,st,0,true,end+start,10
qkstx,5,qk,0,true,end+start,20
qksvr,9,ks,0,true,end+start,20
qksw,99,ks,0,true,end+start,4
qktr,4,qk,0,true,end+start,10
qktw,99,kt,2,true,end+start,4
qktx,4,qk,0,true,end+start,10
qkvr,7,vr,0,true,end+start,10
qkw,99,qk,0,true,end+start,1
qkxbl,12,qk,0,true,end+start,20
qkxbr,12,kr,0,true,end+start,20
qkxdr,13,qk,0,true,end+start,20
qkxfl,11,kl,0,true,end+start,20
qkxfr,11,kr,0,true,end+start,20
qkxgl,11,xk,0,true,end+start,18
qkxgr,11,kr,0,true,end+start,18
qkxkl,9,kl,0,true,end+start,14
qkxkr,9,kr,0,true,end+start,14
qkxkw,99,qk,0,true,end+start,7
qkxpl,10,xp,1,true,end+start,20
qkxpr,10,kr,0,true,end+start,20
qkxsk,13,qk,0,true,end+start,17
qkxskl,13,kl,0,true,end+start,29
qkxskr,13,kr,0,true,end+start,29
qkxskw,99,ks,0,true,end+start,17
qkxsl,14,kl,0,true,end+start,20
qkxsm,13,sm,0,true,end+start,19
qkxsn,15,kn,1,true,end+start,19
qkxsp,13,sp,0,true,end+start,20
qkxspl,13,kl,0,true,end+start,35
qkxspr,13,kr,0,true,end+start,35
qkxst,13,st,0,true,end+start,20
qkxstr,13,kr,0,true,end+start,35
qkxsw,99,qk,0,true,end+start,10
qkxtr,11,kr,0,true,end+start,20
qkxtw,99,qk,0,true,end+start,10
qkxtx,11,qk,0,true,end+start,14
qkxvr,13,qk,0,true,end+start,20
rbdr,12,br,0,true,end+start,9
rbfl,8,rf,0,true,end+start,10
rbfr,10,br,0,true,end+start,9
rbgl,10,rg,1,true,end+start,10
rbgr,12,br,0,true,end+start,9
rbkl,10,bl,0,true,end+start,10
rbkr,12,br,0,true,end+start,9
rbkw,99,rk,1,true,end+start,4
rbl,3,bl,0,true,end+start,3
rbpl,10,bl,0,true,end+start,8
rbpr,12,br,0,true,end+start,7
rbr,5,br,0,true,end+start,2
rbsk,9,sk,0,true,end+start,10
rbskl,9,bl,0,true,end+start,20
rbskr,11,br,0,true,end+start,19
rbskw,99,sk,0,true,end+start,10
rbsl,10,sl,1,true,end+start,10
rbsm,10,rm,0,true,end+start,9
rbsn,11,rn,2,true,end+start,9
rbsp,10,sp,0,true,end+start,9
rbspl,10,bl,0,true,end+start,18
rbspr,12,br,0,true,end+start,17
rbst,9,rt,0,true,end+start,10
rbstr,11,br,0,true,end+start,19
rbsw,99,rs,1,true,end+start,4
rbtr,12,br,0,true,end+start,9
rbtw,99,rt,0,true,end+start,4
rbtx,10,rx,0,true,end+start,10
rbvr,10,br,0,true,end+start,9
rdbl,9,rdl,2,true,end+start,10
rdbr,11,dr,0,true,end+start,9
rdfl,9,rf,0,true,end+start,10
rdfr,11,dr,0,true,end+start,9
rdgl,9,rg,1,true,end+start,10
rdgr,11,dr,0,true,end+start,9
rdkl,9,dl,0,true,end+start,10
rdkr,11,dr,0,true,end+start,9
rdkw,99,rk,1,true,end+start,4
rdpl,9,dl,0,true,end+start,10
rdpr,11,dr,0,true,end+start,9
rdr,4,dr,0,true,end+start,2
rdsk,7,sk,0,true,end+start,10
rdskl,7,dl,0,true,end+start,20
rdskr,9,dr,0,true,end+start,19
rdskw,99,rd,0,true,end+start,10
rdsl,8,dl,0,true,end+start,10
rdsm,7,rm,0,true,end+start,9
rdsn,9,dn,0,true,end+start,9
rdsp,7,rp,1,true,end+start,10
rdspl,7,dl,0,true,end+start,20
rdspr,9,dr,0,true,end+start,19
rdst,7,rt,0,true,end+start,9
rdstr,9,dr,0,true,end+start,17
rdsw,99,rs,1,true,end+start,4
rdtr,11,dr,0,true,end+start,7
rdtw,99,rt,0,true,end+start,3
rdtx,9,rx,0,true,end+start,8
rdvr,11,dr,0,true,end+start,9
rfbl,7,rb,1,true,end+start,10
rfbr,9,fr,0,true,end+start,9
rfdr,9,rd,0,true,end+start,9
rfgl,8,rg,1,true,end+start,10
rfgr,10,fr,0,true,end+start,9
rfkl,6,fl,0,true,end+start,10
rfkr,8,fr,0,true,end+start,9
rfkw,99,rk,1,true,end+start,4
rfl,2,rfl,2,false,end+start,3
rfpl,5,fl,0,true,end+start,10
rfpr,7,fpr,2,true,end+start,9
rfr,4,fr,0,true,end+start,2
rfsk,7,sk,0,true,end+start,10
rfskl,7,fl,0,true,end+start,20
rfskr,9,fr,0,true,end+start,19
rfskw,99,rf,0,true,end+start,10
rfsl,8,fl,0,true,end+start,10
rfsm,8,rm,0,true,end+start,10
rfsn,9,rfn,2,true,end+start,10
rfsp,8,rfp,2,true,end+start,10
rfspl,8,fl,0,true,end+start,20
rfspr,10,fr,0,true,end+start,19
rfst,7,rt,0,true,end+start,10
rfstr,9,fr,0,true,end+start,19
rfsw,99,rs,1,true,end+start,4
rftr,7,fr,0,true,end+start,9
rftw,99,rft,2,true,end+start,4
rftx,5,rx,0,true,end+start,10
rfvr,11,vr,0,true,end+start,7
rgbl,10,rb,1,true,end+start,10
rgbr,12,gr,0,true,end+start,9
rgdr,12,gr,0,true,end+start,9
rgfl,11,rf,0,true,end+start,10
rgfr,13,gr,0,true,end+start,9
rgkl,10,gl,0,true,end+start,8
rgkr,12,gr,0,true,end+start,7
rgkw,99,rk,1,true,end+start,3
rgl,3,gl,0,true,end+start,3
rgpl,10,gl,0,true,end+start,10
rgpr,12,gr,0,true,end+start,9
rgr,5,gr,0,true,end+start,2
rgsk,8,sk,0,true,end+start,9
rgskl,8,gl,0,true,end+start,18
rgskr,10,gr,0,true,end+start,17
rgskw,99,sk,0,true,end+start,9
rgsl,9,gl,0,true,end+start,10
rgsm,8,gm,0,true,end+start,9
rgsn,10,gn,1,true,end+start,9
rgsp,8,rp,1,true,end+start,10
rgspl,8,gl,0,true,end+start,20
rgspr,10,gr,0,true,end+start,19
rgst,8,rt,0,true,end+start,10
rgstr,10,gr,0,true,end+start,19
rgsw,99,rs,1,true,end+start,4
rgtr,12,gr,0,true,end+start,9
rgtw,99,rt,0,true,end+start,4
rgtx,10,rx,0,true,end+start,10
rgvr,13,gr,0,true,end+start,9
rkbl,10,rb,1,true,end+start,10
rkbr,12,kr,0,true,end+start,9
rkdr,12,kr,0,true,end+start,9
rkfl,9,rf,0,true,end+start,10
rkfr,11,kr,0,true,end+start,9
rkgl,10,kl,0,true,end+start,8
rkgr,12,kr,0,true,end+start,7
rkl,3,kl,0,true,end+start,3
rkpl,8,kl,0,true,end+start,10
rkpr,10,kr,0,true,end+start,9
rkr,5,kr,0,true,end+start,2
rksk,6,sk,0,true,end+start,7
rkskl,6,kl,0,true,end+start,14
rkskr,8,kr,0,true,end+start,13
rkskw,99,ks,0,true,end+start,7
rksl,7,kl,0,true,end+start,10
rksm,6,rm,0,true,end+start,9
rksn,8,kn,1,true,end+start,9
rksp,6,rp,1,true,end+start,10
rkspl,6,kl,0,true,end+start,20
rkspr,8,kr,0,true,end+start,19
rkst,6,rt,0,true,end+start,10
rkstr,8,kr,0,true,end+start,19
rksw,99,ks,0,true,end+start,4
rktr,10,kr,0,true,end+start,9
rktw,99,rt,0,true,end+start,4
rktx,8,rx,0,true,end+start,10
rkvr,13,kr,0,true,end+start,9
rkw,99,rk,1,true,end+start,1
rpbl,10,pl,0,true,end+start,8
rpbr,12,pr,0,true,end+start,7
rpdr,12,pr,0,true,end+start,9
rpfl,6,rf,0,true,end+start,10
rpfr,8,pfr,2,true,end+start,9
rpgl,10,rg,1,true,end+start,10
rpgr,12,pr,0,true,end+start,9
rpkl,8,pl,0,true,end+start,10
rpkr,10,pr,0,true,end+start,9
rpkw,99,rk,1,true,end+start,4
rpl,3,pl,0,true,end+start,3
rpr,5,pr,0,true,end+start,2
rpsk,7,sk,0,true,end+start,10
rpskl,7,pl,0,true,end+start,20
rpskr,9,pr,0,true,end+start,19
rpskw,99,sk,0,true,end+start,10
rpsl,8,pl,0,true,end+start,10
rpsm,8,rm,0,true,end+start,9
rpsn,9,pn,0,true,end+start,9
rpsp,8,sp,0,true,end+start,7
rpspl,8,pl,0,true,end+start,14
rpspr,10,pr,0,true,end+start,13
rpst,7,rt,0,true,end+start,10
rpstr,9,pr,0,true,end+start,19
rpsw,99,rs,1,true,end+start,4
rptr,10,pr,0,true,end+start,9
rptw,99,rt,0,true,end+start,4
rptx,8,rx,0,true,end+start,10
rpvr,10,pr,0,true,end+start,9
rsbl,8,bl,0,true,end+start,10
rsbr,10,rb,1,true,end+start,9
rsdr,10,rd,0,true,end+start,9
rsfl,8,rf,0,true,end+start,10
rsfr,10,fr,0,true,end+start,9
rsgl,8,gl,0,true,end+start,10
rsgr,10,rg,1,true,end+start,9
rsk,3,sk,0,true,end+start,3
rskl,6,kl,0,true,end+start,10
rskr,8,kr,0,true,end+start,9
rskw,99,sk,0,true,end+start,4
rsl,4,sl,1,true,end+start,3
rsm,3,rm,0,true,end+start,3
rsn,5,rn,2,true,end+start,3
rsp,3,sp,0,true,end+start,3
rspl,6,pl,0,true,end+start,10
rspr,8,pr,0,true,end+start,9
rst,3,rt,0,true,end+start,3
rstr,8,tr,0,true,end+start,9
rstw,99,rt,0,true,end+start,4
rstx,6,rx,0,true,end+start,10
rsvr,12,sr,1,true,end+start,9
rsw,99,rs,1,true,end+start,1
rtbl,9,rtl,2,true,end+start,10
rtbr,11,tr,0,true,end+start,9
rtdr,11,tr,0,true,end+start,7
rtfl,7,rf,0,true,end+start,10
rtfr,9,tr,0,true,end+start,9
rtgl,9,rg,1,true,end+start,10
rtgr,11,tr,0,true,end+start,9
rtkl,7,tl,0,true,end+start,10
rtkr,9,tr,0,true,end+start,9
rtkw,99,rk,1,true,end+start,4
rtpl,7,tl,0,true,end+start,10
rtpr,9,tr,0,true,end+start,9
rtr,4,tr,0,true,end+start,2
rtsk,5,sk,0,true,end+start,10
rtskl,5,tl,0,true,end+start,20
rtskr,7,tr,0,true,end+start,19
rtskw,99,rt,0,true,end+start,10
rtsl,6,tl,0,true,end+start,10
rtsm,5,rm,0,true,end+start,9
rtsn,7,tn,0,true,end+start,9
rtsp,5,rp,1,true,end+start,10
rtspl,5,tl,0,true,end+start,20
rtspr,7,tr,0,true,end+start,19
rtst,5,rt,0,true,end+start,7
rtstr,7,tr,0,true,end+start,13
rtsw,99,rts,2,true,end+start,4
rtvr,11,rv,0,true,end+start,9
rtw,99,rt,0,true,end+start,1
rtx,2,rtx,2,false,end+start,3
rvbl,7,vb,0,true,end+start,10
rvbr,9,vr,0,true,end+start,9
rvdr,9,vr,0,true,end+start,9
rvfl,9,rvl,2,true,end+start,8
rvfr,11,fr,0,true,end+start,7
rvgl,8,rg,1,true,end+start,10
rvgr,10,vr,0,true,end+start,9
rvkl,8,vl,0,true,end+start,10
rvkr,10,vr,0,true,end+start,9
rvkw,99,rk,1,true,end+start,4
rvpl,7,vl,0,true,end+start,10
rvpr,9,vr,0,true,end+start,9
rvr,4,vr,0,true,end+start,2
rvsk,9,sk,0,true,end+start,10
rvskl,9,vl,0,true,end+start,20
rvskr,11,vr,0,true,end+start,19
rvskw,99,rv,0,true,end+start,10
rvsl,10,vl,0,true,end+start,10
rvsm,10,rm,0,true,end+start,10
rvsn,11,rvn,2,true,end+start,10
rvsp,10,rp,1,true,end+start,10
rvspl,10,vl,0,true,end+start,20
rvspr,12,vr,0,true,end+start,19
rvst,9,rt,0,true,end+start,10
rvstr,11,vr,0,true,end+start,19
rvsw,99,rs,1,true,end+start,4
rvtr,9,vr,0,true,end+start,9
rvtw,99,rt,0,true,end+start,4
rvtx,7,rx,0,true,end+start,10
rxbl,10,rl,2,true,end+start,10
rxbr,12,rb,1,true,end+start,9
rxdr,13,rx,0,true,end+start,9
rxfl,9,rfl,2,true,end+start,10
rxfr,11,fr,0,true,end+start,9
rxgl,9,gl,0,true,end+start,10
rxgr,11,rg,1,true,end+start,9
rxkl,7,kl,0,true,end+start,10
rxkr,9,kr,0,true,end+start,9
rxkw,99,xk,0,true,end+start,4
rxpl,8,pl,0,true,end+start,10
rxpr,10,rp,1,true,end+start,9
rxsk,11,xk,0,true,end+start,10
rxskl,11,kl,0,true,end+start,20
rxskr,13,kr,0,true,end+start,19
rxskw,99,rx,0,true,end+start,10
rxsl,12,sl,1,true,end+start,10
rxsm,11,rm,0,true,end+start,10
rxsn,13,rn,2,true,end+start,10
rxsp,11,sp,0,true,end+start,10
rxspl,11,pl,0,true,end+start,20
rxspr,13,pr,0,true,end+start,19
rxst,11,rt,0,true,end+start,10
rxstr,13,tr,0,true,end+start,19
rxsw,99,rs,1,true,end+start,4
rxtr,11,tr,0,true,end+start,9
rxtw,99,rt,0,true,end+start,4
rxtx,9,rtx,2,true,end+start,7
rxvr,13,vr,0,true,end+start,9
rzbl,8,bl,0,true,end+start,10
rzbr,10,zb,0,true,end+start,9
rzdr,10,dr,0,true,end+start,9
rzfl,10,rf,0,true,end+start,10
rzfr,12,zr,1,true,end+start,9
rzgl,8,gl,0,true,end+start,10
rzgr,10,zg,0,true,end+start,9
rzkl,8,kl,0,true,end+start,10
rzkr,10,kr,0,true,end+start,9
rzkw,99,rk,1,true,end+start,4
rzpl,8,pl,0,true,end+start,10
rzpr,10,pr,0,true,end+start,9
rzsk,10,sk,0,true,end+start,8
rzskl,10,kl,0,true,end+start,17
rzskr,12,kr,0,true,end+start,16
rzskw,99,sk,0,true,end+start,8
rzsl,11,zl,1,true,end+start,8
rzsm,10,rm,0,true,end+start,8
rzsn,12,rn,2,true,end+start,8
rzsp,10,rp,1,true,end+start,8
rzspl,10,pl,0,true,end+start,17
rzspr,12,pr,0,true,end+start,16
rzst,10,rt,0,true,end+start,8
rzstr,12,tr,0,true,end+start,16
rzsw,99,rs,1,true,end+start,3
rztr,10,tr,0,true,end+start,9
rztw,99,rt,0,true,end+start,4
rztx,8,rx,0,true,end+start,10
rzvr,12,vr,0,true,end+start,9
skbl,9,sp,0,true,end+start,10
skbr,9,kr,0,true,end+start,10
skdr,9,st,0,true,end+start,10
skfl,8,sf,2,true,end+start,10
skfr,8,kr,0,true,end+start,10
skgl,9,gl,0,true,end+start,8
skgr,9,gr,0,true,end+start,8
skl,2,skl,2,false,end+start,3
skpl,7,sp,0,true,end+start,10
skpr,7,kr,0,true,end+start,10
skr,2,skr,2,false,end+start,3
sksk,7,sk,0,true,end+start,4
skskl,5,kl,0,true,end+start,8
skskr,5,kr,0,true,end+start,8
skskw,99,sk,0,true,end+start,4
sksl,6,kl,0,true,end+start,7
sksm,5,ksm,2,true,end+start,6
sksn,7,kn,1,true,end+start,6
sksp,7,sp,0,true,end+start,7
skspl,5,kl,0,true,end+start,14
skspr,5,kr,0,true,end+start,14
skst,7,st,0,true,end+start,7
skstr,5,kr,0,true,end+start,14
sksw,99,ks,0,true,end+start,3
sktr,7,kr,0,true,end+start,10
sktw,99,st,0,true,end+start,4
sktx,9,sx,2,true,end+start,10
skvr,10,sk,0,true,end+start,10
skw,99,sk,0,true,end+start,1
spbl,9,bl,0,true,end+start,8
spbr,9,br,0,true,end+start,8
spdr,9,st,0,true,end+start,10
spfl,5,pf,0,true,end+start,10
spfr,5,pr,0,true,end+start,10
spgl,9,sk,0,true,end+start,10
spgr,9,pr,0,true,end+start,10
spkl,7,pl,0,true,end+start,10
spkr,7,pr,0,true,end+start,10
spkw,99,sk,0,true,end+start,4
spl,2,spl,2,false,end+start,3
spr,2,spr,2,false,end+start,3
spsk,8,sk,0,true,end+start,7
spskl,6,pl,0,true,end+start,14
spskr,6,pr,0,true,end+start,14
spskw,99,sk,0,true,end+start,7
spsl,7,pl,0,true,end+start,7
spsm,7,pm,0,true,end+start,6
spsn,8,pn,0,true,end+start,6
spsp,9,sp,0,true,end+start,4
spspl,7,pl,0,true,end+start,8
spspr,7,pr,0,true,end+start,8
spst,8,st,0,true,end+start,7
spstr,6,pr,0,true,end+start,14
spsw,99,ps,1,true,end+start,3
sptr,7,pr,0,true,end+start,10
sptw,99,st,0,true,end+start,4
sptx,9,sx,2,true,end+start,10
spvr,7,sp,0,true,end+start,10
stbl,9,sp,0,true,end+start,10
stbr,9,tr,0,true,end+start,10
stdr,9,dr,0,true,end+start,8
stfl,7,sf,2,true,end+start,10
stfr,7,tr,0,true,end+start,10
stgl,9,sk,0,true,end+start,10
stgr,9,tr,0,true,end+start,10
stkl,7,tl,0,true,end+start,10
stkr,7,tr,0,true,end+start,10
stkw,99,sk,0,true,end+start,4
stpl,7,sp,0,true,end+start,10
stpr,7,tr,0,true,end+start,10
str,2,str,2,false,end+start,3
stsk,7,sk,0,true,end+start,7
stskl,5,tl,0,true,end+start,14
stskr,5,tr,0,true,end+start,14
stskw,99,sk,0,true,end+start,7
stsl,6,stl,2,true,end+start,7
stsm,5,tsm,2,true,end+start,6
stsn,10,tn,0,true,end+start,6
stsp,7,sp,0,true,end+start,7
stspl,5,tl,0,true,end+start,14
stspr,5,tr,0,true,end+start,14
stst,10,st,0,true,end+start,4
ststr,5,tr,0,true,end+start,8
stsw,99,ts,0,true,end+start,3
stvr,9,st,0,true,end+start,10
stw,99,st,0,true,end+start,1
stx,4,tx,0,true,end+start,3
tsbl,7,ts,0,true,end+start,10
tsbr,7,tr,0,true,end+start,10
tsdr,7,ts,0,true,end+start,9
tsfl,7,tf,2,true,end+start,10
tsfr,7,tr,0,true,end+start,10
tsgl,7,tl,0,true,end+start,10
tsgr,7,ts,0,true,end+start,10
tsk,4,sk,0,true,end+start,3
tskl,5,tl,0,true,end+start,10
tskr,5,tr,0,true,end+start,10
tskw,99,sk,0,true,end+start,4
tsl,3,tl,0,true,end+start,3
tsm,2,tsm,2,false,end+start,3
tsn,7,tn,0,true,end+start,3
tsp,4,tp,2,true,end+start,3
tspl,5,tl,0,true,end+start,10
tspr,5,tr,0,true,end+start,10
tst,9,st,0,true,end+start,2
tstr,5,str,2,true,end+start,7
tstw,99,st,0,true,end+start,3
tstx,7,tx,0,true,end+start,7
tsvr,9,ts,0,true,end+start,10
tsw,99,ts,0,true,end+start,1
xtbl,13,tl,0,true,end+start,10
xtbr,13,xp,1,true,end+start,10
xtdr,13,tr,0,true,end+start,8
xtfl,11,xf,2,true,end+start,10
xtfr,11,tr,0,true,end+start,10
xtgl,13,xk,0,true,end+start,10
xtgr,13,tr,0,true,end+start,10
xtkl,11,tl,0,true,end+start,10
xtkr,11,tr,0,true,end+start,10
xtkw,99,xk,0,true,end+start,4
xtpl,11,tl,0,true,end+start,10
xtpr,11,tr,0,true,end+start,10
xtr,6,tr,0,true,end+start,3
xtsk,11,xk,0,true,end+start,10
xtskl,9,tl,0,true,end+start,20
xtskr,9,tr,0,true,end+start,20
xtskw,99,xk,0,true,end+start,10
xtsl,10,tl,0,true,end+start,10
xtsm,9,xm,0,true,end+start,9
xtsn,11,xn,2,true,end+start,9
xtsp,11,xp,1,true,end+start,10
xtspl,9,tl,0,true,end+start,20
xtspr,9,tr,0,true,end+start,20
xtst,11,st,0,true,end+start,7
xtstr,9,tr,0,true,end+start,14
xtsw,99,ts,0,true,end+start,4
xtvr,13,xf,2,true,end+start,10
xtw,99,xt,2,true,end+start,1
xtx,10,tx,0,true,end+start,2
bdr,6,br,0,true,c+start,3
bfl,4,bl,0,true,c+start,3
bfr,4,br,0,true,c+start,3
bgl,6,bl,0,true,c+start,3
bgr,6,br,0,true,c+start,3
bkl,6,bl,0,true,c+start,3
bkr,6,br,0,true,c+start,3
bkw,99,bg,2,true,c+start,1
bl,0,bl,0,false,c+start,0
bpl,6,bl,0,true,c+start,3
bpr,6,br,0,true,c+start,3
br,0,br,0,false,c+start,0
bsk,7,sk,0,true,c+start,3
bskl,8,bl,0,true,c+start,10
bskr,8,br,0,true,c+start,10
bskw,99,sk,0,true,c+start,4
bsl,6,bl,0,true,c+start,3
bsm,6,bm,0,true,c+start,3
bsn,7,bn,0,true,c+start,3
bsp,8,bb,99,true,c+start,3
bspl,9,bl,0,true,c+start,9
bspr,9,br,0,true,c+start,9
bst,7,st,0,true,c+start,3
bstr,8,br,0,true,c+start,10
bsw,99,bz,1,true,c+start,1
btr,6,br,0,true,c+start,3
btw,99,bd,2,true,c+start,1
btx,8,bj,3,true,c+start,3
bvr,4,br,0,true,c+start,3
dbl,6,dl,0,true,c+start,3
dbr,6,dr,0,true,c+start,3
dfl,6,dl,0,true,c+start,3
dfr,6,dr,0,true,c+start,3
dgl,6,dl,0,true,c+start,3
dgr,6,dr,0,true,c+start,3
dkl,6,dl,0,true,c+start,3
dkr,6,dr,0,true,c+start,3
dkw,99,dg,2,true,c+start,1
dpl,6,dl,0,true,c+start,3
dpr,6,dr,0,true,c+start,3
dr,0,dr,0,false,c+start,0
dsk,6,sk,0,true,c+start,3
dskl,7,dl,0,true,c+start,10
dskr,7,dr,0,true,c+start,10
dskw,99,sk,0,true,c+start,4
dsl,5,dl,0,true,c+start,3
dsm,4,dm,0,true,c+start,3
dsn,9,dn,0,true,c+start,3
dsp,6,db,2,true,c+start,3
dspl,7,dl,0,true,c+start,10
dspr,7,dr,0,true,c+start,10
dst,9,st,0,true,c+start,3
dstr,7,dr,0,true,c+start,9
dsw,99,dz,0,true,c+start,1
dtr,6,dr,0,true,c+start,3
dtw,99,dd,99,true,c+start,1
dtx,8,dj,0,true,c+start,3
dvr,6,dr,0,true,c+start,3
fbl,4,fl,0,true,c+start,3
fbr,4,fr,0,true,c+start,3
fdr,4,fr,0,true,c+start,3
fgl,5,fl,0,true,c+start,3
fgr,5,fr,0,true,c+start,3
fkl,3,fl,0,true,c+start,3
fkr,3,fr,0,true,c+start,3
fkw,99,fk,1,true,c+start,1
fl,0,fl,0,false,c+start,0
fpl,2,fpl,2,false,c+start,3
fpr,2,fpr,2,false,c+start,3
fr,0,fr,0,false,c+start,0
fsk,6,sk,0,true,c+start,3
fskl,7,fl,0,true,c+start,10
fskr,7,fr,0,true,c+start,10
fskw,99,sk,0,true,c+start,4
fsl,5,fl,0,true,c+start,3
fsm,5,fm,2,true,c+start,3
fsn,6,fn,0,true,c+start,3
fsp,7,fp,0,true,c+start,3
fspl,8,fl,0,true,c+start,10
fspr,8,fr,0,true,c+start,10
fst,6,ft,0,true,c+start,3
fstr,7,fr,0,true,c+start,10
fsw,99,fs,2,true,c+start,1
ftr,2,ftr,2,false,c+start,3
ftw,99,ft,0,true,c+start,1
ftx,4,tx,0,true,c+start,3
fvr,6,vr,0,true,c+start,3
gbl,6,gl,0,true,c+start,3
gbr,6,gr,0,true,c+start,3
gdr,6,gr,0,true,c+start,3
gfl,7,gv,3,true,c+start,3
gfr,7,gr,0,true,c+start,3
gkl,6,gl,0,true,c+start,3
gkr,6,gr,0,true,c+start,3
gkw,99,gg,99,true,c+start,1
gl,0,gl,0,false,c+start,0
gpl,6,gl,0,true,c+start,3
gpr,6,gr,0,true,c+start,3
gr,0,gr,0,false,c+start,0
gsk,6,sk,0,true,c+start,3
gskl,7,gl,0,true,c+start,9
gskr,7,gr,0,true,c+start,9
gskw,99,sk,0,true,c+start,4
gsl,5,gl,0,true,c+start,3
gsm,4,gm,0,true,c+start,3
gsn,6,gn,1,true,c+start,3
gsp,6,gb,2,true,c+start,3
gspl,7,gl,0,true,c+start,10
gspr,7,gr,0,true,c+start,10
gst,6,st,0,true,c+start,3
gstr,7,gr,0,true,c+start,10
gsw,99,gz,0,true,c+start,1
gtr,6,gr,0,true,c+start,3
gtw,99,gd,2,true,c+start,1
gtx,8,gj,2,true,c+start,3
gvr,7,gr,0,true,c+start,3
jbl,8,jl,2,true,c+start,3
jbr,8,jr,2,true,c+start,3
jdr,9,dr,0,true,c+start,3
jfl,9,jv,2,true,c+start,3
jfr,9,fr,0,true,c+start,3
jgl,7,gl,0,true,c+start,3
jgr,7,gr,0,true,c+start,3
jkl,7,kl,0,true,c+start,3
jkr,7,kr,0,true,c+start,3
jkw,99,jg,0,true,c+start,1
jpl,8,pl,0,true,c+start,3
jpr,8,pr,0,true,c+start,3
jsk,13,sk,0,true,c+start,3
jskl,14,kl,0,true,c+start,10
jskr,14,kr,0,true,c+start,10
jskw,99,sk,0,true,c+start,4
jsl,12,sl,1,true,c+start,3
jsm,11,jm,0,true,c+start,3
jsn,13,jn,2,true,c+start,3
jsp,13,jb,1,true,c+start,3
jspl,14,pl,0,true,c+start,10
jspr,14,pr,0,true,c+start,10
jst,13,st,0,true,c+start,3
jstr,14,sr,1,true,c+start,10
jsw,99,jz,4,true,c+start,1
jtr,9,tr,0,true,c+start,3
jtw,99,jd,2,true,c+start,1
jtx,11,jj,99,true,c+start,3
jvr,9,jv,2,true,c+start,3
kbl,6,kp,2,true,c+start,3
kbr,6,kr,0,true,c+start,3
kdr,6,kr,0,true,c+start,3
kfl,5,kl,0,true,c+start,3
kfr,5,kr,0,true,c+start,3
kgl,6,kk,99,true,c+start,3
kgr,6,gr,0,true,c+start,3
kl,0,kl,0,false,c+start,0
kpl,4,kl,0,true,c+start,3
kpr,4,kr,0,true,c+start,3
kr,0,kr,0,false,c+start,0
ksk,6,sk,0,true,c+start,2
kskl,5,kl,0,true,c+start,7
kskr,5,kr,0,true,c+start,7
kskw,99,ks,0,true,c+start,3
ksl,3,kl,0,true,c+start,3
ksm,2,ksm,2,false,c+start,3
ksn,4,kn,1,true,c+start,3
ksp,4,sp,0,true,c+start,3
kspl,5,kl,0,true,c+start,10
kspr,5,kr,0,true,c+start,10
kst,4,st,0,true,c+start,3
kstr,5,kr,0,true,c+start,10
ksw,99,ks,0,true,c+start,1
ktr,4,kr,0,true,c+start,3
ktw,99,kt,2,true,c+start,1
ktx,6,tx,0,true,c+start,3
kvr,7,kf,3,true,c+start,3
kw,99,kw,99,false,c+start,0
lbl,5,bl,0,true,c+start,2
lbr,3,br,0,true,c+start,3
ldr,2,ldr,2,false,c+start,3
lfl,4,fl,0,true,c+start,2
lfr,2,lfr,2,false,c+start,3
lgl,5,gl,0,true,c+start,2
lgr,3,gr,0,true,c+start,3
lkl,5,kl,0,true,c+start,2
lkr,3,kr,0,true,c+start,3
lkw,99,lk,1,true,c+start,1
lpl,5,pl,0,true,c+start,2
lpr,3,pr,0,true,c+start,3
lsk,3,sk,0,true,c+start,3
lskl,8,kl,0,true,c+start,9
lskr,6,kr,0,true,c+start,10
lskw,99,sk,0,true,c+start,4
lsl,6,sl,1,true,c+start,2
lsm,3,lm,0,true,c+start,3
lsn,5,ln,2,true,c+start,3
lsp,3,sp,0,true,c+start,3
lspl,8,pl,0,true,c+start,9
lspr,6,pr,0,true,c+start,10
lst,3,lt,0,true,c+start,3
lstr,6,tr,0,true,c+start,10
lsw,99,ls,1,true,c+start,1
ltr,2,ltr,2,false,c+start,3
ltw,99,lt,0,true,c+start,1
ltx,2,ltx,2,false,c+start,3
lvr,2,lvr,2,false,c+start,3
mbl,2,mbl,2,false,c+start,3
mbr,2,mbr,2,false,c+start,3
mdr,4,mr,0,true,c+start,3
mfl,4,ml,0,true,c+start,3
mfr,4,mr,0,true,c+start,3
mgl,4,ml,0,true,c+start,3
mgr,4,mr,0,true,c+start,3
mkl,4,ml,0,true,c+start,3
mkr,4,mr,0,true,c+start,3
mkw,99,mk,2,true,c+start,1
mpl,2,mpl,2,false,c+start,3
mpr,2,mpr,2,false,c+start,3
msk,2,msk,2,false,c+start,3
mskl,5,ml,0,true,c+start,10
mskr,5,mr,0,true,c+start,10
mskw,99,msk,2,true,c+start,4
msl,3,ml,0,true,c+start,3
msm,5,sm,0,true,c+start,2
msn,4,mn,2,true,c+start,3
msp,3,mp,0,true,c+start,3
mspl,6,ml,0,true,c+start,10
mspr,6,mr,0,true,c+start,10
mst,2,mst,2,false,c+start,3
mstr,5,mr,0,true,c+start,10
msw,99,ms,0,true,c+start,1
mtr,4,mr,0,true,c+start,3
mtw,99,mt,2,true,c+start,1
mtx,4,mx,0,true,c+start,3
mvr,4,mr,0,true,c+start,3
nbl,4,nl,2,true,c+start,3
nbr,4,nr,2,true,c+start,3
ndr,2,ndr,2,false,c+start,3
nfl,2,nfl,2,false,c+start,3
nfr,2,nfr,2,false,c+start,3
ngl,4,gl,0,true,c+start,3
ngr,4,gr,0,true,c+start,3
nkl,4,kl,0,true,c+start,3
nkr,4,kr,0,true,c+start,3
nkw,99,nk,2,true,c+start,1
npl,4,pl,0,true,c+start,3
npr,4,pr,0,true,c+start,3
nsk,4,sk,0,true,c+start,3
nskl,7,kl,0,true,c+start,10
nskr,7,kr,0,true,c+start,10
nskw,99,sk,0,true,c+start,4
nsl,5,sl,1,true,c+start,3
nsm,4,nm,2,true,c+start,3
nsn,11,sn,2,true,c+start,2
nsp,4,sp,0,true,c+start,3
nspl,7,pl,0,true,c+start,10
nspr,7,pr,0,true,c+start,10
nst,7,nt,0,true,c+start,3
nstr,7,sr,1,true,c+start,10
nsw,99,ns,2,true,c+start,1
ntr,2,ntr,2,false,c+start,3
ntw,99,nt,0,true,c+start,1
ntx,2,ntx,2,false,c+start,3
nvr,2,nvr,2,false,c+start,3
pbl,6,bl,0,true,c+start,3
pbr,6,br,0,true,c+start,3
pdr,6,pr,0,true,c+start,3
pfl,2,pfl,2,false,c+start,3
pfr,2,pfr,2,false,c+start,3
pgl,6,pl,0,true,c+start,3
pgr,6,pr,0,true,c+start,3
pkl,4,pl,0,true,c+start,3
pkr,4,pr,0,true,c+start,3
pkw,99,pk,2,true,c+start,1
pl,0,pl,0,false,c+start,0
pr,0,pr,0,false,c+start,0
psk,5,sk,0,true,c+start,3
pskl,6,pl,0,true,c+start,10
pskr,6,pr,0,true,c+start,10
pskw,99,sk,0,true,c+start,4
psl,4,pl,0,true,c+start,3
psm,4,pm,0,true,c+start,3
psn,5,pn,0,true,c+start,3
psp,8,sp,0,true,c+start,2
pspl,7,pl,0,true,c+start,7
pspr,7,pr,0,true,c+start,7
pst,5,st,0,true,c+start,3
pstr,6,pr,0,true,c+start,10
psw,99,ps,1,true,c+start,1
ptr,4,pr,0,true,c+start,3
ptw,99,pt,2,true,c+start,1
ptx,6,tx,0,true,c+start,3
pvr,4,pr,0,true,c+start,3
qbl,4,qk,0,true,c+start,3
qbr,4,qk,0,true,c+start,3
qdr,4,qk,0,true,c+start,3
qfl,2,fl,0,true,c+start,3
qfr,2,fr,0,true,c+start,3
qgl,2,gl,0,true,c+start,3
qgr,2,gr,0,true,c+start,3
qkl,0,kl,0,true,c+start,0
qkr,0,kr,0,true,c+start,0
qkw,99,qk,0,true,c+start,1
qpl,4,qk,0,true,c+start,3
qpr,4,qk,0,true,c+start,3
qsk,2,sk,0,true,c+start,3
qskl,5,kl,0,true,c+start,10
qskr,5,kr,0,true,c+start,10
qskw,99,sk,0,true,c+start,4
qsl,3,qk,0,true,c+start,3
qsm,2,sm,0,true,c+start,3
qsn,4,qk,0,true,c+start,3
qsp,2,sp,0,true,c+start,3
qspl,5,sp,0,true,c+start,10
qspr,5,qk,0,true,c+start,10
qst,2,st,0,true,c+start,3
qstr,5,qk,0,true,c+start,10
qsw,99,qk,0,true,c+start,1
qtr,4,qk,0,true,c+start,3
qtw,99,qk,0,true,c+start,1
qtx,4,qk,0,true,c+start,3
qvr,2,vr,0,true,c+start,3
rbl,3,bl,0,true,c+start,3
rbr,5,br,0,true,c+start,2
rdr,4,dr,0,true,c+start,2
rfl,2,rfl,2,false,c+start,3
rfr,4,fr,0,true,c+start,2
rgl,3,gl,0,true,c+start,3
rgr,5,gr,0,true,c+start,2
rkl,3,kl,0,true,c+start,3
rkr,5,kr,0,true,c+start,2
rkw,99,rk,1,true,c+start,1
rpl,3,pl,0,true,c+start,3
rpr,5,pr,0,true,c+start,2
rsk,3,sk,0,true,c+start,3
rskl,6,kl,0,true,c+start,10
rskr,8,kr,0,true,c+start,9
rskw,99,sk,0,true,c+start,4
rsl,4,sl,1,true,c+start,3
rsm,3,rm,0,true,c+start,3
rsn,5,rn,2,true,c+start,3
rsp,3,sp,0,true,c+start,3
rspl,6,pl,0,true,c+start,10
rspr,8,pr,0,true,c+start,9
rst,3,rt,0,true,c+start,3
rstr,8,tr,0,true,c+start,9
rsw,99,rs,1,true,c+start,1
rtr,4,tr,0,true,c+start,2
rtw,99,rt,0,true,c+start,1
rtx,2,rtx,2,false,c+start,3
rvr,4,vr,0,true,c+start,2
sbl,4,bl,0,true,c+start,3
sbr,4,br,0,true,c+start,3
sdr,4,dr,0,true,c+start,3
sfl,4,fl,0,true,c+start,3
sfr,4,fr,0,true,c+start,3
sgl,4,gl,0,true,c+start,3
sgr,4,gr,0,true,c+start,3
sk,0,sk,0,false,c+start,0
skl,2,skl,2,false,c+start,3
skr,2,skr,2,false,c+start,3
skw,99,sk,0,true,c+start,1
sl,1,sl,1,false,c+start,0
sm,0,sm,0,false,c+start,0
sn,2,sn,2,false,c+start,0
sp,0,sp,0,false,c+start,0
spl,2,spl,2,false,c+start,3
spr,2,spr,2,false,c+start,3
st,0,st,0,false,c+start,0
str,2,str,2,false,c+start,3
stw,99,st,0,true,c+start,1
stx,4,tx,0,true,c+start,3
svr,6,vr,0,true,c+start,3
sw,99,sw,99,false,c+start,0
tbl,6,tl,0,true,c+start,3
tbr,6,tr,0,true,c+start,3
tdr,6,tt,99,true,c+start,3
tfl,4,tl,0,true,c+start,3
tfr,4,tr,0,true,c+start,3
tgl,6,tl,0,true,c+start,3
tgr,6,tr,0,true,c+start,3
tkl,4,tl,0,true,c+start,3
tkr,4,tr,0,true,c+start,3
tkw,99,tk,2,true,c+start,1
tpl,4,tl,0,true,c+start,3
tpr,4,tr,0,true,c+start,3
tr,0,tr,0,false,c+start,0
tsk,4,sk,0,true,c+start,3
tskl,5,tl,0,true,c+start,10
tskr,5,tr,0,true,c+start,10
tskw,99,ts,0,true,c+start,4
tsl,3,tl,0,true,c+start,3
tsm,2,tsm,2,false,c+start,3
tsn,7,tn,0,true,c+start,3
tsp,4,sp,0,true,c+start,3
tspl,5,tl,0,true,c+start,10
tspr,5,tr,0,true,c+start,10
tst,9,st,0,true,c+start,2
tstr,5,tr,0,true,c+start,7
tsw,99,ts,0,true,c+start,1
tvr,6,tr,0,true,c+start,3
tw,99,tw,99,false,c+start,0
tx,0,tx,0,false,c+start,0
vbl,4,vl,0,true,c+start,3
vbr,4,vr,0,true,c+start,3
vdr,4,vr,0,true,c+start,3
vfl,6,vv,99,true,c+start,3
vfr,6,vr,0,true,c+start,3
vgl,5,vl,0,true,c+start,3
vgr,5,vr,0,true,c+start,3
vkl,5,vl,0,true,c+start,3
vkr,5,vr,0,true,c+start,3
vkw,99,vg,1,true,c+start,1
vpl,4,vl,0,true,c+start,3
vpr,4,vr,0,true,c+start,3
vr,0,vr,0,false,c+start,0
vsk,8,sk,0,true,c+start,3
vskl,9,vl,0,true,c+start,10
vskr,9,vr,0,true,c+start,10
vskw,99,sk,0,true,c+start,4
vsl,7,vl,0,true,c+start,3
vsm,7,vm,2,true,c+start,3
vsn,8,vn,0,true,c+start,3
vsp,9,vb,0,true,c+start,3
vspl,10,sp,0,true,c+start,10
vspr,10,vr,0,true,c+start,10
vst,8,st,0,true,c+start,3
vstr,9,vr,0,true,c+start,10
vsw,99,vz,2,true,c+start,1
vtr,4,vr,0,true,c+start,3
vtw,99,vd,0,true,c+start,1
vtx,6,vj,2,true,c+start,3
xbl,7,bl,0,true,c+start,3
xbr,7,br,0,true,c+start,3
xdr,8,dr,0,true,c+start,3
xfl,6,fl,0,true,c+start,3
xfr,6,fr,0,true,c+start,3
xgl,6,gl,0,true,c+start,3
xgr,6,gr,0,true,c+start,3
xkl,4,kl,0,true,c+start,3
xkr,4,kr,0,true,c+start,3
xkw,99,xk,0,true,c+start,1
xpl,5,pl,0,true,c+start,3
xpr,5,pr,0,true,c+start,3
xsk,10,xk,0,true,c+start,3
xskl,11,kl,0,true,c+start,10
xskr,11,sr,1,true,c+start,10
xskw,99,xk,0,true,c+start,4
xsl,9,sl,1,true,c+start,3
xsm,8,xm,0,true,c+start,3
xsn,10,xn,2,true,c+start,3
xsp,10,sp,0,true,c+start,3
xspl,11,pl,0,true,c+start,10
xspr,11,pr,0,true,c+start,10
xst,10,st,0,true,c+start,3
xstr,11,tr,0,true,c+start,10
xsw,99,xs,4,true,c+start,1
xtr,6,tr,0,true,c+start,3
xtw,99,xt,2,true,c+start,1
xtx,10,tx,0,true,c+start,2
xvr,8,vr,0,true,c+start,3
zbl,4,bl,0,true,c+start,3
zbr,4,br,0,true,c+start,3
zdr,4,dr,0,true,c+start,3
zfl,6,fl,0,true,c+start,3
zfr,6,fr,0,true,c+start,3
zgl,4,gl,0,true,c+start,3
zgr,4,gr,0,true,c+start,3
zkl,4,kl,0,true,c+start,3
zkr,4,kr,0,true,c+start,3
zkw,99,zg,0,true,c+start,1
zpl,4,pl,0,true,c+start,3
zpr,4,pr,0,true,c+start,3
zsk,8,sk,0,true,c+start,3
zskl,9,kl,0,true,c+start,8
zskr,9,kr,0,true,c+start,8
zskw,99,sk,0,true,c+start,3
zsl,7,zl,1,true,c+start,3
zsm,6,zm,0,true,c+start,3
zsn,11,zn,2,true,c+start,3
zsp,8,sp,0,true,c+start,3
zspl,9,pl,0,true,c+start,8
zspr,9,pr,0,true,c+start,8
zst,11,st,0,true,c+start,3
zstr,9,tr,0,true,c+start,8
zsw,99,zz,99,true,c+start,1
ztr,4,tr,0,true,c+start,3
ztw,99,zd,0,true,c+start,1
ztx,6,zj,2,true,c+start,3
zvr,6,vr,0,true,c+start,3
bz,1,bz,1,false,end+c,0
bzb,12,zb,0,true,end+c,2
bzd,9,bd,2,true,end+c,3
bzf,12,bv,0,true,end+c,3
bzg,9,bg,2,true,end+c,3
bzj,14,zj,2,true,end+c,3
bzk,9,zg,0,true,end+c,3
bzl,6,bl,0,true,end+c,3
bzm,6,bm,0,true,end+c,3
bzn,7,bn,0,true,end+c,3
bzp,10,zb,0,true,end+c,3
bzq,99,bz,1,true,end+c,1
bzr,6,br,0,true,end+c,3
bzs,11,bz,1,true,end+c,3
bzt,9,zd,0,true,end+c,3
bzv,12,bv,0,true,end+c,3
bzx,13,bz,1,true,end+c,3
dj,0,dj,0,false,end+c,0
djb,10,jb,1,true,end+c,3
djd,13,jd,2,true,end+c,2
djf,11,dv,2,true,end+c,3
djg,9,jg,0,true,end+c,3
djk,9,jg,0,true,end+c,3
djl,7,dl,0,true,end+c,3
djm,5,dm,0,true,end+c,3
djn,7,dn,0,true,end+c,3
djp,10,dj,0,true,end+c,3
djq,99,dj,0,true,end+c,1
djr,7,dr,0,true,end+c,3
djs,13,dz,0,true,end+c,3
djt,11,dj,0,true,end+c,3
djv,11,dv,2,true,end+c,3
djx,13,dj,0,true,end+c,3
djz,13,jz,4,true,end+c,3
dz,0,dz,0,false,end+c,0
dzb,6,db,2,true,end+c,3
dzd,11,zd,0,true,end+c,2
dzf,8,dz,0,true,end+c,3
dzg,6,dg,2,true,end+c,3
dzj,11,dj,0,true,end+c,3
dzk,6,zg,0,true,end+c,3
dzl,3,dl,0,true,end+c,3
dzm,2,dzm,2,false,end+c,3
dzn,7,dn,0,true,end+c,3
dzp,6,zb,0,true,end+c,3
dzq,99,dz,0,true,end+c,1
dzr,3,dr,0,true,end+c,3
dzs,11,dz,0,true,end+c,3
dzt,9,zd,0,true,end+c,3
dzv,8,dv,2,true,end+c,3
dzx,10,dz,0,true,end+c,3
ft,0,ft,0,false,end+c,0
ftb,10,fp,0,true,end+c,3
ftd,9,ft,0,true,end+c,3
ftf,10,tf,2,true,end+c,2
ftg,9,fk,1,true,end+c,3
ftj,12,fx,2,true,end+c,3
ftk,7,fk,1,true,end+c,3
ftl,3,fl,0,true,end+c,3
ftm,4,tm,0,true,end+c,3
ftn,3,fn,0,true,end+c,3
ftp,8,fp,0,true,end+c,3
ftq,99,ft,0,true,end+c,1
ftr,2,ftr,2,false,end+c,3
fts,5,ts,0,true,end+c,3
ftv,10,ff,99,true,end+c,3
ftx,4,tx,0,true,end+c,3
ftz,7,ts,0,true,end+c,3
gz,0,gz,0,false,end+c,0
gzb,8,gb,2,true,end+c,3
gzd,8,gd,2,true,end+c,3
gzf,10,zv,2,true,end+c,3
gzg,10,zg,0,true,end+c,2
gzj,13,gj,2,true,end+c,3
gzk,8,zg,0,true,end+c,3
gzl,5,gl,0,true,end+c,3
gzm,4,gm,0,true,end+c,3
gzn,6,gn,1,true,end+c,3
gzp,8,zb,0,true,end+c,3
gzq,99,gz,0,true,end+c,1
gzr,5,gr,0,true,end+c,3
gzs,10,gz,0,true,end+c,3
gzt,8,zd,0,true,end+c,3
gzv,10,zv,2,true,end+c,3
gzx,12,gz,0,true,end+c,3
ks,0,ks,0,false,end+c,0
ksb,6,sp,0,true,end+c,3
ksd,6,st,0,true,end+c,3
ksf,6,sf,2,true,end+c,3
ksg,6,sk,0,true,end+c,3
ksj,11,kx,2,true,end+c,3
ksk,6,sk,0,true,end+c,2
ksl,3,kl,0,true,end+c,3
ksm,2,ksm,2,false,end+c,3
ksn,4,kn,1,true,end+c,3
ksp,4,sp,0,true,end+c,3
ksq,99,ks,0,true,end+c,1
ksr,3,kr,0,true,end+c,3
kst,4,st,0,true,end+c,3
ksv,8,sf,2,true,end+c,3
ksx,8,kx,2,true,end+c,3
ksz,8,ss,99,true,end+c,3
kx,2,kx,2,false,end+c,0
kxb,11,xp,1,true,end+c,3
kxd,12,kt,2,true,end+c,3
kxf,10,xf,2,true,end+c,3
kxg,10,xk,0,true,end+c,3
kxj,15,kx,2,true,end+c,3
kxk,10,xk,0,true,end+c,2
kxl,8,kl,0,true,end+c,3
kxm,6,km,0,true,end+c,3
kxn,8,kn,1,true,end+c,3
kxp,9,xp,1,true,end+c,3
kxq,99,kx,2,true,end+c,1
kxr,8,kr,0,true,end+c,3
kxs,12,ks,0,true,end+c,3
kxt,10,kt,2,true,end+c,3
kxv,12,xf,2,true,end+c,3
kxz,14,ks,0,true,end+c,3
lb,1,lb,1,false,end+c,0
lbd,7,ld,0,true,end+c,3
lbf,5,lf,0,true,end+c,3
lbg,7,lg,1,true,end+c,3
lbj,11,bj,3,true,end+c,3
lbk,7,lk,1,true,end+c,3
lbl,5,bl,0,true,end+c,2
lbm,3,lm,0,true,end+c,3
lbn,3,bn,0,true,end+c,3
lbp,7,lp,1,true,end+c,3
lbq,99,lb,1,true,end+c,1
lbr,3,br,0,true,end+c,3
lbs,6,ls,1,true,end+c,3
lbt,7,lt,0,true,end+c,3
lbv,5,lv,0,true,end+c,3
lbx,10,lx,0,true,end+c,3
lbz,6,lz,1,true,end+c,3
lcb,99,lb,1,true,end+c,1
lcd,99,ld,0,true,end+c,1
lcf,99,lf,0,true,end+c,1
lcg,99,lg,1,true,end+c,1
lcj,99,lj,0,true,end+c,1
lck,99,lk,1,true,end+c,1
lcl,99,lcl,99,false,end+c,0
lcm,99,lm,0,true,end+c,1
lcn,99,ln,2,true,end+c,1
lcp,99,lp,1,true,end+c,1
lcq,99,lcq,99,false,end+c,0
lcr,99,lr,2,true,end+c,1
lcs,99,ls,1,true,end+c,1
lct,99,lt,0,true,end+c,1
lcv,99,lv,0,true,end+c,1
lcx,99,lx,0,true,end+c,1
lcz,99,lz,1,true,end+c,1
ld,0,ld,0,false,end+c,0
ldb,6,lb,1,true,end+c,3
ldf,6,lf,0,true,end+c,3
ldg,6,lg,1,true,end+c,3
ldj,5,lj,0,true,end+c,3
ldk,6,lk,1,true,end+c,3
ldl,4,dl,0,true,end+c,2
ldm,2,ldm,2,false,end+c,3
ldn,2,ldn,2,false,end+c,3
ldp,6,lp,1,true,end+c,3
ldq,99,ld,0,true,end+c,1
ldr,2,ldr,2,false,end+c,3
lds,4,ls,1,true,end+c,3
ldt,6,lt,0,true,end+c,3
ldv,6,lv,0,true,end+c,3
ldx,8,lx,0,true,end+c,3
ldz,2,ldz,2,false,end+c,3
lf,0,lf,0,false,end+c,0
lfb,4,lb,1,true,end+c,3
lfd,4,ld,0,true,end+c,3
lfg,5,lg,1,true,end+c,3
lfj,9,lj,0,true,end+c,3
lfk,3,lk,1,true,end+c,3
lfl,4,fl,0,true,end+c,2
lfm,4,lm,0,true,end+c,3
lfn,2,lfn,2,false,end+c,3
lfp,2,lfp,2,false,end+c,3
lfq,99,lf,0,true,end+c,1
lfr,2,lfr,2,false,end+c,3
lfs,4,ls,1,true,end+c,3
lft,2,lft,2,false,end+c,3
lfv,6,lf,0,true,end+c,3
lfx,6,lx,0,true,end+c,3
lfz,6,fs,2,true,end+c,3
lk,1,lk,1,false,end+c,0
lkb,7,lb,1,true,end+c,3
lkd,7,ld,0,true,end+c,3
lkf,6,kf,3,true,end+c,3
lkg,7,lk,1,true,end+c,3
lkj,10,lj,0,true,end+c,3
lkl,5,kl,0,true,end+c,2
lkm,3,lm,0,true,end+c,3
lkn,4,kn,1,true,end+c,3
lkp,5,lp,1,true,end+c,3
lkq,99,lk,1,true,end+c,1
lkr,3,kr,0,true,end+c,3
lks,3,ks,0,true,end+c,3
lkt,5,lt,0,true,end+c,3
lkv,8,lv,0,true,end+c,3
lkx,7,lx,0,true,end+c,3
lkz,5,lz,1,true,end+c,3
lp,1,lp,1,false,end+c,0
lpb,7,lp,1,true,end+c,3
lpd,7,ld,0,true,end+c,3
lpf,3,lf,0,true,end+c,3
lpg,7,lg,1,true,end+c,3
lpj,11,px,3,true,end+c,3
lpk,5,lk,1,true,end+c,3
lpl,5,pl,0,true,end+c,2
lpm,3,lm,0,true,end+c,3
lpn,3,pn,0,true,end+c,3
lpq,99,lp,1,true,end+c,1
lpr,3,pr,0,true,end+c,3
lps,4,ls,1,true,end+c,3
lpt,5,lt,0,true,end+c,3
lpv,5,lv,0,true,end+c,3
lpx,8,lx,0,true,end+c,3
lpz,6,lz,1,true,end+c,3
ls,1,ls,1,false,end+c,0
lsb,5,lb,1,true,end+c,3
lsd,5,ld,0,true,end+c,3
lsf,5,lf,0,true,end+c,3
lsg,5,lg,1,true,end+c,3
lsj,10,lj,0,true,end+c,3
lsk,3,sk,0,true,end+c,3
lsl,6,sl,1,true,end+c,2
lsm,3,lm,0,true,end+c,3
lsn,5,ln,2,true,end+c,3
lsp,3,sp,0,true,end+c,3
lsq,99,ls,1,true,end+c,1
lsr,4,sr,1,true,end+c,3
lst,3,lt,0,true,end+c,3
lsv,7,lv,0,true,end+c,3
lsx,7,lx,0,true,end+c,3
lsz,7,ls,1,true,end+c,3
lt,0,lt,0,false,end+c,0
ltb,6,lb,1,true,end+c,3
ltd,6,lt,0,true,end+c,3
ltf,4,lf,0,true,end+c,3
ltg,6,lg,1,true,end+c,3
ltj,9,lj,0,true,end+c,3
ltk,4,lk,1,true,end+c,3
ltl,4,tl,0,true,end+c,2
ltm,2,ltm,2,false,end+c,3
ltn,2,ltn,2,false,end+c,3
ltp,4,lp,1,true,end+c,3
ltq,99,lt,0,true,end+c,1
ltr,2,ltr,2,false,end+c,3
lts,2,lts,2,false,end+c,3
ltv,6,lv,0,true,end+c,3
ltx,2,ltx,2,false,end+c,3
ltz,4,lz,1,true,end+c,3
lv,0,lv,0,false,end+c,0
lvb,4,vb,0,true,end+c,3
lvd,4,vd,0,true,end+c,3
lvf,6,lf,0,true,end+c,3
lvg,5,vg,1,true,end+c,3
lvj,9,vj,2,true,end+c,3
lvk,5,lk,1,true,end+c,3
lvl,4,vl,0,true,end+c,2
lvm,4,lm,0,true,end+c,3
lvn,2,lvn,2,false,end+c,3
lvp,4,lp,1,true,end+c,3
lvq,99,lv,0,true,end+c,1
lvr,2,lvr,2,false,end+c,3
lvs,6,ls,1,true,end+c,3
lvt,4,lt,0,true,end+c,3
lvx,8,lx,0,true,end+c,3
lvz,6,vz,2,true,end+c,3
lx,0,lx,0,false,end+c,0
lxb,7,lb,1,true,end+c,3
lxd,8,ld,0,true,end+c,3
lxf,6,lf,0,true,end+c,3
lxg,6,lg,1,true,end+c,3
lxj,11,lx,0,true,end+c,3
lxk,4,xk,0,true,end+c,3
lxl,8,xl,2,true,end+c,2
lxm,4,lm,0,true,end+c,3
lxn,6,ln,2,true,end+c,3
lxp,5,lp,1,true,end+c,3
lxq,99,lx,0,true,end+c,1
lxr,6,lr,2,true,end+c,3
lxs,8,ls,1,true,end+c,3
lxt,6,lt,0,true,end+c,3
lxv,8,lv,0,true,end+c,3
lxz,10,xs,4,true,end+c,3
lz,1,lz,1,false,end+c,0
lzb,5,zb,0,true,end+c,3
lzd,5,ld,0,true,end+c,3
lzf,7,lf,0,true,end+c,3
lzg,5,zg,0,true,end+c,3
lzj,10,lj,0,true,end+c,3
lzk,5,lk,1,true,end+c,3
lzl,6,zl,1,true,end+c,2
lzm,3,lm,0,true,end+c,3
lzn,5,ln,2,true,end+c,3
lzp,5,lp,1,true,end+c,3
lzq,99,lz,1,true,end+c,1
lzr,4,zr,1,true,end+c,3
lzs,7,ls,1,true,end+c,3
lzt,5,lt,0,true,end+c,3
lzv,7,lv,0,true,end+c,3
lzx,9,lx,0,true,end+c,3
mp,0,mp,0,false,end+c,0
mpb,9,mb,0,true,end+c,3
mpd,6,md,2,true,end+c,3
mpf,5,mf,2,true,end+c,3
mpfb,10,mb,0,true,end+c,9
mpfd,7,md,2,true,end+c,10
mpfg,8,mg,2,true,end+c,10
mpfj,12,mj,0,true,end+c,10
mpfk,6,fk,1,true,end+c,10
mpfl,5,ml,0,true,end+c,10
mpfm,12,pm,0,true,end+c,8
mpfn,5,pfn,2,true,end+c,9
mpfp,8,mp,0,true,end+c,7
mpfq,99,pf,0,true,end+c,4
mpfr,5,mr,0,true,end+c,10
mpfs,7,ms,0,true,end+c,10
mpft,5,ft,0,true,end+c,10
mpfv,12,mv,2,true,end+c,8
mpfx,9,mx,0,true,end+c,10
mpfz,9,mz,0,true,end+c,10
mpg,6,mg,2,true,end+c,3
mpj,10,mj,0,true,end+c,3
mpk,4,mk,2,true,end+c,3
mpl,2,mpl,2,false,end+c,3
mpm,7,pm,0,true,end+c,2
mpn,2,mpn,2,false,end+c,3
mpq,99,mp,0,true,end+c,1
mpr,2,mpr,2,false,end+c,3
mps,3,ms,0,true,end+c,3
mpsb,9,mb,0,true,end+c,9
mpsd,8,md,2,true,end+c,10
mpsf,9,mf,2,true,end+c,10
mpsg,8,mg,2,true,end+c,10
mpsj,13,mj,0,true,end+c,10
mpsk,6,sk,0,true,end+c,10
mpsl,7,ml,0,true,end+c,10
mpsm,9,pm,0,true,end+c,8
mpsn,8,pn,0,true,end+c,9
mpsp,7,mp,0,true,end+c,7
mpsq,99,mp,0,true,end+c,4
mpsr,7,mr,0,true,end+c,10
mpst,6,st,0,true,end+c,10
mpsv,11,mv,2,true,end+c,10
mpsx,10,mx,0,true,end+c,10
mpsz,10,mz,0,true,end+c,8
mpt,4,mt,2,true,end+c,3
mpv,7,mv,2,true,end+c,3
mpx,7,mx,0,true,end+c,3
mpz,5,mz,0,true,end+c,3
nd,0,nd,0,false,end+c,0
ndb,6,nb,2,true,end+c,3
ndf,6,nf,0,true,end+c,3
ndg,6,ng,2,true,end+c,3
ndj,5,nj,0,true,end+c,3
ndk,6,nk,2,true,end+c,3
ndl,2,ndl,2,false,end+c,3
ndm,2,ndm,2,false,end+c,3
ndn,7,dn,0,true,end+c,2
ndp,6,np,2,true,end+c,3
ndq,99,nd,0,true,end+c,1
ndr,2,ndr,2,false,end+c,3
nds,7,ns,2,true,end+c,3
ndt,9,nt,0,true,end+c,3
ndv,6,nv,0,true,end+c,3
ndx,8,nx,0,true,end+c,3
ndz,5,dz,0,true,end+c,3
ndzb,7,nb,2,true,end+c,10
ndzd,10,nd,0,true,end+c,7
ndzf,9,nf,0,true,end+c,10
ndzg,7,ng,2,true,end+c,10
ndzj,12,nj,0,true,end+c,10
ndzk,7,nk,2,true,end+c,10
ndzl,6,zl,1,true,end+c,10
ndzm,5,zm,0,true,end+c,9
ndzn,12,zn,2,true,end+c,8
ndzp,7,np,2,true,end+c,10
ndzq,99,dz,0,true,end+c,4
ndzr,6,zr,1,true,end+c,10
ndzs,12,ns,2,true,end+c,8
ndzt,10,nt,0,true,end+c,9
ndzv,9,nv,0,true,end+c,10
ndzx,11,nx,0,true,end+c,10
nt,0,nt,0,false,end+c,0
ntb,6,nb,2,true,end+c,3
ntcb,99,nb,2,true,end+c,4
ntcd,99,nt,0,true,end+c,3
ntcf,99,nf,0,true,end+c,4
ntcg,99,ng,2,true,end+c,4
ntcj,99,nj,0,true,end+c,4
ntck,99,nk,2,true,end+c,4
ntcl,99,ntl,2,true,end+c,4
ntcm,99,tm,0,true,end+c,3
ntcn,99,tn,0,true,end+c,2
ntcp,99,np,2,true,end+c,4
ntcq,99,nt,0,true,end+c,1
ntcr,99,tr,0,true,end+c,4
ntcs,99,ts,0,true,end+c,4
ntct,99,nt,0,true,end+c,1
ntcv,99,nv,0,true,end+c,4
ntcx,99,nx,0,true,end+c,4
ntcz,99,nz,2,true,end+c,4
ntd,9,nt,0,true,end+c,3
ntf,4,nf,0,true,end+c,3
ntg,6,ng,2,true,end+c,3
ntj,9,nj,0,true,end+c,3
ntk,4,nk,2,true,end+c,3
ntl,2,ntl,2,false,end+c,3
ntm,2,ntm,2,false,end+c,3
ntn,7,tn,0,true,end+c,2
ntp,4,np,2,true,end+c,3
ntq,99,nt,0,true,end+c,1
ntr,2,ntr,2,false,end+c,3
nts,5,ts,0,true,end+c,3
ntsb,7,nb,2,true,end+c,10
ntsd,10,nd,0,true,end+c,9
ntsf,7,nf,0,true,end+c,10
ntsg,7,ng,2,true,end+c,10
ntsj,12,nj,0,true,end+c,10
ntsk,5,sk,0,true,end+c,10
ntsl,6,tl,0,true,end+c,10
ntsm,5,tm,0,true,end+c,9
ntsn,12,tn,0,true,end+c,8
ntsp,5,sp,0,true,end+c,10
ntsq,99,nt,0,true,end+c,4
ntsr,6,tr,0,true,end+c,10
ntst,8,nt,0,true,end+c,7
ntsv,9,nv,0,true,end+c,10
ntsx,9,nx,0,true,end+c,10
ntsz,12,ts,0,true,end+c,8
ntv,6,nv,0,true,end+c,3
ntx,2,ntx,2,false,end+c,3
ntxb,8,nb,2,true,end+c,10
ntxd,9,nd,0,true,end+c,9
ntxf,7,nf,0,true,end+c,10
ntxg,7,ng,2,true,end+c,10
ntxj,12,nx,0,true,end+c,8
ntxk,5,xk,0,true,end+c,10
ntxl,7,tl,0,true,end+c,10
ntxm,5,txm,2,true,end+c,9
ntxn,9,tn,0,true,end+c,8
ntxp,6,xp,1,true,end+c,10
ntxq,99,nt,0,true,end+c,4
ntxr,7,tr,0,true,end+c,10
ntxs,9,ts,0,true,end+c,10
ntxt,7,tx,0,true,end+c,7
ntxv,9,nv,0,true,end+c,10
ntxz,11,nz,2,true,end+c,10
ntz,7,nz,2,true,end+c,3
ps,1,ps,1,false,end+c,0
psb,8,pp,99,true,end+c,3
psd,7,st,0,true,end+c,3
psf,8,pf,0,true,end+c,3
psg,7,pk,2,true,end+c,3
psj,12,sx,2,true,end+c,3
psk,5,sk,0,true,end+c,3
psl,4,pl,0,true,end+c,3
psm,4,pm,0,true,end+c,3
psn,5,pn,0,true,end+c,3
psp,8,sp,0,true,end+c,2
psq,99,ps,1,true,end+c,1
psr,4,pr,0,true,end+c,3
pst,5,st,0,true,end+c,3
psv,10,pf,0,true,end+c,3
psx,9,sx,2,true,end+c,3
psz,9,ps,1,true,end+c,3
px,3,px,3,false,end+c,0
pxb,13,xp,1,true,end+c,3
pxd,13,pt,2,true,end+c,3
pxf,12,pf,0,true,end+c,3
pxg,11,xk,0,true,end+c,3
pxj,16,px,3,true,end+c,3
pxk,9,xk,0,true,end+c,3
pxl,9,pl,0,true,end+c,3
pxm,8,pm,0,true,end+c,3
pxn,9,pn,0,true,end+c,3
pxp,13,xp,1,true,end+c,2
pxq,99,px,3,true,end+c,1
pxr,9,pr,0,true,end+c,3
pxs,13,ps,1,true,end+c,3
pxt,11,pt,2,true,end+c,3
pxv,14,pf,0,true,end+c,3
pxz,15,ps,1,true,end+c,3
qk,0,qk,0,false,end+c,0
qkb,4,qk,0,true,end+c,3
qkd,4,qk,0,true,end+c,3
qkf,3,qk,0,true,end+c,3
qkg,7,qk,0,true,end+c,3
qkj,7,qk,0,true,end+c,3
qkl,0,kl,0,true,end+c,0
qkm,0,km,0,true,end+c,0
qkn,1,kn,1,true,end+c,3
qkp,2,kp,2,true,end+c,3
qkq,99,qk,0,true,end+c,1
qkr,0,kr,0,true,end+c,0
qks,0,ks,0,true,end+c,0
qksb,4,qk,0,true,end+c,10
qksd,4,qk,0,true,end+c,10
qksf,4,qk,0,true,end+c,10
qksg,4,qk,0,true,end+c,9
qksj,9,qk,0,true,end+c,10
qksk,2,ksk,6,true,end+c,7
qksl,3,kl,0,true,end+c,10
qksm,2,ksm,2,true,end+c,9
qksn,4,kn,1,true,end+c,9
qksp,2,ksp,4,true,end+c,10
qksq,99,ks,0,true,end+c,4
qksr,3,kr,0,true,end+c,10
qkst,2,kst,4,true,end+c,10
qksv,6,qk,0,true,end+c,10
qksx,6,qk,0,true,end+c,10
qksz,6,qk,0,true,end+c,8
qkt,2,kt,2,true,end+c,3
qkv,5,qk,0,true,end+c,3
qkx,4,qk,0,true,end+c,3
qkxb,9,qk,0,true,end+c,10
qkxd,10,qk,0,true,end+c,10
qkxf,8,qk,0,true,end+c,10
qkxg,8,qk,0,true,end+c,9
qkxj,13,qk,0,true,end+c,8
qkxk,6,qk,0,true,end+c,7
qkxl,8,qk,0,true,end+c,10
qkxm,6,qk,0,true,end+c,9
qkxn,8,qk,0,true,end+c,9
qkxp,7,kp,2,true,end+c,10
qkxq,99,qk,0,true,end+c,4
qkxr,8,qk,0,true,end+c,10
qkxs,10,ks,0,true,end+c,10
qkxt,8,qk,0,true,end+c,10
qkxv,10,qk,0,true,end+c,10
qkxz,12,ks,0,true,end+c,10
qkz,2,ks,0,true,end+c,3
rb,1,rb,1,false,end+c,0
rbd,7,rd,0,true,end+c,3
rbf,5,rf,0,true,end+c,3
rbg,7,rg,1,true,end+c,3
rbj,11,rj,0,true,end+c,3
rbk,7,rk,1,true,end+c,3
rbl,3,bl,0,true,end+c,3
rbm,3,rm,0,true,end+c,3
rbn,3,bn,0,true,end+c,3
rbp,7,rp,1,true,end+c,3
rbq,99,rb,1,true,end+c,1
rbr,5,br,0,true,end+c,2
rbs,6,rs,1,true,end+c,3
rbt,7,rt,0,true,end+c,3
rbv,5,rv,0,true,end+c,3
rbx,10,rx,0,true,end+c,3
rbz,6,rz,1,true,end+c,3
rd,0,rd,0,false,end+c,0
rdb,6,rb,1,true,end+c,3
rdf,6,rf,0,true,end+c,3
rdg,6,rg,1,true,end+c,3
rdj,5,rj,0,true,end+c,3
rdk,6,rk,1,true,end+c,3
rdl,2,rdl,2,false,end+c,3
rdm,2,rdm,2,false,end+c,3
rdn,2,rdn,2,false,end+c,3
rdp,6,rp,1,true,end+c,3
rdq,99,rd,0,true,end+c,1
rdr,4,dr,0,true,end+c,2
rds,4,rs,1,true,end+c,3
rdt,6,rt,0,true,end+c,3
rdv,6,rv,0,true,end+c,3
rdx,8,rx,0,true,end+c,3
rdz,2,rdz,2,false,end+c,3
rf,0,rf,0,false,end+c,0
rfb,4,rb,1,true,end+c,3
rfd,4,rd,0,true,end+c,3
rfg,5,rg,1,true,end+c,3
rfj,9,rj,0,true,end+c,3
rfk,3,rk,1,true,end+c,3
rfl,2,rfl,2,false,end+c,3
rfm,4,rm,0,true,end+c,3
rfn,2,rfn,2,false,end+c,3
rfp,2,rfp,2,false,end+c,3
rfq,99,rf,0,true,end+c,1
rfr,4,fr,0,true,end+c,2
rfs,4,rs,1,true,end+c,3
rft,2,rft,2,false,end+c,3
rfv,6,rf,0,true,end+c,3
rfx,6,rx,0,true,end+c,3
rfz,6,rz,1,true,end+c,3
rg,1,rg,1,false,end+c,0
rgb,7,rb,1,true,end+c,3
rgd,7,rd,0,true,end+c,3
rgf,8,rf,0,true,end+c,3
rgj,10,rj,0,true,end+c,3
rgk,7,rk,1,true,end+c,3
rgl,3,gl,0,true,end+c,3
rgm,3,rm,0,true,end+c,3
rgn,4,gn,1,true,end+c,3
rgp,7,rp,1,true,end+c,3
rgq,99,rg,1,true,end+c,1
rgr,5,gr,0,true,end+c,2
rgs,5,rs,1,true,end+c,3
rgt,7,rt,0,true,end+c,3
rgv,8,gv,3,true,end+c,3
rgx,9,rx,0,true,end+c,3
rgz,5,gz,0,true,end+c,3
rk,1,rk,1,false,end+c,0
rkb,7,rb,1,true,end+c,3
rkd,7,rd,0,true,end+c,3
rkf,6,rf,0,true,end+c,3
rkg,7,rk,1,true,end+c,3
rkj,10,rj,0,true,end+c,3
rkl,3,kl,0,true,end+c,3
rkm,3,rm,0,true,end+c,3
rkn,4,kn,1,true,end+c,3
rkp,5,rp,1,true,end+c,3
rkq,99,rk,1,true,end+c,1
rkr,5,kr,0,true,end+c,2
rks,3,ks,0,true,end+c,3
rkt,5,rt,0,true,end+c,3
rkv,8,rv,0,true,end+c,3
rkx,7,rx,0,true,end+c,3
rkz,5,rz,1,true,end+c,3
rp,1,rp,1,false,end+c,0
rpb,7,rp,1,true,end+c,3
rpd,7,rd,0,true,end+c,3
rpf,3,rf,0,true,end+c,3
rpg,7,rg,1,true,end+c,3
rpj,11,rj,0,true,end+c,3
rpk,5,rk,1,true,end+c,3
rpl,3,pl,0,true,end+c,3
rpm,3,rm,0,true,end+c,3
rpn,3,pn,0,true,end+c,3
rpq,99,rp,1,true,end+c,1
rpr,5,pr,0,true,end+c,2
rps,4,rs,1,true,end+c,3
rpt,5,rt,0,true,end+c,3
rpv,5,rv,0,true,end+c,3
rpx,8,rx,0,true,end+c,3
rpz,6,rz,1,true,end+c,3
rs,1,rs,1,false,end+c,0
rsb,5,rb,1,true,end+c,3
rsd,5,rd,0,true,end+c,3
rsf,5,rf,0,true,end+c,3
rsg,5,rg,1,true,end+c,3
rsj,10,rj,0,true,end+c,3
rsk,3,sk,0,true,end+c,3
rsl,4,sl,1,true,end+c,3
rsm,3,rm,0,true,end+c,3
rsn,5,rn,2,true,end+c,3
rsp,3,sp,0,true,end+c,3
rsq,99,rs,1,true,end+c,1
rsr,6,sr,1,true,end+c,2
rst,3,rt,0,true,end+c,3
rsv,7,rv,0,true,end+c,3
rsx,7,rx,0,true,end+c,3
rsz,7,rs,1,true,end+c,3
rt,0,rt,0,false,end+c,0
rtb,6,rb,1,true,end+c,3
rtd,6,rt,0,true,end+c,3
rtf,4,rf,0,true,end+c,3
rtg,6,rg,1,true,end+c,3
rtj,9,rj,0,true,end+c,3
rtk,4,rk,1,true,end+c,3
rtl,2,rtl,2,false,end+c,3
rtm,2,rtm,2,false,end+c,3
rtn,2,rtn,2,false,end+c,3
rtp,4,rp,1,true,end+c,3
rtq,99,rt,0,true,end+c,1
rtr,4,tr,0,true,end+c,2
rts,2,rts,2,false,end+c,3
rtv,6,rv,0,true,end+c,3
rtx,2,rtx,2,false,end+c,3
rtz,4,rz,1,true,end+c,3
rv,0,rv,0,false,end+c,0
rvb,4,vb,0,true,end+c,3
rvd,4,rd,0,true,end+c,3
rvf,6,rf,0,true,end+c,3
rvg,5,rg,1,true,end+c,3
rvj,9,rj,0,true,end+c,3
rvk,5,rk,1,true,end+c,3
rvl,2,rvl,2,false,end+c,3
rvm,4,rm,0,true,end+c,3
rvn,2,rvn,2,false,end+c,3
rvp,4,rp,1,true,end+c,3
rvq,99,rv,0,true,end+c,1
rvr,4,vr,0,true,end+c,2
rvs,6,rs,1,true,end+c,3
rvt,4,rt,0,true,end+c,3
rvx,8,rx,0,true,end+c,3
rvz,6,rz,1,true,end+c,3
rx,0,rx,0,false,end+c,0
rxb,7,rb,1,true,end+c,3
rxd,8,rd,0,true,end+c,3
rxf,6,rf,0,true,end+c,3
rxg,6,rg,1,true,end+c,3
rxj,11,rx,0,true,end+c,3
rxk,4,xk,0,true,end+c,3
rxl,6,rl,2,true,end+c,3
rxm,4,rm,0,true,end+c,3
rxn,6,rn,2,true,end+c,3
rxp,5,rp,1,true,end+c,3
rxq,99,rx,0,true,end+c,1
rxr,8,xr,2,true,end+c,2
rxs,8,rs,1,true,end+c,3
rxt,6,rt,0,true,end+c,3
rxv,8,rv,0,true,end+c,3
rxz,10,rz,1,true,end+c,3
rz,1,rz,1,false,end+c,0
rzb,5,zb,0,true,end+c,3
rzd,5,rd,0,true,end+c,3
rzf,7,rf,0,true,end+c,3
rzg,5,zg,0,true,end+c,3
rzj,10,rj,0,true,end+c,3
rzk,5,rk,1,true,end+c,3
rzl,4,zl,1,true,end+c,3
rzm,3,rm,0,true,end+c,3
rzn,5,rn,2,true,end+c,3
rzp,5,rp,1,true,end+c,3
rzq,99,rz,1,true,end+c,1
rzr,6,zr,1,true,end+c,2
rzs,7,rs,1,true,end+c,3
rzt,5,rt,0,true,end+c,3
rzv,7,rv,0,true,end+c,3
rzx,9,rx,0,true,end+c,3
sk,0,sk,0,false,end+c,0
skb,8,sp,0,true,end+c,3
skd,8,st,0,true,end+c,3
skf,7,sf,2,true,end+c,3
skg,8,sk,0,true,end+c,3
skj,11,sk,0,true,end+c,3
skl,2,skl,2,false,end+c,3
skm,2,skm,2,false,end+c,3
skn,3,kn,1,true,end+c,3
skp,6,sp,0,true,end+c,3
skq,99,sk,0,true,end+c,1
skr,2,skr,2,false,end+c,3
sks,6,ks,0,true,end+c,2
skt,6,st,0,true,end+c,3
skv,9,sk,0,true,end+c,3
skx,8,sx,2,true,end+c,3
skz,6,ks,0,true,end+c,3
sp,0,sp,0,false,end+c,0
spb,8,sp,0,true,end+c,3
spd,8,st,0,true,end+c,3
spf,4,pf,0,true,end+c,3
spg,8,sk,0,true,end+c,3
spj,12,sp,0,true,end+c,3
spk,6,sk,0,true,end+c,3
spl,2,spl,2,false,end+c,3
spm,2,spm,2,false,end+c,3
spn,2,spn,2,false,end+c,3
spq,99,sp,0,true,end+c,1
spr,2,spr,2,false,end+c,3
sps,7,ps,1,true,end+c,2
spt,6,st,0,true,end+c,3
spv,6,pf,0,true,end+c,3
spx,9,sx,2,true,end+c,3
spz,7,sp,0,true,end+c,3
st,0,st,0,false,end+c,0
stb,8,sp,0,true,end+c,3
std,11,st,0,true,end+c,3
stf,6,sf,2,true,end+c,3
stg,8,sk,0,true,end+c,3
stj,11,st,0,true,end+c,3
stk,6,sk,0,true,end+c,3
stl,2,stl,2,false,end+c,3
stm,2,stm,2,false,end+c,3
stn,5,tn,0,true,end+c,3
stp,6,sp,0,true,end+c,3
stq,99,st,0,true,end+c,1
str,2,str,2,false,end+c,3
sts,9,ts,0,true,end+c,2
stv,8,st,0,true,end+c,3
stx,4,tx,0,true,end+c,3
stz,9,ts,0,true,end+c,3
ts,0,ts,0,false,end+c,0
tsb,6,sp,0,true,end+c,3
tsd,9,st,0,true,end+c,3
tsf,6,tf,2,true,end+c,3
tsg,6,sk,0,true,end+c,3
tsj,11,tx,0,true,end+c,3
tsk,4,sk,0,true,end+c,3
tsl,3,tl,0,true,end+c,3
tsm,2,tsm,2,false,end+c,3
tsn,7,tn,0,true,end+c,3
tsp,4,sp,0,true,end+c,3
tsq,99,ts,0,true,end+c,1
tsr,3,tr,0,true,end+c,3
tst,9,st,0,true,end+c,2
tsv,8,tf,2,true,end+c,3
tsx,8,tx,0,true,end+c,3
tsz,11,ts,0,true,end+c,3
xt,2,xt,2,false,end+c,0
xtb,12,tp,2,true,end+c,3
xtd,12,xt,2,true,end+c,3
xtf,10,xf,2,true,end+c,3
xtg,12,tk,2,true,end+c,3
xtj,15,xx,99,true,end+c,3
xtk,10,xk,0,true,end+c,3
xtl,6,tl,0,true,end+c,3
xtm,6,xm,0,true,end+c,3
xtn,6,tn,0,true,end+c,3
xtp,10,xp,1,true,end+c,3
xtq,99,xt,2,true,end+c,1
xtr,6,tr,0,true,end+c,3
xts,8,ts,0,true,end+c,3
xtv,12,xf,2,true,end+c,3
xtx,10,tx,0,true,end+c,2
xtz,10,ts,0,true,end+c,3
