           	minz      	means
           	miqk      	who                                                	mi          	מִי           	hebrew
           	miks      	mix                                                	            	              	english
measurement	mirt      	meter                                              	            	              	english
           	ment      	mate
           	maqk      	monkey                                             	markata     	मर्कट         	sanskrit
plant      	magz      	moss                                               	            	              	english
           	madj      	image                                              	            	              	english
           	matx      	symmetry                                           	symmetria   	συμμετρία     	greek
           	mask      	mask                                               	masecha     	מַסֵּיכָה     	hebrew
animal     	marm      	mammal                                             	            	              	english
science    	marn      	muon                                               	muon        	              	english
           	mars      	mass
           	marx      	mesh (inter-)
           	marC      	quite
sound      	molt      	vowel large O sound
sound      	morn      	m sound
math       	mord      	manifold                                           	            	              	english
number     	morp      	10^36
           	morf      	morph                                              	            	              	english
           	morv      	maybe                                              	            	              	english
           	mutx      	much (large-lot-focus)
number     	neks      	10^27
           	namp      	magnet                                             	            	              	english
           	nand      	nand
           	nanz      	noise
           	natz      	glory                                              	nétzakh     	נֶצַח         	hebrew
sound      	natx      	n sound
           	nalz      	analyse
           	narb      	neighbor                                           	            	              	english
science    	nart      	neutron
           	nark      	any
math       	norm      	normal (math)
body       	norn      	knee                                               	            	              	english
           	nork      	nor
           	nors      	having some aspects of (-ish)
           	norx      	nourish
           	nust      	embed
sound      	nurf      	vowel large U sound
body       	gilp      	gill
sound      	gemz      	vowel e sound
           	gest      	guest
           	gant      	-gon (polygon)                                     	            	              	english
sound      	gatx      	german i vowel sound
           	galt      	guilt                                              	            	              	english
sound      	gard      	g sound
           	garz      	again (re-)                                        	            	              	english
           	golx      	only
body       	glip      	lip
science    	glen      	gluon                                              	            	              	english
           	gled      	lay
number     	glez      	10^4
           	glan      	glide                                              	            	              	english
           	glav      	glove                                              	            	              	english
           	glok      	your
           	glor      	glare                                              	            	              	english
           	gluk      	lick                                               	            	              	english
           	grit      	hello
           	griv      	grieve                                             	            	              	english
           	grem      	grim                                               	            	              	english
           	gred      	grade (score)                                      	            	              	english
           	grep      	grape                                              	            	              	english
           	gres      	guess
           	grad      	grid                                               	            	              	english
           	grap      	issue
science    	grav      	graviton
body       	grac      	jaw                                                	gnathos     	γνάθος        	greek
           	gror      	growl                                              	            	              	english
           	grum      	row                                                	shura       	שׁוּרָה       	hebrew
           	grun      	grow
           	grut      	grit (strength)                                    	            	              	english
           	gruv      	rub
           	disk      	discover
body       	dedj      	appendage                                          	            	              	english
           	danz      	dance
           	dapc      	depth                                              	            	              	english
           	dask      	desk                                               	            	              	english
           	dalt      	dependent
           	darn      	damn/dam
           	darb      	follow
           	domp      	dump
           	dolv      	deliver                                            	            	              	english
           	dort      	dirt                                               	            	              	english
           	dusk      	across (trans-)/cross
           	djin      	gene                                               	            	              	english
           	djiz      	jeez
           	djek      	reject                                             	            	              	english
           	djam      	jam
           	djat      	deal                                               	            	              	english
           	djak      	fingernail                                         	zhǐ jia     	指甲            	chinese
           	djas      	justice
           	djaz      	joy
           	djok      	joke                                               	            	              	english
           	djud      	jew                                                	            	              	english
           	djus      	juice                                              	            	              	english
           	djul      	jewel
number     	drib      	10^6
           	driv      	fate
           	dreg      	drag
           	drep
           	dref      	definite
           	drex      	hyphen                                             	            	              	english
           	drad      	put
           	drap      	drop                                               	            	              	english
           	drak      	harm                                               	ḍarra       	ضَرَّ         	arabic
measurement	drav      	candela (measurement)                              	            	              	english
           	dral      	dry                                                	            	              	english
           	dron      	drone (sound)                                      	            	              	english
           	drum      	drum                                               	            	              	english
sound      	drup      	d sound
science    	drut      	electricity                                        	vidyut      	विद्युत्      	sanskrit
math       	drus      	radius                                             	            	              	english
           	drul      	drool                                              	            	              	english
           	bild      	build
           	birs      	beer                                               	            	              	english
           	bend      	bend
           	besk      	basic
           	bamp      	bump
           	baks      	rectangle
           	bast      	prime
           	bask      	otherwise
sound      	bard      	b sound
           	barb      	barb
           	barc      	birth
           	barl      	bare                                               	            	              	english
number     	bold      	10^30
           	born      	bury                                               	            	              	english
           	borp      	burp
           	borz      	poison                                             	            	              	english
           	borl      	boil                                               	            	              	english
           	bund      	boundary                                           	            	              	english
           	bunz      	boon
           	bust      	burst                                              	            	              	english
           	blim      	beam                                               	            	              	english
           	bliz      	our
           	bleq      	eject
           	blet      	bait                                               	            	              	english
           	blab      	blob                                               	            	              	english
           	blof      	blow                                               	            	              	english
science    	bloz      	boson
           	blor      	blur                                               	            	              	english
           	blum      	bloom
           	blut      	butt                                               	            	              	english
           	briq      	bring                                              	            	              	english
animal     	brig      	insecta
           	brip      	beep
           	brif      	brief                                              	            	              	english
           	briz      	simple
           	bred      	braid
           	brek      	break (pieces)                                     	            	              	english
           	brev      	brave                                              	            	              	english
animal     	brak      	bacteria                                           	            	              	english
           	bral      	ball                                               	            	              	english
           	broq      	membrane                                           	bomo        	薄膜            	chinese
           	brob      	decimal
           	brol      	brow                                               	            	              	english
body       	bruk      	beak
           	bruz      	buzz                                               	            	              	english
           	pitx      	pitch (sound)
           	pirs      	role/as
           	pent      	paint                                              	            	              	english
           	pest      	paste                                              	            	              	english
           	pand      	upon
           	paqk      	punk
           	patx      	patch
           	parn      	purr
           	pard      	pod                                                	            	              	english
math       	parp      	perpendicular                                      	            	              	english
           	park      	park (car)
sound      	parz      	p sound
number     	pogz      	10^5
           	podj      	purge                                              	            	              	english
math       	potx      	pi
           	post      	post (content)
           	port      	important                                          	            	              	english
           	pork      	per                                                	            	              	english
           	porf      	puff                                               	            	              	english
           	plin      	discipline                                         	            	              	english
           	pliz      	please                                             	            	              	english
           	plen      	plane (geometry)                                   	            	              	english
           	pleg      	plague                                             	            	              	english
           	plep      	plop
           	plet      	plate                                              	            	              	english
           	plek      	their
           	plan      	plan                                               	            	              	english
           	plak      	pluck                                              	            	              	english
           	plas      	compassion                                         	            	              	english
           	plax      	accomplish                                         	            	              	english
           	plar      	play
science    	plon      	pion                                               	pion        	              	english
           	plod      	implode                                            	            	              	english
           	plup      	poop                                               	            	              	english
           	prim      	prime (primative)
           	prik      	opaque                                             	            	              	english
           	pres      	pressure                                           	            	              	english
           	prex      	precious                                           	            	              	english
           	pram      	primordial                                         	            	              	english
           	prab      	probable                                           	            	              	english
           	prat      	apart
           	praz      	prize                                              	            	              	english
science    	prot      	proton
           	proz      	for/purpose                                        	            	              	english
           	pruk      	pick
           	pruv      	prove                                              	            	              	english
           	tirn      	tour                                               	            	              	english
           	test      	taste
           	tamp      	temperature                                        	            	              	english
           	taqk      	toy                                                	            	              	english
           	tatx      	touch
number     	tarn      	10^39
           	tard      	towards
math       	tarp      	topology
animal     	tarz      	reptile
           	totx      	attach
           	toks      	easy
sound      	told      	t sound
           	torp      	interpolate                                        	            	              	english
           	txin      	teen
           	txir      	cheer                                              	            	              	english
sound      	txeq      	q sound
           	txet      	shit
           	txes      	chase
           	txap      	chip
           	txak      	check
number     	txaz      	100
           	txal      	shell
           	txot      	loose
           	txor      	saturate
           	txum      	tissue
           	txun      	sneeze
           	txut      	chew
           	txuz      	choose
           	txul      	actual                                             	            	              	english
science    	trin      	neutrino
sound      	trid      	vowel i sound
           	trik      	trick                                              	            	              	english
           	tris      	interest                                           	            	              	english
           	trij      	treasure
           	tret      	trait                                              	            	              	english
           	tres      	trace                                              	shemetz     	שֶׁמֶץ        	hebrew
           	traq      	triangle
number     	trag      	10^42
           	trap      	trap                                               	            	              	english
           	trat      	tight
math       	tras      	torus
science    	trom      	spectrum                                           	            	              	english
number     	kiqk      	10^15
           	kirn      	cure                                               	            	              	english
           	kamp      	camp
           	kand      	command                                            	            	              	english
           	kast      	cast
           	kaln      	kaon
           	kalt      	cult                                               	            	              	english
           	kalv      	kelvin                                             	            	              	english
           	kard      	can
           	karp      	keep                                               	            	              	english
           	kart      	crown                                              	keter       	כֶּתֶר        	hebrew
science    	kark      	quark                                              	quark       	              	english
           	kold      	cold                                               	            	              	english
           	korg      	encounter
           	korb      	cone
           	kort      	court (justice)
           	kork      	curl
           	korx      	xor
           	kurv      	curve
sound      	kliq      	k sound
science    	klis      	nucleus
           	klem      	claim                                              	            	              	english
           	klek      	click                                              	            	              	english
           	klan      	claw
sound      	klap      	danish a vowel sound
           	klak      	clock
           	kloz      	close
           	klor      	color                                              	            	              	english
           	klum      	cue
           	klun      	community
           	klub      	kill
           	klut      	cute                                               	            	              	english
           	kriq      	care                                               	            	              	english
           	krid      	liquid                                             	            	              	english
           	krem      	chemical                                           	            	              	english
           	kred      	credit
           	krep      	crypto
           	kret      	secret                                             	            	              	english
           	krek      	cake                                               	            	              	english
           	krev      	crave                                              	            	              	english
           	kraq      	ring (sound)
           	krak      	crack                                              	            	              	english
           	kras      	cross
           	kraf      	comfort
           	krax      	crash                                              	            	              	english
measurement	krom      	ohm (measurement)
           	krot      	right (vs. wrong)
           	krok      	croak                                              	            	              	english
           	krol      	cull
           	hint      	hint                                               	            	              	english
           	hidj      	polyhedron                                         	            	              	english
           	hilk      	elk                                                	            	              	english
           	heqk      	angry                                              	            	              	english
           	heps      	ape
           	hant      	hunt
           	hadj      	hedge                                              	            	limgerði      	icelandic
           	habz      	abstract                                           	abstract    	              	english
           	hatx      	hole                                               	            	              	english
           	hask      	explore                                            	            	              	english
           	halm      	hue                                                	            	              	english
           	hald      	elm                                                	            	חֶסֶד         	hebrew
           	halz      	hell (emphasize surprise)
           	halc      	ethnicity                                          	            	              	english
           	harq      	along
           	hark      	arc
            caqk        thank                                            	            	              	english
           	host      	thirst
sound      	hold      	h sound
body       	holv      	elbow
           	hord      	ahead
           	horx      	oh                                                 	            	              	english
           	huqk      	hunger
sound      	hudj      	vowel u sound
           	hutx      	itch
           	sinc      	synthetic                                          	            	              	english
           	siqk      	sink (down)                                        	            	              	english
           	sent      	saint
           	sedj      	sage (person)                                      	            	              	english
           	samp      	sentence (text)
           	sadj      	beside
           	satx      	such                                               	            	              	english
           	salk      	circle                                             	            	              	english
measurement	sals      	celsius                                            	            	              	english
           	sard      	side                                               	            	              	english
           	sart      	certain                                            	            	              	english
           	sark      	discern
           	sarz      	feature
            tutx        torture
           	sarl      	swirl                                              	            	              	english
           	solp      	swap
           	sorm      	some                                               	            	              	english
           	sorg      	recent
           	sorf      	surface
math       	sutx      	set (math)                                         	            	              	english
science    	smin      	meson
           	smil      	smell                                              	            	              	english
           	smek      	smack                                              	            	              	english
           	smax      	smash
           	smul      	smile
           	snik      	sneak                                              	            	              	english
           	snif      	sniff                                              	            	              	english
           	snap      	snap                                               	            	              	english
           	snar      	snare (drum)                                       	            	              	english
sound      	snor      	s sound
           	spit      	spit                                               	            	              	english
           	spik      	speak
            frag        frog                                            	            	              	english
           	spek      	respect
           	span      	spine                                              	            	              	english
           	spak      	spike
           	spas      	spice
           	stim      	steam                                              	            	              	english
           	sten      	stain                                              	            	              	english
           	stet      	status                                             	            	              	english
           	stek      	mistake
           	stef      	safe                                               	            	              	english
           	stev      	stay
           	stab      	stab                                               	            	              	english
           	stat      	stat
           	staf      	stuff                                              	            	              	english
           	stal      	stall                                              	            	              	english
           	stom      	install
           	stok      	stomach                                            	            	              	english
           	stoj      	storage                                            	            	              	english
           	stud      	sad
           	stup      	stupid
           	skit      	sweet
           	skil      	skill                                              	kauśala     	कौशल          	sanskrit
           	skep      	scape (scenery)                                    	            	              	english
           	skap      	skip                                               	            	              	english
           	skax      	squash                                             	            	              	english
           	skal      	scale                                              	            	              	english
           	skar      	square                                             	            	              	english
           	skoq      	cease
           	skor      	score                                              	            	              	english
           	skum      	scheme                                             	            	              	english
           	skun      	skew
           	skup      	scoop
           	skut      	difficult
           	skuz      	excuse                                             	            	              	english
           	skul      	school                                             	            	              	english
           	skur      	scare                                              	            	              	english
           	sfir      	sphere                                             	            	              	english
           	svas      	sigh                                               	            	श्वास         	sanskrit
           	svur      	very
           	slim      	submit                                             	muslim      	مُسْلِم       	arabic
           	slid      	swing
           	slix      	wish
           	slet      	slight
           	slap      	slop                                               	            	              	english
number     	slat      	10^9
           	slas      	faint (light)
           	slax      	slash
           	slog      	slug
           	slop      	slope                                              	            	              	english
           	slun      	soon                                               	            	              	english
           	slup      	swoop
           	slur      	my
           	sriz      	series                                             	            	              	english
           	finz      	finish                                             	            	              	english
           	fiqk      	even (though)
           	fent      	faint (dizzy)                                      	            	              	english
           	fand      	fund                                               	            	              	english
           	faqk      	funk                                               	            	              	english
           	fast      	fast
           	fart      	fart
number     	farv      	10^24
           	farC      	feather                                            	            	              	english
plant      	folg      	fungus                                             	fungus      	              	english
           	fold      	fold                                               	            	              	english
           	fort      	fort                                               	            	              	english
           	forc      	there
science    	funt      	photon                                             	photon      	              	english
           	flip      	flip
           	flem      	flame
           	flet      	fight                                              	            	              	english
           	flek      	mirror
           	fleC      	appear
           	flap      	hop
           	flax      	flesh
sound      	flom      	f sound
           	flob      	lob
           	flot      	float
           	flok      	glow                                               	livh(o)k    	לִבְהוֹק      	hebrew
           	flud      	fluid                                              	            	              	english
           	fluz      	complex
           	flux      	flush                                              	            	              	english
           	frin      	funny
           	frik      	freak
           	fris      	hiss
           	friz      	freeze                                             	            	              	english
sound      	fren      	danish e vowel sound
sound      	fred      	vowel large E sound
           	fret      	frame
           	frez      	phrase                                             	            	              	english
           	fras      	sail                                               	mifras      	מִפְרָשׂ      	hebrew
           	frax      	fresh                                              	            	              	english
           	froC      	fear                                               	            	              	english
           	vist      	visit
           	vedj      	vegetable                                          	            	              	english
animal     	vant      	archaea
           	vast      	vast                                               	            	विपुल         	sanskrit
           	valv      	evolve                                             	            	              	english
           	varm      	vomit                                              	            	              	english
           	vark      	syllable                                           	havara      	הֲבָרָה       	hebrew
           	volt      	volt
           	volz      	violent
           	vord      	avoid                                              	            	              	english
           	vorb      	ever
science    	vork      	electron
sound      	vorx      	vowel o sound
sound      	vust      	v sound
           	vurf      	verify                                             	            	              	english
           	vlam      	its
           	vret      	settle                                             	lax(e)vet   	לָשֶׁבֶת      	hebrew
           	vraj      	average                                            	            	              	english
number     	vrug      	10^18
           	zist      	resist                                             	            	              	english
number     	zetx      	1000
science    	zalb      	fermion
           	zalv      	dissolve                                           	            	              	english
body       	zalx      	toe
           	zarn      	alien                                              	xeno        	              	latin
animal     	zart      	lizard                                             	            	              	english
           	zark      	open
           	zolt      	column
sound      	zuqk      	z sound
sound      	jalf      	j sound
           	ximz      	happy
           	xift      	shift                                              	            	              	english
           	xild      	shield                                             	            	              	english
           	xask      	ask                                                	            	              	english
number     	xarm      	10^21
sound      	xarp      	x sound
           	xort      	sure                                               	            	              	english
           	xlik      	shriek                                             	            	              	english
           	xlav      	calculate                                          	leHax(e)v   	לְחַשֵּׁב     	hebrew
plant      	xlum      	mushroom                                           	            	              	english
           	ciqk      	think                                              	            	              	english
measurement	cets      	mole (measurement)
science    	carn      	ion                                                	            	              	english
sound      	corn      	british o vowel sound
           	crit      	threat
number     	crak      	10^33
           	crav      	thrive                                             	            	              	english
sound      	crop      	c sound
           	cros      	art
           	crum      	through/tunnel                                     	            	              	english
animal     	crug      	amphibian
           	crut      	puzzle                                             	            	þraut         	icelandic
number     	widj      	10^45
           	widc      	width
sound      	witx      	w sound
           	wird      	weird
           	wetx      	which                                              	            	              	english
           	want      	want                                               	            	              	english
           	watx      	watch                                              	            	              	english
sound      	warp      	vowel large A sound
           	wark      	work                                               	            	              	english
           	warx      	worship                                            	            	              	english
           	worv      	weave                                              	            	              	english
           	worc      	worth                                              	            	              	english
           	wups      	whoops                                             	            	              	english
           	limp      	limp
           	lint      	lint
           	list      	list                                               	            	              	english
           	lird      	wet
           	laqk      	wool                                               	lana        	              	spanish
sound      	ladj      	l sound
           	laks      	lack                                               	            	              	english
           	laft      	laugh
body       	larm      	limb                                               	            	              	english
science    	larp      	lepton
           	lart      	let
           	larv      	larva                                              	            	              	english
number     	larx      	10^12
           	lorn      	line
           	lorg      	log (diary)                                        	yoman       	יוֹמָן        	hebrew
           	lurv      	leave                                              	            	              	english
           	riqk      	rhyme                                              	            	              	english
math       	ritx      	ring (math)                                        	            	              	english
           	risk      	risk                                               	            	              	english
           	rilz      	reel
sound      	rend      	french r sound
           	reqk      	rank
sound      	ramp      	r sound
           	rant      	rant                                               	            	              	english
sound      	ratx      	vowel a sound
           	rast      	rest (remainder)                                   	            	              	english
           	rask      	reminiscent of (-esque)
           	rond      	gnaw                                               	            	rodere        	latin
number     	rups      	10^39
sound      	rusk      	vowel english r sound
sound      	yiqk      	vowel large I sound
           	yild      	yield                                              	            	              	english
sound      	yarn      	y sound
measurement	yard      	yard (measurement)                                 	            	              	english
           	yorm      	uniform (consistent)
           	yorn      	yearn                                              	            	              	english
number     	york      	10^2
           	yust      	used to
           	Carv      	forever
sound      	Cork      	large C sound
           	          	wing
           	          	warm                                               	            	              	english
time           	        week                                               	            	              	english
time										month
           	          	water
           	          	well (good)
           	          	swim
body       	          	womb                                               	            	              	english
												miss (longing)
												idea
												bright
												mine
mold										model
												middle
direction								forward
                        meat                                               	            	              	english
           	          	talk
science    	          	molecule                                           	            	              	english
           	mont       	mountain
           	mudj       	emerge
                        high
                        mood                                               	            	              	english
                        mutate                                             	            	              	english
                        earth (dirt)
												mercy                                              	            	חֶסֶד         	hebrew
						malc				mouth
												nerd                                               	            	              	english
           	staC       	static (still)
												neck
												nice                                               	            	              	english
						nast				nest (home)
