word,meaning,confidence,section,status,derivation
zus,experience,hand made,Experience and its two faces,taken by experience,"z + u inward, felt + s"
siz,do / act,"derived, strong",Experience and its two faces,"in system, free","z active + i outward, action + s experience. The"
man,mind,hand made,Experience and its two faces,taken by mind,"m the good pole to n the far pole, spanned, with a the"
vut,be,hand made,Experience and its two faces,"in system, free","v vibe + u deep, held + t standing. The vibe that stands"
zaq,presence,provisional,Experience and its two faces,taken by presence,z active + a present + q the field. The active
mus,pleasure,"derived, strong",Tone: the feeling axis,taken by mercy,"m good + u inward, felt + s experience. The good"
saq,peace,"derived, strong",Tone: the feeling axis,taken by song,s stillness + a center + q oneness. The still center
nus,pain,"derived, strong",Tone: the feeling axis,"legal, not picked","n the bad pole + u inward, felt + s experience. The"
taf,good,"derived, strong","Good and bad, bright and dark",taken by good,t toward + a the center + f flow. Flowing toward the
fut,bad,"derived, strong","Good and bad, bright and dark",taken by bad,f flow + u the extreme + t mark. Flowing to the
mir,bright,"derived, strong","Good and bad, bright and dark",illegal: no_blurred_rhyme,m glow + i bright + r radiate. The radiant glow.
ram,dark,"derived, strong","Good and bad, bright and dark",taken by dark,"the mirror of mir. The un-glow, the gathered-in dim."
bid,connect,hand made,The link and its flow,taken by ignorant,b bring + i + d form. Bring two into one form.
nuq,bond,hand made,The link and its flow,taken by bond,n thread + u deep + q continuum. The deep continuous
fum,fill / receive,"derived, strong",The link and its flow,"in system, free",f flow + u inward + m gather. The inward
yar,will / project,"derived, strong",The link and its flow,taken by year,"y self, will + a + r out-motion. The self"
tiv,absorb,hand made,The link and its flow,taken by conscious,t take + i + v vibe. Actively take vibe in.
tuv,input,hand made,The link and its flow,taken by input (computing),t take + u inward + v vibe. Vibe received within.
vit,output,hand made,The link and its flow,taken by information,v vibe + i out + t step. Vibe stepped outward.
wug,emanate,hand made,The link and its flow,taken by emanate,w outward weave + u + g generate. Generate outward
wig,mesh / kaleidoscope,hand made,"The mesh, flow, and motion",taken by kaleidoscope,w weave + i + g generate. The generated
niq,flow,hand made,"The mesh, flow, and motion",taken by omniscient,n thread + i moving + q continuum. The moving
jil,stream,hand made,"The mesh, flow, and motion",illegal: no_blurred_rhyme,j smooth flow + i + l line. The flowing line.
luj,drive,hand made,"The mesh, flow, and motion",taken by logic,l line + u deep + j flow. Deep flowing momentum.
yas,self,"derived, strong","Self, other, awareness","legal, not picked",y self + a present + s experience-boundary. The
fas,other,"derived, strong","Self, other, awareness","legal, not picked",f beyond + a + s boundary. Experience beyond the
dub,aware,hand made,"Self, other, awareness",taken by aware,d formed + u inner + b being. The inner-formed being.
bud,awaken,hand made,"Self, other, awareness",taken by awake,b being + u depth + d emerge. The being rising from
dib,perfect,hand made,"Self, other, awareness",taken by connect,d defined + i complete + b manifest. Fully formed.
sol,soul,"derived, strong","Self, other, awareness",taken by soul,s experience + o whole + l thread. The whole
siv,perceive,"derived, strong",Cognition,taken by perceive,s experience + i clear + v vibe. Clearly
cik,think,"derived, strong",Cognition,"legal, not picked","c pierce, thought + i clear + k execute. The sharp"
vic,know,"derived, strong",Cognition,taken by bit,v experience + i clear + c thought. Clear experiential
pik,find,hand made,Cognition,taken by master,p pluck + i sharp + k grasp. Pick out.
puk,release,hand made,Cognition,"in system, free",p loosen + u + k let-go. Let go.
kip,tune,hand made,"Tune, tone, sound, voice, word",taken by tune,k make + i precise + p adjust. The fine adjustment.
kup,tone,hand made,"Tune, tone, sound, voice, word",taken by tone,k make + u deep + p struck. The deep struck quality.
him,chime,hand made,"Tune, tone, sound, voice, word",taken by nothing,h breath + i bright + m resonate. The bright ringing.
hum,urge,hand made,"Tune, tone, sound, voice, word",taken by urge,"h breath + u deep + m hum. The deep inner hum, the"
sam,sound,provisional,"Tune, tone, sound, voice, word",taken by sound,s + a + m hum. The heard hum.
voz,voice,provisional,"Tune, tone, sound, voice, word",taken by voice,v vibe + o + z active. The active vibe.
dat,word,provisional,"Tune, tone, sound, voice, word",taken by word,d define + a + t mark. The defined mark.
tip,beat / step,provisional,"Time, motion, place",taken by step,t step + i + p tap. The light discrete tap.
tiq,time,"derived, strong","Time, motion, place",taken by mental experience,t step + i + q continuum. The continuous stepping.
riq,motion,"derived, strong","Time, motion, place","in system, free",r move + i + q continuum. Continuous moving.
lok,place,provisional,"Time, motion, place",taken by place (space location),l locate + o + k fix. The fixed location.
ras,inside,provisional,"Time, motion, place",taken by in,r + a + s boundary. Within the boundary.
bam,create,provisional,"Create, persist, destroy, send, receive",taken by create,b bring-forth + a + m. Bring into being.
vix,persist,"derived, strong","Create, persist, destroy, send, receive",taken by preserve,v life + i + x hold-on. Keep being.
xiv,destroy,"derived, strong","Create, persist, destroy, send, receive",taken by destroy,the mirror of vix. Un-being.
bak,send,"derived, strong","Create, persist, destroy, send, receive",taken by send,b + a + k out. Cast outward.
kab,receive,"derived, strong","Create, persist, destroy, send, receive",taken by receive,the mirror of bak. Take inward.
luq,oneness / the All,"derived, strong","The whole, the field, the divine, light, sense",taken by question,l unbroken + u vast + q oneness. The deep
cuv,field,provisional,"The whole, the field, the divine, light, sense",taken by field (ether),c + u + v vibe. The permeating vibe-field.
gad,god / divine,provisional,"The whole, the field, the divine, light, sense",taken by god,"g source, great + a + d define. The great"
lit,light,provisional,"The whole, the field, the divine, light, sense",taken by light,l line + i bright + t. The bright line.
zox,sense,provisional,"The whole, the field, the divine, light, sense",taken by sense,z active + o + x perceive. The perceiving channel.
doq,rule / law,"derived, strong","The type layer (rule, action, object)","in system, free",d structure + o whole + q always. The immutable
kiq,action (function type),provisional,"The type layer (rule, action, object)",taken by action,"k do, kind + i + q. The doing-kind."
kaq,object (object type),provisional,"The type layer (rule, action, object)",taken by object,"k thing, kind + a + q. The thing-kind."
tuq,type,provisional,"The type layer (rule, action, object)",taken by type,t + u + q. The kind itself.
pas,space,provisional,A few more centers,taken by space,p + a open + s field. The open field.
vig,force / vigor,"derived, strong",A few more centers,taken by start,"v energy + i outward, active + g force,"
guj,memory,provisional,A few more centers,taken by memory,"g hold, store + u + j. The held groove of"
