word,meaning
Cakar,mention
Calil,dispicable
Camim,obnoxious
Can,than/compare
Car,there (abstract reference)
Cistendj,estrange
Coz,except
baCmol,cotton
bab,father
babol,bubble
babun,baboon
badan,bide
badax,bud (flower)
badjim,mix
badjur,badger
badkan,prank
bafmik,buff (strength)
bafol,baffle
bagon,bag
bak,send
bakak,hatch (egg)
bakal,bike
bakan,pecan
bakar,inspect
bakfar,backfire
bakir,senior (rank)
baklax,backwash
bakol,buckle
bakop,balk
bakpak,backpack
bakpid,backpedal
baktan,portion
baktim,fond
baktrak,backtrack
balat,tile
balaz,bawl
balbut,bulb
baldar,reciprocate
baldik,cousin
baldiq,building
baldjiq,alarm
baldjoq,bulge
balfal,erupt
baliq,bully
balix,embellish
balon,bile
baltan,belt
baltin,title
baltx,belch
balut,bout
balzeq,assure
balziq,guarantee
bam,create
bamap,stage
bambard,bombard
bambuz,bamboozle
banan,banana
banben,variant
bandedj,bandage
bandiq,band (mark)
banfut,bat (action)
banic,beneath
banlin,transact
bantur,banter
bantxap,bunch (up)
banxiq,deform
banxol,wrench (move with force)
banzap,bounce
bapas,bypass
baptaz,baptize
baraj,barrage
barak,bless
baral,barrel
baran,barren
barbar,stutter
barc,birth
bardj,barge
bariq,berry
barked,barricade
barkiz,bark (dog)
barkuk,plum
barkuv,barbecue
barl,bare
barlot,ballot
barman,table
barnet,barn
barsim,alfalfa (vegetable)
bartur,barter
barun,baryon
barv,duck (bird)
barzak,barrier
basac,quest
basal,own
basalt,basalt
basir,well-seeing
baskin,bask
bason,bustle
bast,prime
bastan,bust
bastik,bust (action)
batcam,batcam
batik,watermelon
batol,bottle
bator,batter
batran,butter
batras,buttress
batrik,battery
batsak,dough
batul,birch (tree)
batum,fellow
batx,bat (animal)
batxat,batch
bavan,dwell
baxal,ripe
baxir,herald
baznis,business
beben,babe
bedjup,tragic
bedoq,wiggle
bedul,battle
began,pessimistic
begin,begin
bejan,beige
bekan,beckon
bekin,bake
belan,bail
belit,belittle
beloq,bellow
bentul,continent
beqdjin,taut
beqkat,bank (holding)
beqkrap,bankrupt
beqkrol,bankroll
besk,basic
besral,panic
bet,under
betan,bat (hit with stick)
betor,bet
bezik,cup
biClak,plead
bibun,bib
bicuv,behoove
bidal,beetle
bidants,obedience
bidat,stoke
bidaz,bedazzle
bidon,fiction
bigord,go ahead
bigradj,begrudge
bigvun,go on
bihev,behave
bikam,become
bikar,bicker
bikic,bequeath
bikxun,beg
bil,limit/restrict
bilam,brake
bilaq,belong
bilar,beware
bilat,ability
bild,build
biletx,bewitch
bilkad,hardly
bilon,bill (money)
biloq,billow
bilpan,betray
bimon,bemoan
binan,benign
binat,violate
binit,bean
bintal,morbid
bip,output
biq,being
biqgan,cookie
biran,inevitable
biret,berate
biriv,bereave
birs,beer
birur,inquiry
bisal,match (competition)
biset,beset
bisidj,besiege
bisman,horror
bisold,behold
bistol,bestow
bit,beat
bitan,beet
bitor,bitter
bituk,accent
bitxiq,beach
bival,bevel
bixmam,horrible
bizar,bizarre
blaCrak,balloon
blab,blob
blabaq,blab
blagan,mess
blagiq,blog
bland,blend
blandiC,blind
blandur,blunder
blanfold,blindfold
blanit,blah
blantog,blunt
blants,balance
blast,blast
blasum,blossom
blatuz,blot
blemix,blemish
bleq,eject
bligur,beleaguer
blimal,bill (beak)
bliqk,blink
blistur,blister
blitret,obliterate
blitxiq,bleach
bliz,our
blizan,belligerent
bloC,blood
bloCiq,bleed
blofrik,blow up
blort,blurt
blotak,bloat
blupran,bloop
blut,butt
bodan,bode
bolant,buoyant
bolaq,bow (arrow)
bold,10^30
boldoq,fluctuate
bolkat,boycott
bolstar,bolster
bordan,board
borig,screw (bolt)
borl,boil
borliq,burly
born,bury
borz,poison
bos,possessive plural
bot,boat
botxiq,fickle
bovin,bovinae
bovor,buffer
boz,private
braCor,brother
brabat,bribe
bradz,brass
bragod,brag
brak,bacteria
braklin,broccoli
bralt,brittle
bramxam,deviate
brand,brand (business)
brasal,tend (I tend to)
brekal,breccia
brekrik,break up
brektaj,break down
bresig,brace
brest,breast
bretik,brat
briCan,breath
bridiq,breed
bridj,bridge
brikar,break (short time)
brilant,brilliant
brilon,embryo
brip,beep
briqkon,brink
briqrik,bring up
briqtaj,bring down
brisal,bristle
britx,breach
brivet,abbreviate
brob,decimal
brudig,brood
bruk,beak
brulik,brew
brumor,remember
bud,awake
budanz,abundant
budjuk,remedy
bug,cosine
bugiq,bug (bother)
bukad,buck
bul,blue
bulin,buoy
bund,boundary
bunduk,hazelnut
bunz,boon
bup,energy
burbir,barbarian
bust,burst
butxoq,augment
cadruq,thud
cagaf,culture (society)
cagan,thug
cagur,naughty
cak,thank
cakal,heckle
caksdat,extradite
cam,then
camblez,blaze
camil,drunk
camput,impute
candjur,engender
candman,undermine
candor,thunder
canlez,analyze
canmex,enmesh
capmaz,optimize
capold,uphold
caqgros,engross.
caram,revolution (society)
caraq,plenty
caraz,arise
carkat,bargain
carkav,archive
carn,ion
casal,assail
castxul,eschew
catgraf,autograph
catik,apathy
catmaz,itemize
catmet,automate
catredj,outrage
catun,atone
catxar,chair
caval,avow
cavindj,avenge
cefur,stench
ceksaz,excise
centor,short
cespaz,espouse
cetak,pathetic
cikam,rely
ciket,equate
cilet,elate
cimpand,impound
cimrak,theme
cinap,inept
cindaks,index
cintan,thin
cintarn,internal
cinvant,inventory
ciq,thing (hatchling)
ciqkdjip,think over
ciram,theorem
cisal,thistle
cislas,unless
cistut,institute
cit,get
citar,theater
citarq,get along
citdjip,get over
codal,dye
corat,revolution
corb,distance (tele-)
cordjet,originate
corkstet,orchestrate
corn,british o vowel sound
cornam,thorn
cortin,authority
cotaq,rush
covit,overheat
covkam,overcome
covluk,overlook
cradiq,thread
crak,10^33
craks,thorax
cral,hill
cratol,throttle
crav,thrive
craxak,thrash
craxol,threshold
crelak,toil
cretan,threaten
crilag,thrill
crit,threat
cron,south
cronam,throne
crop,c sound
cropod,arthropod
cros,art
crug,amphibian
crugal,nonsense (rubbish)
crum,through/tunnel
crumag,thrum
crut,puzzle
cugram,gap
cuk,eleven
cukbat,hollow
cutx,tooth
cuvorz,reverse
dabak,adhere
dabit,debit
dabiv,dub
dadan,bold
dadlak,deadlock
dadol,avenue
daf,previous
dafit,defeat
dafuz,diffuse
dagim,sample
dagix,emphasis
dagram,diagram
dagras,digress
dakan,duck (below)
dakbil,bill (bird)
daktip,duct
daktrin,doctrine
dalag,dialogue
dalak,grate
dalam,pity
dalap,weapon
dalat,suck
dalet,dilate
dalfin,dolphin
dalg,magnitude
dalget,delegate
dalif,leak
dalik,approximate
dalin,dally
dalir,delirious
dalkes,delicacy
dalket,delicate
daluc,cuckold
dalun,road
dalut,dilute
dam,morality
damand,diamond
damap,dam
dampat,damp
damtor,diameter
dan,the
danam,dawn
dandal,drab
dandeq,pawn
dandjan,dignity
danin,donation
daniq,dine
danlod,download
dansor,dinosaur
danz,dance
dapc,depth
dapdet,dilapidate
daplit,deplete
dapok,shiver
daqkit,donkey
daqkot,dunk
darat,mote
dareC,dash
darfan,dwarf
darn,damn/dam
darsok,douse
dart,east
dartik,dart
darut,dire
darxam,philosophical system
dasak,stress
dasik,dice
dask,desk
daskloz,disclose
dasmis,dismiss
daspet,dissipate
dastin,disparity
dastiqk,distinct
dastut,destitute
dasuk,skid
dat,word
datnet,detonate
dav,divine
davort,divert
daxen,university
daxin,fertilize
dazal,dazzle
dazin,dizzy
daziz,disease
debol,dabble
debor,dab
degrad,degrade
dekal,palm
demkrat,democrat
dempal,extend
demsit,democracy
dendj,danger
denim,responsible
dentok,dent
dents,dense
depket,deprecate
deqgal,dangle
deqgret,denigrate
deqzit,stool
det,datetime stamp/instance in time
devan,hobby
devstet,devastate
dezak,daze
deziq,daisy
diban,slander
dibaqk,debunk
didak,tick tock
didaq,site
diduk,deduct
didus,deduce
difak,defy
difand,defend
difants,defense
difen,deify
difes,deface
diflak,deflect
diflet,deflate
difor,defer
difrad,defraud
difram,diaphragm
difras,difference (subtraction)
difur,differ
dig,sine
dignaf,dignify
digor,dig
dijan,indecision
dijont,disjoint
dijor,relative
dijtal,digital
dikam,predicament
diken,decay
diklar,declare
diklen,decline
dikod,decode
dikos,cram
diktet,dictate
dikur,remembrance
dilak,delectable
dilan,dill
dilem,dilemma
dilen,delay
dilmit,delimit
diltan,delta (water)
dilud,delude
dilun,discuss
dilur,accommodate
dilut,illuminate
dimalx,demolish
diman,demon
dimaz,devise
dimnux,diminution
dimon,imagination
dimot,demote
dimpoz,decompose
dimut,figure
dinants,denounce
dinot,denote
dipak,kindle
dipart,department
diplav,deplore
diplok,deploy
diport,deport
dipras,depress
diprav,deprive
dipskin,bark (tree)
diqk,deny
dirad,deride
dirak,direct (focus)
dirat,direct
dirdar,elm (tree)
direk,directory
disab,disable
disaf,decipher
disak,dissect
disand,descend
disant,dissent
disap,disciple
disard,dissuade
disband,disband
disdant,dissident
disden,disdain
diseC,diss
disfig,disfigure
disiv,deceive
diskard,discard
diskors,discourse
diskres,disgrace
disladj,dislodge
dislok,dislocate
disnet,disseminate
dispal,dispel
dispants,dispense
dispar,disability
dispat,despite
dispatx,dispatch
dispaz,despise
dispir,disappear
displek,display
dispors,disburse
disput,dispute
disrap,disrupt
disrig,disregard
distal,distill
distrak,distract
distrik,district
distrug,destruct
ditak,detect
dital,detail
ditast,detest
ditatx,detach
diten,detain
ditrant,deterrent
ditxat,ditch
divak,glue
divaldj,divulge
divan,echo
divar,devour
divast,divest
divors,divorce
divot,devote
divus,diverse
dixaq,boy/girl friend
dixdak,dish
dixval,dishevel
dizar,desire
dizast,disaster
dizgast,disgust
dizmant,dismantle
dizurv,deserve
djabrit,jab
djadj,judge
djadjum,aggravate
djaged,jagged
djagnak,jog
djagol,juggle
djakin,jockey
djakiz,jack (take)
djaklet,ejaculate
djakur,jack (tire)
djalem,gel
djaluk,educate
djalun,exchange
djambol,jumble
djamp,jump
djandan,ordinary
djandar,gender
djandiq,steadfast
djanfen,starch
djanret,generate
djanrin,tough
djantik,elevator
djanxal,decrease
djanxiq,quintessential
djapdaz,jeopardize
djaqgut,sturdy
djaqiq,stiff
djaqk,junk
djaras,run into
djaret,gyrate
djargun,jargon
djarsur,run out of
djarul,jowl
djasol,jostle
djasor,thick
djast,gesture
djasum,burn
djat,deal
djatat,jut
djavat,jive
djaz,joy
djedjan,frugal
djedun,jade
djek,reject
djelas,jail
djestor,jest
djetrik,jet
djetxuk,eminent
djetxuq,relieve
djibrex,gibberish
djidjal,fabricate
djidjip,aggress
djikad,strive
djimal,lash
djimkat,unravel
djimnaz,gym
djin,gene
djinfap,blond
djinks,jinx
djinxil,fast (eating)
djinxiq,conduct
djinzik,restrain
djinzit,pyramid
djipzus,overdo
djiqbal,alert
djiqfek,expense
djiqgan,spite
djiqgol,jingle
djiqkaq,circumstance
djiqren,stupendous
djiqtik,vigilant
djiqzim,sophisticated
djir,deer
djirig,jeer
djisant,adjacent
djist,gist
djitxup,basis
djixik,diet
djiz,jeez
djok,joke
djoltaz,jolt
djonik,journey
djont,joint
djorit,jury
djorkar,jerk
djornal,journal
djotoq,traffic
djubat,bar
djudap,enormous
djudket,adjudicate
djufen,entangle
djukrat,juke
djukzaq,rectify
djul,jewel
djulan,joule
djulok,dimple
djundip,army
djunxik,military
djurmip,germ
djurnet,germinate
djutxal,picket
djuvas,swift
djuvnet,rejuvenate
dob,two
dojam,marijuana
dokan,portrait
dokran,mediocre
doles,adolescent
dolpeq,cloak
doltrak,dole
dom,state
donet,donate
dopan,dope
doqak,animate
doriq,during
dorkast,dork
dornic,underneath
dotan,dote
dotiq,doting
doven,dove (bird)
doxam,fertile
doz,here
dozaf,doze
drabon,draw
dradjan,dredge
dradnev,put off
draduc,put up with
dradvun,put on
draft,draft (version)
dragan,dragon
draman,drama
drapnev,drop off
drapras,drop in
drapsur,drop out
drask,heavy
drast,dress (put on clothes)
drastik,dress up
drenak,tuber (vegetable)
drenor,drain
drentxark,drench
drepor,drape
dretik,diuretic
drib,10^6
dribol,dribble
drilag,drill
drivav,derivative
drixum,proud
dronam,crow (bird)
dronaq,drown
drul,drool
drupat,droop
drut,electricity
dub,aware
dud,friend
dukan,suffer
dul,delete
duliv,dew
duliz,duly
dumun,doom
dunpat,dune
dupik,dupe
dupket,duplicate
durdjan,malicious
dus,reduce
dusk,across (trans-)/cross
duxiq,inert
duz,do
faCom,fathom
fabrik,fabric
fadjal,radish (vegetable)
fadjat,fudge
fak,fuck
fakam,surge
faksoC,fax
falek,bland
falfil,fulfil
faliq,folly
falkan,falcon
falprat,fall apart
falsan,file (sand)
falsit,fallacy
faltor,falter
fambol,fumble
fand,fund
fandal,magnify
fandex,foundation
fandic,found
fandorg,fondle
fanfev,fan (favorite)
fanis,fun
fanit,fan (machine)
fanov,fawn (over)
fansik,fantasy
fansur,find out
fantan,rebound
fanteq,writhe
fantom,phantom
fantxul,font
faqban,handy
faqdud,demeanor
faqguk,foul
faqmul,graze
faqxaq,aroma
faqzik,deter
farC,feather
farad,farad (measurement)
farbix,refurbish
farig,ferry
farkis,squirm
farm,far
farmiq,farm (activity)
farpir,twitch
farsim,publish
fasad,corrupt
fasan,fasten
faset,faucet
fasit,facet
faslam,bean (vegetable)
fast,fast
fastet,facilitate
fatorn,factory
fatot,tempt
fatzot,compensate
faxir,compromise
faxon,fashion (style)
faxpix,rummage
faziz,fuzz
fecat,faith
fedan,fade
fediq,wun
fedjul,fad
fedret,federate
feloq,tax
feltran,felt (material)
felur,failure
femas,famous
fenak,feign
fendac,fend
fendul,struggle
fenlaq,heft
fensan,diffract
fentik,faint
fentxad,finch
fenxip,analysis
feqat,fang
feqget,signature
feqmin,honey
fes,face
fet,eight
fetxaq,extraordinary
fevor,favor
fevrat,favorite
fezant,pheasant
fiClat,violin
fibal,feeble
fidal,fiddle
fidas,fetus
fidiq,feed
fidjik,fidget
fil,feel
filan,felidae
filet,affilliate
filfil,pepper (vegetable)
film,film (material)
filmat,film (residue)
filtret,filtrate
fim,female
final,final
finam,phenomenon
finants,finance
finsup,incinerate
fintav,definitive
finz,finish
fiqdug,poise
fiqgor,finger
firmant,ferment
fisiz,feces
fistan,feast
fitor,feat
fitxir,fantastic
fixet,officiate
fizab,feasible
fizal,fizzle
fizaz,fizz
flaboz,flab
fladur,flatter
flagrit,flag
flanaq,flaw
flant,flaunt
flapan,flap
flapzon,flop
flartak,flout
flastor,fluster
flastur,fluster
flat,flat
flaxik,flashy
flebar,ebb
flek,mirror
flekiC,flake
fleqkat,flank
flesiq,flay
flibur,flea
flidan,flee
flikot,flick
flitiq,fleeting
flogat,flog
flogem,phloem
flok,glow
flom,f sound
flopad,pod (flower)
florix,flourish
flortaj,flirt
fluman,butterfly
flutan,flute
fluz,complex
fok,halt
foledj,foliage
folet,exfoliate
folfil,fulfill
folg,fungus
folnam,foil
folras,fill in
folsur,fill out
fomant,foment
fonten,fountain
forCor,further
forCun,makeup
foran,prompt (speed)
forc,there
fordal,ford
fordjiz,forge
forek,euphoric
forgiv,forgive
forgok,forgo
forid,foe
forin,foreign
forkast,forecast
forkov,fork
form,form
formag,former
formal,formal
format,format
formik,ant
formlak,formula
formlet,formulate
formost,foremost
forn,fine (good)
forsiC,foresee
fortxun,fortune
fostat,foist
fot,right (direction)
foxdol,foreshadow
fradjal,fragile
fraktal,fractal
frandzin,frenzy
fras,sail
frax,fresh
freCin,frost
fregrants,fragrance
freliq,fray
fret,frame
fretak,fret
fretip,fret (get upset)
fretx,foot (measurement)
frez,phrase
fridjet,refrigerate
frik,freak
frikant,frequency
frikxam,friction
ful,fuel
fulep,soothe
fumget,fumigate
fun,within (endo-)
fup,borrow
fuq,function
fur,fail
furet,infuriate
furnaq,fern
furnis,furnace
furoq,furrow
fut,bad
gaCim,magnificent
gabil,knead
gabol,gobble
gaboq,gob
gabrod,gabbro
gacar,affect
gadar,fence
gadas,lentil
gagor,gag
gakorst,gawk
gal,too
galap,gallop
galat,recite
galfron,gulf
galim,embody
galric,gallery
galt,guilt
galtxal,superb
galut,exile
galvnaz,galvanize
galxiq,loud
gamal,camel
gambir,serious
gamor,gum
gan,garden
ganan,reckon
ganav,steal
gandjun,champion
ganis,gneiss
ganol,gown
gaqdem,disk
gaqgal,ad
gaqklan,gunk
gaqtxi,piano
gar,language
garam,cost
garaz,lubricate
garbal,garble
gardjar,carrot
garland,garland
garm,arm
garnix,garnish
garnur,garner
garon,deficit
garos,gregarious
garot,provoke
garur,delusion
garzin,axe
gasav,pride
gaslin,gasoline
gaston,gust
gastreC,gas
gator,gutter
gatx,german i vowel sound
gavan,guava
gaxax,scout
gaxek,gash
gaxox,probe
gazol,guzzle
gazor,geyser
gedjiz,gauge
gemz,vowel e sound
gepar,scold
geprot,gape
geqzal,worse
getiq,gait
gevin,cheese
gexiq,personality
gezit,gaze
gibor,hero
gibux,consolidate
gigal,giggle
gik,user
gilp,gill
gilus,recruitment
gimlan,benefut
gir,that
girar,gear (wear)
gis,will (future)
givadj,give away
glabun,glob
gladrag,glad
glamros,glamorous
gland,gland
glants,glance
glasorc,glass
gled,lay
gledan,glitter
glednev,lay off
glemps,glimpse
glexar,glacier
gleziC,glaze
gligal,glee
gliniq,glean
glisan,glisten
glok,your
glosig,gloss
glotor,gloat
glumag,gloom
gojam,parrot
gojan,gouge (indent)
gokam,factor
golar,abroad
golpan,gulp
golx,only
gondjuk,instrument
gonpiq,fair (just)
goqep,industry
goqik,craft
goqsip,firm
goqtxeq,engineering
goquk,apartment
goral,destiny
gorem,factor (math)
gorgol,gurgle
gorik,gore
got,antenna
govak,height
govun,govern
grabic,grab
grad,grid
gradjet,graduate
graft,graft
gral,foot
gralpon,gripe
gram,gram (measure)
gramar,grammar
granat,granite
grand,grand
grantal,grunt
grantol,disgruntle
grap,issue
grapol,grapple
graqbol,broadcast
grasap,grasshopper
grasp,grasp
grasuc,grass roots
gratud,gratitude
grav,graviton
gravol,grovel
gravtin,gravity
grazlin,grizzly
grepxam,repetition
gribas,grebe
gridig,greed
gril,case (container)
grimag,grimace
grinaq,grin
grisap,grease
gritzal,grit
grolig,roll
groniq,groan
gropor,grope
gror,growl
grozik,eat up
grubnat,seize
gruman,groom
grumbal,grumble
grunal,well (water)
grund,ground
grunrik,grow up
grup,group (math)
gruqit,rung
gruvib,groove
gub,like (filler)
gudal,thumb
gudoq,agitate
gudut,solitude
gufap,goof
gugal,outlandish
gul,exponent
gulon,bewitched
gultxup,preach
gum,come
gunam,quality
guput,quaint
gusul,bath
gutik,pill
guv,end
guvul,border
guxik,scam
guz,lose
haCan,announce
haCik,proficient
haCir,cautious
habaC,applaud
habad,abide
habak,embrace
habal,rope
habav,cherish
habdak,abduct
habdjak,object (argument)
habet,habituate
habil,sabotage
habjur,abjure
hablix,abolish
habnet,hibernate
habol,hobble
habor,abhor
habort,abort
habrid,hybrid
habridj,abridge
habrop,abrupt
habsent,absence
habses,obsess
habsruk,obstruct
habsten,abstain
habtus,obtuse
habus,abuse
habzorb,adsorb
hacid,acid
hacket,authenticate
haclit,athlete
hacor,author
hadal,idle
hadap,adapt
hadas,myrtle
hadax,lens
hadep,adept
hadgim,demonstrate
hadic,news
hadij,ideology
hadit,audit
hadjak,hijack
hadjal,agile
hadjan,convince
hadjast,adjust
hadjat,propel
hadjin,adjoin
hadjorn,adjourn
hadket,adequate
hadkik,repress
hadmant,adamant
hadmar,admire
hadmix,admission
hadof,repel
hadorn,adorn
hadorz,adore
hadres,address
hadret,hydrate
hadron,hadron
hadsak,displacement of water by submerged body
hadsuk,hat
hadvants,advance
hadvas,advice
hadvat,non-dual
hadxen,audition
hadzon,odds
hafaf,huff
hafak,production
hafan,often
hafas,fuss
hafat,curb
hafbet,alphabet
hafend,offend
hafenz,offence
hafid,conserve
hafif,congruence (geometry)
hafik,derive
hafiks,affix
hafil,encourage
hafkes,efficacy
hafkid,deposit
hafkir,forfeit
haflet,affiliate
haflik,afflict
haflot,discriminate
hafnot,refer
haform,affirm
hafort,effort
hafrid,afford
hafsat,offset
hafspriq,offspring
haftir,exempt
hafxir,thaw
hafzitz,bomb
hagalx,agriculture
hagbir,boost
haget,await
hagix,serve
haglid,scar
hagnid,agony
hagol,haggle
hagrat,fee
hagrot,hag
hagzam,exaggeration
hagzim,exaggerate
hagzort,exert
hajur,aperture
hak,hack (work)
hakaC,captivate
hakab,obstacle
hakam,establish
hakan,icon
hakant,account
hakar,recognition
hakav,heel
hakbar,mouse
hakbid,burden
hakbod,hexapoda
hakif,enforcement
hakik,engraving
hakir,acquaint
hakit,acquit
haklat,resolution
haklem,acclaim
haklips,eclipse
hakliv,staple (action)
haklud,occlude
haknedj,acknowledge
haknik,choke
hakniq,subdue
hakom,accompany
hakord,accord
hakpan,occupy
hakrad,awkward
hakrav,scorpion
hakret,accurate
hakrun,accrue
haksal,accelerate
haksan,axon
haksent,eccentric
hakses,access
haksid,exceed
haksim,enchant
haksol,axel
haksom,axiom
hakspal,expel
hakspand,expound
hakspet,expect
hakstiqk,extinct
hakstol,extol
haktad,tie
haktiv,activity
haktor,act
hakun,meadow
hakveC,determinant (math)
hakvet,activate
hakxar,imperishable
hakxaz,actualize
hakxiv,esteem
hakxun,auction
hal,how
haladj,allege
halak,law
halal,permissible
haland,island
halark,luxury
halask,ayahuasca
halav,milk
halbon,protein
halciq,health
haldjen,algae
haleg,dial
halen,highway
halez,always
halgex,allegation
halgor,allegory
halif,suit (clothing)
halig,mock
halin,cushy
halit,haul
halkal,alcohol
halket,allocate
halm,hue
halmor,helm
halmost,almost
halnet,alternate
halon,alone
halord,award
halorg,allow
halpan,span
halpen,help
haltor,alter
haltur,moonlighting
halud,allude
haluf,option
halun,hyena
halur,allure
halvon,hallow
halx,hair
hamant,amount
hambalz,embezzle
hambants,ambiance
hambark,embark
hambas,emboss
hambax,ambush
hamblants,ambulance
hambold,embolden
hambrod,embroider
hamem,stun
hament,amend
hamez,amaze
hamik,pelt
hamis,melt
hamlitz,recommend
hamnants,eminence
hamon,crowd/mob
hamos,ferret
hamot,hum
hampan,hump
hampfan,amplify
hampid,impede
hampindj,impinge
hamplot,employ
hampor,hamper
hampran,empower
hamprint,imprint
hamptud,amplitude
hamrid,instigate
hamtet,amputate
hamus,hummus
hamuz,amuse
han,zero
hanak,giant
hanaks,annex
hanan,onion
hanand,bliss
hanart,inherit
hanbal,enable
hancrasat,anthracite
handag,hound
handan,bleak
handav,endeavor
handendj,endanger
handgol,undergo
handid,indeed
handj,angel
handjan,engineer
handjol,enjoy
handkof,handcuff
handur,endure
hanflak,inflect
hanforl,unfurl
hanfors,enforce
hanfrij,infringe
hanfuz,infuse
hanit,initialize
hanket,antiquate
hankit,impose
hanklud,include
hankod,encode
hankom,honeycomb
hanlag,analog
hanlat,enlighten
hanlist,enlist
hanmik,diminish
hanod,annoy
hanol,annul
hanon,park (vehicle)
hanorx,xnor
hanpas,encompass
hanredj,enrage
hanrol,enroll
hanst,honest
hanstil,instill
hanstrak,instruct
hansul,ensue
hantaks,antioxidant
hantal,entail
hantan,intertwine
hantik,antique
hantil,until
hantlor,antler
hantoj,haunt
hantpriz,enterprise
hantrantx,entrench
hantrast,entrust
hantson,hence
hantxat,incline
hantxiq,hunch
hanuk,dedicate
hanvit,envy
hanvop,envelope
hanvors,anniversary
hanvort,invert
hanxaq,serene
hanxet,initiate
hanxim,resuscitate
hanxran,enshrine
hanxur,insure
hanz,house
hanzaq,mount
hap,event
hapal,appall
hapan,happen
hapdat,expedite
hapend,append
hapil,appeal
hapiq,hype
hapiz,appease
haplan,apply
haplas,helpless
hapont,appoint
hapot,overlap
hapoz,oppose
hapraz,oppose/against
hapret,operate
haprez,appraise
haprind,apprehend
haprotx,approach
haprut,uproot
hapsat,upset
hapsod,episode
haptat,appetite
haptiks,optics
haptor,opt
haptud,aptitude
haqgej,engage
haqglet,ungulate
haqgrev,engrave
haqkid,honk
haqkloz,enclose
haqkrab,hunk
haqkrotx,encroach
haqlek,queue
har,era
harCur,rigorous
harac,cultivate
harad,arid
haral,convert
haram,forbidden/taboo
haran,heron
harand,errand
harar,mull
haras,grip
harat,till
harats,country
haratx,auroch
harax,dull
harbor,harbor
harbtradj,arbitrage
harcas,planet earth
harendj,arrange
harest,arrest
harfat,artifact (museum object)
hargal,habit
hargiz,irritate
hargmant,argument (conversation)
haris,iris
haritz,tyrant
hariv,expand
hark,arc
harked,arcade
harkiq,hierarchy
harklet,articulate
harkun,argue
harlig,early
harnak,purse
harnz,harness
harok,squeak
haron,arrow
haroz,arouse
harq,along
hartaj,heritage
hartak,architect
hartiq,discourage
hartkol,article
hartx,arch
hartxam,honor
hartzil,hertz
hartzin,sober
hartzot,lecture
harutz,ravine
harvik,whale
harxak,conviction
harxam,registration
harxim,impress
hasad,aside
hasalt,assault
hasam,placement
hasamp,assemble
hasap,convect
hasborg,iceberg
hasdir,resolve
hasend,ascend
haseq,assay
hases,assess
hasgar,closure
hasid,piety
hasig,recall
hasin,essay
hasis,assist
haskim,consent
haskit,husk
hasklim,exclaim
hasklud,exclude
haskrab,ascribe
haskret,execrate
haslim,escalate
hasof,expose
hasol,hustle
hasom,awe
haspex,especially
haspot,expert
haspret,aspirate
haspur,aspire
hasram,ridiculous
hasrat,film (video)
hastand,astound
hastek,oust
hastrod,asteroid
hasum,assume
hat,at
hatak,attack
hatand,attend
hatar,attire
hatbil,dip
hatborst,outburst
hatbus,bus
haten,attain
hatest,attest
hatgar,challenge
hatiC,festival
hatif,advocate
hatik,transfer
hatit,pry
hatiz,squirt
hatkaf,seizure (taking)
hatlod,outlaw
hatmost,utmost
hatom,automatic
haton,hot
hatot,tilt
hatrak,attract
hatrib,attribute
hatrid,disturb
hatsap,offer
hatsfir,atmosphere
hatslan,sloth
hatvot,outline
hatx,hole
hatxik,hatch
hatxiv,achieve
hatxol,cooperate
hatxuq,estuary
hatzal,shade
hatzan,cool (action)
hatzar,declaration
hatzat,ignite
hatzdik,justify
hatzdiq,salute
hatzid,parade
hatzir,hay
hatzitz,peek
hatzum,petition
havak,havoc
havas,obvious
havdants,evidence
havents,offense
havid,avid
havik,walrus
havis,oblation
havit,hive
havkin,distinguish
havlantx,avalanche
havlit,highlight
havort,avert
havot,constitute
havrix,brush
havriz,shirk
havtak,ensure
haxak,launch of new product
haxaps,inspiration
haxin,lean
haxir,molt
haxitz,reproduce
haxiv,reply
haxlak,implication
haxlend,lend
haxlim,reconcile
haxmad,extermination
haxmit,omit
haxmitz,libel
haxor,usher
haxpak,influence
haxpal,humiliation
haxrix,implant
haxtil,transplant
hazif,frown
hazkir,remind
hazlif,sprinkle
hazman,invitation
hazmin,invite
hazot,rave
hazrik,inject
hecral,ethereal
hedip,eddy
hedjant,agency
hedriq,aid
hegat,egg
hegzal,exhale
hegzalt,exut
hegzort,exhort
hegzud,exude
hegzum,exhume
hek,hour
hekir,characteristic
hekorn,acorn
hekrat,acre
heksarp,excerpt
heksas,excess
heksat,excite
heksort,extort
hekspants,expanse
hekspar,expire
heksrit,excrete
heksul,excel
helat,hail (acclaim)
helbon,insult
helet,determine
hemaq,hem
hembam,embalm
hempac,empathy
hempost,hemp
hemrald,emerald
hemun,confidence
henants,enhance
henas,anus
hencral,enthral
hendaldj,indulge
hendir,endear
hendol,endow
hendus,induce
henform,inform
henrik,henry (measurement)
hentas,entice
hentot,entitle
hepin,hippie
heps,ape
heq,hang
heqgalf,engulf
heqgros,engross
heqk,angry
heqkor,anchor
heqkxas,anxious
heqsur,hang out
heqvun,hang on
hesin,hasten
heskort,escort
hesnop,hail (snow)
hetaq,hate
hetxam,yawn
hetxram,etch
heviz,aves (birds)
hevor,behavior
hiCal,whip
hiCor,either
hibax,bash
hibit,inhibit
hibuk,hug
hicar,aether
hid,not hidden
hidan,hidden
hidlan,headline
hidot,idiot
hifuz,effusion
higar,eager
higlan,eagle (bird)
higlut,bed
hignus,igneous
higot,ego
higoz,vanish
higruf,fist
hik,hike
hikal,hall
hikan,squid
hikep,equip
hiklar,equal
hilak,elect
hilaps,elapse
hilat,elite
hilk,elk
hiltac,hesitate
hilud,elude
hiluf,replace
hiluk,partition
hilul,desecrate
hilutz,constrain
himars,immerse
himat,emit
himex,emission
himgrat,immigrate
himpak,impact
himpal,impale
himpals,impulse
himpart,impart
himpitx,impeach
himplan,imply
himplav,implore
himsiq,invent
himtet,imitate
himux,ammunition
hinak,enact
hindak,induct
hindant,indent
hindat,indict
hindjan,hinge
hindjar,injure
hindjast,ingest
hindor,hinder
hindors,endorse
hinfek,infect
hinfes,interface
hinflem,inflame
hinflit,inflict
hinfur,infer
hinkar,inquire
hinkor,incur
hinlaq,inlay
hinsab,inhabit
hinsal,inhale
hinsants,incense (smell)
hinsis,insist
hinskrab,inscribe
hinstad,instead
hinstants,instance
hinsurt,insert
hinten,intend
hintgral,integral
hintorn,intern
hintrak,interact
hintrap,interrupt
hintrud,intrude
hintvin,intervene
hintx,inch (measurement)
hinuf,enough
hinvet,innovate
hinvok,invoke
hinvort,invertebrate
hinvos,invoice
hinxal,initial (beginning)
hip,group
hipan,hip
hiptaz,hypnotize
hipul,impel
hiqgret,integrate
hiqkam,income
hiqkub,incubate
hir,hear
hiram,flounder (fish)
hirav,sword
hirdas,iridescence
hirgat,irrigate
hirod,erode
hirum,emergency
hirut,hire
his,snake
hiskep,escape
hispik,suffice
histark,hysterical
hisul,eliminate
hitak,thrust
hitkaf,spasm
hitkat,ingratiate
hitmet,intimate
hitpak,explode
hitrap,recover
hituk,bisect
hitxiq,hitch
hitzum,climax
hitzuv,design
hivad,slave
hivik,heave
hivniq,evening
hivok,evoke
hivux,rustle
hixkol,cluster
hixpuz,hospital
hixvar,supreme
hizak,exact
hizet,impersonate
hiznik,neglect
hizun,equilibrium
hizut,ease
hoben,obey
hobladj,oblige
hoblik,oblique
hocrak,oath
hodar,odor
hodik,ode
hogal,ogle
hogor,hoard
hokek,length
hoksip,hoax
hokur,occur
holan,hull
holast,last (staying)
holid,holy
holiq,howl
holv,elbow
holzem,latter
hom,home
honas,onus
honiq,hoe
honot,swindle
honts,ounce
hop,hope
hopal,opal
hopan,opine
hopok,perky
hopres,oppress
hoqat,owe
hoqnev,hold off
hoqvun,hold on
horbot,orb
horden,ordain
hordjip,orgy
hores,heresy
horfad,horrify
horfan,orphan
horgan,organic
horlig,hurl
horn,horn (animal)
hornit,wasp
hort,heart (body)
hortxad,orchard
horx,oh
hosil,tent
hostan,host
hostar,hoist
hostik,osteichthyes
hotat,scallop
hotrut,oat
hov,floating point
hovan,debt
hovcroq,overthrow
hovis,oversee
hovkast,overcast
hovtorn,overturn
hovxad,overshadow
hozir,hose
hub,x-axis
hubob,hub
hubtan,obtain
hudj,vowel u sound
hudjant,huge amount
hudjun,huge
huforn,hoof
huk,hook
huksuk,blubber
hum,urge
humad,humid
humgrat,emigrate
humlet,humiliate
hunak,harpoon
hunik,sea urchin
hunlit,wedding
hunmat,frantic
huprat,upright
huqgat,aunt/uncle
hurast,heuristic
hurdor,hood (cover)
hurin,hurry
hurmat,hermit
hurot,heir
hutak,seam
hutom,hut
hutut,hoot
hutx,itch
hutxik,train (car)
hutxit,accustom
hutxuk,fetch
huv,handle
huvkan,diagnose
huz,duration
huzband,husband
jabar,math
jabir,legging
jak,wisdom
jaket,jacket
jakspoz,juxtapose
jaktor,chat
jalf,j sound
jalim,jelly
jalus,jealous
jan,spirit
janrat,degenerate
jaq,count
jaret,jar
jasten,joust
javal,swathe
jazur,gossip
jet,throw
jetaj,throw away
jeton,token
jidar,jitter
jil,stream
jirar,swear
jom,pattern
jontal,gentle
jontif,contiguous
jonxar,scatter
joqkil,daffodil
joval,jovial
judix,judicious
jul,universe
julam,reality
junip,juniper (tree)
junral,general
juptas,jupiter
kaCal,disposition
kaCif,projectile
kab,receive
kabnet,cabinet
kabol,cobble
kacac,furniture
kacard,coward
kacir,viscous
kadal,cuddle
kadat,succumb
kadid,helmet
kadjul,ashamed
kadol,coddle
kadom,precede
kadsul,counsel
kaf,cough
kafaf,extenuate
kafam,however
kafar,close oneself off
kafif,subordinate
kafitz,coil
kafkaf,flip-flop
kaftor,button
kagnet,cognate
kagnix,cognition
kajul,cashew
kakak,quack
kakal,quell
kakit,oyster
kakol,cackle
kakor,basin
kakrotx,cockroach
kaktas,cactus
kakuz,cuckoo
kal,time
kalad,collide
kalal,scour
kalaz,equalize
kalbret,calibrate
kaledj,college
kaletz,rescue
kalif,successor
kalig,colleague
kalil,scarcity
kalit,leporidae (hare)
kalkal,economy
kalkun,caulk
kalmnet,culminate
kaln,kaon
kalnin,colony
kalor,cower
kalox,dominate
kalpox,kelp
kaltxob,couch
kaltxur,culture
kalud,collude
kaluk,trout
kalxaq,oven
kamants,commence
kamaqk,comma
kamar,gamble
kamars,commerce
kamat,flour
kamban,combine
kambast,combust
kambat,combat
kamdin,comedy
kamdir,commandeer
kamet,comet
kamflaj,camouflage
kamix,commission
kamkruc,come up with
kamon,common
kamorx,commercial (tv)
kamp,camp
kampak,compact
kampal,compile
kampand,compound
kampas,compass
kampir,compare
kampit,compete
kamplant,compliment
kamplaq,comply
kamplem,complement
kamplen,complain
kamplit,complete
kampoz,compose
kampraz,comprise
kampten,competent
kamput,computer
kamran,camera
kamsan,thief
kamtiq,committee
kamtzan,oxygen
kamut,commute
kan,aggregate
kanan,canyon
kanart,con
kandam,condemn
kandet,candidate
kandiz,candy
kandon,condone
kandsand,condescend
kanfad,confide
kanfan,confine
kanfand,confound
kanfanz,conference
kanfat,attitude
kanfdent,confident
kanfig,configure
kanform,conform
kanfort,confetti
kanfran,confront
kanfur,confer
kangrats,congratulate
kaniq,cunning
kanjur,conjure
kankak,concoct
kankest,conquest
kanklud,conclude
kankrit,concrete (abstract)
kankur,concur
kanop,canopy
kanot,connotation
kansal,cancel
kansalt,consult
kansan,consign
kanses,consist
kansid,concede
kansit,conceit
kansiv,conceive
kanskret,consecrate
kansol,console
kansoq,baggy
kansorn,concern
kansort,consort
kanspir,conspire
kanstrent,constraint
kanstruk,construct
kanstrul,construe
kansur,connoisseur
kantaks,context
kantam,quantity/quanta
kantand,contend
kantemp,contempt
kanten,contain
kantit,quantity
kantor,counter
kantort,contort
kantplet,contemplate
kantrak,contract
kantriv,contrive
kantrol,control
kantrup,gargle
kantx,crunch
kantxold,quench
kantxut,concrete
kanvaks,convex
kanvals,convulsant
kanvas,canvas
kanven,convey
kanvik,convict
kanvin,convene
kanvors,converse (opposite)
kanvurdj,converge
kanzoq,fancy
kapor,concave
kapot,skim
kaprat,copyright
kaprik,cap
kapsaz,capsize
kapslet,encapsulate
kapstet,incapacitate
kapten,captain
kapxam,caption
kapxur,capture
kaq,object
kaqak,goose
kaqgres,congress
kaqgret,congregate
kar,call
karafs,celery
karan,car
karbet,carbonate
karbon,carb
kardj,cartilage
kares,caress
karfon,cuff
karik,query
karin,carry
karir,career
karitz,slot
karix,shark
karkix,rattle
karmac,karma
karmaz,carve
karnab,cauliflower
karnaf,rhino
karnal,kernel
karnev,call off
karnval,carnival
karom,heal
karpit,carpet
karpuc,keep up with
karpvun,keep on
karsaq,audience
karset,incarcerate
karsol,ankle
kart,crown
kartan,carton
kartoC,character (portray)
kartx,cache
kartzef,scrub
kartzin,quartz
karvat,market
kasan,instant
kasat,allot
kasked,cascade
kaskron,cask
kasplen,explain
kastam,custom
kastget,castigate
kastik,caustic
kat,focus
katar,ooze
katif,shoulder
katlag,catalog
katlist,catalyst
katloC,catalogue
katnet,concatenate
katoq,cut
kator,cruel
katpult,catapult
katrig,accuse
katsek,tip (peak)
katvun,cut back on
katxip,chip (block)
katzav,butcher
kavak,dust
kavat,caveat
kavid,liver
kavik,wolverine
kavod,honor/respect
kavon,cavern
kax,perfect
kaxad,suspicion
kaxiq,cash
kaxkix,babble
kaxon,quash
kaxun,caution
kaz,cause
kazalt,casualty
kazar,return at regular intervals
kazis,piece
kazit,facade
kebit,evil
kedjot,cage
kejan,occasion
kek,agree
kekep,harsh
kelak,quail
kelas,chaos
kemdusk,come across
kenan,canidae
kenat,kin
kendiq,approve
kenos,rape
kep,clone
kepal,capable
keproC,cape
kes,case (situation)
ket,but
ketor,cater
ketsef,sequence
ketxul,demand
kevur,grave
kibol,quibble
kid,could
kidak,gun
kiden,equidae
kidnap,kidnap
kidran,equation
kidum,promotion
kifal,crease
kigak,beaver
kijon,cajole
kik,kick
kikab,maple (tree)
kikar,plaza
kiknev,kick off
kikuq,finch (bird)
kil,cyan
kilar,cucumber
kilat,keel
kiluv,obligate
kilxon,pitchfork
kim,climb
kinam,lamentation
kinat,louse
kindants,condense
kipan,ghast
kipod,hedgehog
kirn,cure
kis,bottom
kisak,kiss
kisfim,longing
kitrak,kit
kitxam,kitchen
kitzaf,foam
kitzon,external
kitzub,ration
kiv,intent
kival,isolation
kivar,quiver (shake)
kivlant,equivalent
kivutz,compress
kixar,knot
kixut,decorate
kiz,if
kladod,clod
klagxin,clog
klak,clock
klalak,curse
klamp,clamp
klantam,fatigue
klantx,clench
klanz,cleanse
klap,danish a vowel sound
klapit,clap
klasfan,classify
klasik,classic
klasp,clasp
klatur,clatter
klatxul,clutch
klaxon,clash
klazet,closet
klefan,clef
klidon,cotyledon
klimet,acclimate
klinrik,clean up
klintx,clinch
klipron,clip (cut off)
klipsat,clip (bind)
klir,clear
kliv,cave
klivrak,cleave
kloCiq,clothing
kloCos,clothe
klolak,shoot
klorfil,chlorophyll
kloztaj,close down
klubas,club (society)
klum,cue
klutz,pioneer
kod,code
kodjiz,caliber
kodorz,coerce
kof,default
koglant,coagulant
kok,disagree
koken,coke
koksat,coax
kokzit,coxeter
kol,all
kolab,collaborate
kolav,rack
koles,coalesce
kolet,collate
kolket,collocate
kolot,coyote
koltx,ouch
kom,five
koman,coma
komarn,comb (hair)
komind,commend
komprend,comprehend
kon,and
konduk,conduct (electricity)
konflas,convalescence
konsad,coincide
konstrit,constrict
kontrib,contribute
kop,scope
kopal,compel
koqdip,vacate
korag,core
koral,coral
korban,victim
kordat,cord
koredj,courage
korgraf,choreograph
korig,ore
kork,curl
korkaz,cork
korlet,correlate
kormant,cormorant
korn,category
kornab,corn
kornar,corner
korod,corrode
korol,quarrel
korpret,incorporate
korsiq,currency
korson,cursor
korvid,corvid
korx,xor
kotan,quota
kotas,quote
kov,cover
kovat,covet
kovem,cove
kox,cell (biology)
koxant,quotient (division)
kozin,cozy
krabac,crab
krabret,corroborate
krag,node
krakdal,crocodile
krakol,crackle
kraksoq,crux
kralog,crawl
krambol,crumble
kramp,cramp
krampol,crumple
kranik,chronic
krankal,chronicle
krapiz,crop (cut)
krapoC,crop (food)
krast,annoint
krastin,christen
krastoz,crest
kratik,critique
kraxik,crush
kred,credit
kredol,cradle
krek,cake
krem,chemical
krenatx,crane
krep,crypto
kreqkit,cranky
kretor,crater
krev,crave
kribet,crib
kridant,creed
kriket,cricket
krikun,creak
krilat,frolic
krimet,cremate
krimol,cream
krinat,buy
kripol,cripple
krisat,collapse
krispal,crisp
krist,anoint
kristal,crystal
kritak,diacritic
kritik,critic
kritsaz,criticize
krixnam,wicked
krok,croak
krolb,unobstruct
krusfad,crucify
krustax,crustacean
krutx,crouch
kruzig,cruise
kub,cube
kubox,conquer
kud,miss (didn't touch)
kuf,clue
kugak,swan
kujan,recursion
kukan,cock (action
kukat,infamy
kul,cool (interjection)
kulam,coulomb
kuldan,cool
kulor,peculiar
kulos,meticulous
kulx,answer
kum,back area
kumat,pear
kumbant,incumbent
kumkum,kettle
kumlet,accumulate
kumrik,back up
kumtaj,back down
kundal,bowl
kup,tone
kupun,coal
kur,down
kurant,current (recent)
kuras,curious
kurdjun,curd
kurfus,cringe
kurkan,cook
kurkul,curriculum
kursuf,artichoke
kurtal,curtail
kurten,curtain
kurun,cabbage
kurv,curve
kusol,console (help)
kusrat,cuss
kutun,cottonwood (tree)
kuv,divide
kuxon,cushion
kuzam,lavender (vegetable)
laCad,stack
laCir,lather
laCor,leather
labin,lobby
labot,fan (action)
labret,elaborate
labtor,lab
ladid,delicious
ladin,laud
ladjil,litter
ladjip,garbage
lag,organ (body)
lagar,log
lagron,lug
lajslet,legislate
lak,like
laklod,lock
lakok,client
laks,lack
laksen,diagonal
laksex,relaxation
lakxmin,prosperity
lal,y-axis
lalants,alliance
laltuk,corny
lalxik,old-fashioned
laman,lamb
lamant,lament
lambor,lumber
lamid,tutor
lamnet,laminate
lampoq,lump
lampren,lamprey
landj,lounge
landskep,landscape
landur,launder
lanmeq,league
lanoq,blush
lapres,lap (race)
lapsin,lapse
lapsiq,lapse
laq,object feature type
laqfek,lavish
laqk,wool
laqkit,lanky
laqxiq,virtuous
lardj,large
larg,element
largan,layer
larm,limb
larot,pregnant
lart,let
lartaj,let down
lartas,let in
larus,gull
larx,10^12
lasak,flock
lasents,license
lasit,hit (popular)
lastor,luster
latas,lattice
latif,entertain
latniq,lightning
latus,lettuce
latxam,latch
lavan,satellite
lavrat,lava
lax,add
laxliv,lush
lazan,almond
lazim,due
lazulin,lapis lazuli
lazup,candle
leC,point
leCast,bore (boring)
leCsur,point out
lebal,label/characterization
lebor,labor
lefant,elephant
legant,elegant
lejand,legend
lek,collect
lentxas,lane
lep,push
lepor,leporidae
leqgix,languish
les,air
lesiq,lace
leson,lesson
letar,late
levirc,levy
levradj,leverage
levtat,levitate
lezin,lazy
libran,library
libret,liberate
lid,lead
lidrop,lid
liftap,lift
liglug,ridicule
lijur,leisure
likan,liken
likdet,liquidate
likxaq,mangle
lil,boolean
lilaq,might
limeq,leeway
limp,limp
limpat,smear
linadj,lineage
linant,lenient
linfat,lean (fat)
linmar,courtesy
linsek,miserly
linset,stingy
lint,lint
lintaf,lynch
linxik,temporary
linzol,drip
lipar,leap
lipard,leopard
liqkax,relinquish
liqloq,exquisite
liqsul,nimble
lird,wet
lirin,leer
lirk,ratio
lisat,elicit
lisem,bread
lisiq,lease
lispus,lisp
lit,light
litar,liter (measurement)
litget,litigate
litral,literal
litxab,little
litzan,clown
lived,evade
livet,alleviate
livik,evict
lixaq,ideal
loCig,loathe
loCud,loath
loban,boss
lok,place (space location)
lokan,open space
loket,locate
lokmat,warfare
lon,loan
lonak,lone
lonal,loyal
lor,lord
lorbzat,lobe
lored,already
lorgas,log in
lorgsur,log out
lorkit,lurk
lorn,line
lorst,lust
lortxik,lurch
lot,lot (land)
lotar,loiter
lotxuq,protrude
lox,string (computing)
lubrik,lube
ludjun,lunge
ludrap,lewd
luf,far (large-distance-focus)
lukmat,look forward to
lukproz,look for
lukret,look after
lukrik,look up
lulek,reed (plant)
lum,branch
luman,lumen (measurement)
lumbat,harass
lumet,loom
lun,moon
lunkom,profile
lunsiq,lunacy
lup,loop
lupsum,bolt
luqan,lung
luran,lure
lurv,leave
lusad,lucid
lusdet,elucidate
lusiv,elusive
lusul,halogen
lutrak,loot
lutrin,otter
luxiq,popular
mab,source
mabac,mob
mac,great
mad,middle
madaf,shelf
madam,intoxicate
madat,revel
madfan,modify
madil,armadillo
madim,uniform (clothing)
madist,modest
madjast,majesty
madjat,dive
madjiq,video
madjnon,mad
madol,muddle
madret,moderate
madsin,medicine
magaf,boot (shoe)
magan,dock
magat,maggot
magef,epidemic
magets,iron
magop,mug (rob)
magref,rake
magur,tuna
magux,tray
magzin,magazine
makaz,muck
maklas,refugee
makniz,mechanism
makov,grief
maks,maximum
maksim,maxim
malin,filth
maliz,sermon
malok,king
malor,maul
malosk,mollusk
malum,special
malzal,frizz
mamar,sorrow
mamat,debate
mambol,mumble
mamig,mummy
mamip,mime
manaj,manage
manan,dose
manat,ponder
mandal,round
manden,mundane
mandjor,manager
mandor,meander
manfak,manufacture
manmant,monument
manok,motor
manor,manner
manplet,manipulate
manpol,monopoly
mantram,utter
mantrim,monotreme
mants,monster
mantxam,munch
manuC,humanity
manun,passion
manut,occuptation
manxan,shy
mapen,mop
mapon,habitat
maqk,monkey
maqkur,manicure
marC,quite
marad,nurse
marak,soup
marbol,marble
maric,marry
marid,sick
marjant,merchant
marjin,margin
markan,mark
marm,mammal
marn,muon
marnet,marinate
marodj,marry (wed)
marst,must
marsup,marsupial
martol,mettle
martor,martyr
martx,march
maruf,decend
marun,maroon
marvol,marvel
marx,mesh (inter-)
marxol,marshal
marzas,mars
masadj,massage
masarg,expensive
masart,massacre
masib,party
mask,mask
maskit,musk
masmir,nail (carpentry)
masol,mussel
masor,saw (tool)
masoz,territory
mastim,must (smell)
mastur,muster
masut,character (nature)
mat,forward
matar,shower (water)
matben,coin
matkak,paddle
matod,nematoda
mator,mutter
matrik,metric
matsav,situation
matxor,mature
matzat,cracker
matzuk,distress
mavat,die
mavok,maze/labyrinth
mavon,introduction
maxkin,pledge
maxot,oar (boat)
maxov,feedback
maz,flow (speech utterance)
mazal,luck
mazic,muze
mazlig,fork (utensil)
mazlog,muzzle
medket,medicate
medlaq,meddle
medun,median (math)
meduz,jellyfish
mejar,major
mek,make
mekir,err
mekrik,make up
mekxud,mute
melak,mail
melon,melon (vegetable)
memac,mammoth
memik,maim
memon,memo
memraz,memorize
menak,money
menas,menace
menat,mane
mendin,mend
menten,maintain
mentur,mentor
mepal,maple
mepartx,map (chart)
meset,emaciate
mesid,stumble
mesor,tradition
metak,tension
metan,thing about the thing (meta-)
metar,chord (math)
metfor,metaphor
metmorf,metamorphic
metraks,matrix (math)
mezan,maze
mezraz,mesmerize
miCim,ticket
miClar,mediate
micad,method
micak,myth
midan,media
midar,myriad
midrax,interpret
midur,compartment
mifkad,census
mifrak,joint (biology)
migdal,tower
miget,mitigate
migor,meager
mikar,survey
mikdax,temple
mikil,burrow
mikran,mechanical
miks,mix
mikxur,mixture
mikzur,recycle
milan,mill
milat,cement
milit,filling
milvin,kite
mimak,mimic
min,not know
minag,custom/traditional practice
minan,offering
minet,internet
miniq,mean (verb)
minor,lamp
minral,mineral
minsar,prism
minstar,administer
minsul,miniscule
mintan,mint (make)
mints,mince
minuk,serenity
minz,means
miput,minority
miqmat,muskox
mir,bright
mirad,revolt
miraj,mirage
mirak,miracle
mirdat,spare
miriq,merry
mirkam,texture
mirman,fraud
mirt,meter
mirxam,recipe
misal,missile
misat,protest
miskuz,promiscuous
mislid,mislead
mismat,certificate
mismis,apricot
misok,erase
misples,misplace
misrut,loyalty
mit,meet
mitzud,fortress
miv,idea
mivrak,telegram
mixdal,transmission
mixkan,ointment
mixtar,regulate
mizam,initiative
mizvad,luggage
mobal,mobile
mod,mode
modarn,modern
mog,meaning
moj,emerge
mok,align
mokxam,fly (bug)
moldos,mold (bacteria)
moleq,mole
momart,momentum
moment,moment
momret,commemorate
moniq,moan
mop,twelve
mord,manifold
mordj,merge
mordur,murder
morfoz,metamorphosis
morgaj,mortgage
morn,m sound
mornaq,mourn
morniq,morning
morp,10^36
morpak,mope
mortal,mortal
mortfan,mortify
mortor,mortar
morvig,mighty
mosad,institution
moskit,mosquito
most,most (-est) (large-collection-partition-focus)
motant,mutant
motif,motif
motiv,motive
motpik,peak
motran,moat
motvet,motivate
mufol,muffle
mug,(past particle)
muj,message
muk,earth (dirt)
mukan,dumb
mul,unreal
mumiq,moo
mundam,bald
muq,mmm
murib,suspicious
murkas,mercury
musag,concept
musaq,aardvark
musit,overall
muskam,convention
mustal,mustelidae
mustax,mustache
mut,mutate
mutin,mutiny
mutlet,mutilate
muton,moot
mutxal,mutual
muvun,move on
muxak,prolonged
muxit,mush
muzik,music
muzrig,muse
muzul,muscle
naban,nub
nabliq,knob
nabog,genius
nadad,wander
nadak,nod
nadar,cnidaria
nadiv,generous
nadot,banish
nafak,capacity
nafots,widespread
nagak,goad
nagin,eel
nagon,melody
nagret,inaugurate
nagud,contrast
najat,nauseate
nak,knock
nakal,palm tree
nakik,crevice
naksur,knock out
naktir,exhaust
nakul,cervidae
naldjin,analogy
namal,port
namnet,nominate
namraq,humble
nand,nand
nantxiq,junior
nanz,noise
napar,nap
napek,inflate
napot,sift
naptas,neptune
nardj,farenheit
nardjur,nurture
naret,narrate
naroq,narrow
nartik,vagina
nas,nest
nasig,retreat
nasir,ally
nasot,attempt
nastik,skeptic
nastin,nasty
natan,gnat
natim,parallax
natiq,knight
natir,monitor
natral,natural
natran,sodium
natsik,phocidae (seal animal)
natx,n sound
natxav,notch
natz,glory
natzal,exploit
navget,navigate
navuk,prophesy
naxaf,breeze
naxnal,national
nebul,nebula
ned,static
nedir,vow
nefil,tumble
nefros,kidney
negif,virus
negox,negotiate
nek,neck
nekad,naked
nekam,revenge
nekdot,anecdote
neks,10^27
nektar,nectar
nekud,dot
nelar,document
neliq,neigh
nes,nice
nesag,steer
nesal,nestle
nesgras,lawn
net,knit
neval,navel
nexan,nation
nidol,needle
nijak,specific
nik,pink
niknas,enter a state
niknum,nickname
nilaks,lux (measurement)
nilam,restraint
nilet,annihilate
nilkam,wage war
nilod,neon
nimnan,depression
nimtul,clay
nimuk,justification
nipatx,nip
niputz,smashing
nir,nerd
nirvan,extinguish
nirvos,nervous
nirxan,inertia
nisan,necessary
nisbet,proportion
niscat,anesthetize
nisig,recession
nitak,chunk
nituk,severing
nitzul,usage
nival,harp
nivast,invest
nivim,prophecy
nixin,herring (fish)
nixsrik,ugly
niz,nest (structure)
nizak,damage
nizkar,remember suddenly after having forgotten
nobold,noble
nol,toward
nolkam,nook
nolrin,area
nomliq,anomaly
noqtxun,rural
norc,north
norm,normal (math)
normal,normal
norn,knee
norx,nourish
nosal,proceed
nosep,passenger
not,note
notet,annotate
notfak,notify
notis,notice
novak,realize
noval,novel
nox,notion
nubol,nibble
nudjip,nude
nukan,nick
nukis,nut
nuklit,ursidae
nul,forget
numan,numb
numret,enumerate
nunan,none
nunxet,annunciate
nuq,bond
nurf,vowel large U sound
nursrik,nursery
nurv,nerve
nusants,nuisance
nutan,newton (force)
nutlan,newt
nutrant,nutrient
nutriC,nutrition
nuzol,nuzzle
nuzul,lodge
pabol,pebble
pac,path
pacar,prefer
pacrun,pass through
padat,topple
padman,lotus
padol,puddle
padot,simmer
pafnin,modulate
pagov,seduce
pajot,pit
pak,package
pakal,digest
pakav,prevent
paket,packet
pakid,official
pakil,confiscate
pakim,drift
pakit,pocket
paklis,populate
pakof,overtake
pakor,displace
paktor,pact
pakxur,puncture
pakziv,disappoint
palaf,tame
palan,pollen
palaq,nifty
palat,pilot
palix,polish
palmor,froth
palon,hostile
palor,power
palset,pulsate
palsiq,policy
palsiv,repulsive
palson,pulse
paltir,improvise
paltop,polytope
paltxim,forsake
pam,pray
pamen,coach
pamol,pummel
pamon,bell
pampas,pomp
pampem,dim
pampon,pump
pampor,pamper
pan,yes
panak,pine
panan,companion
panaq,paw
panas,torch
pancir,panther
pandam,pendulum
pandor,pander
pandoz,pond
pandrom,palindrome
panin,pearl
panis,penis
panit,delight
panix,punish
pankxet,punctuate
panol,panel
panot,torment
pansul,peninsula
pantim,pint
pantit,punt
pantsil,pencil
pantx,hit
pantxes,punch
panxam,pan (move)
papan,vicious
papap,pop
papat,pipe
paplar,poplar
par,depart/from
parab,parable
parag,poppy
parat,pirate
parav,involve
parax,perish
pardiq,parody
parfrez,paraphrase
parfum,perfume
pargraf,paragraph
parket,park (place)
parklar,particular
parlaz,paralyze
parleq,parley
parmit,permit
parn,purr
parom,pile
parpil,obscure
parsant,percent
parsiq,parse
parsis,persist
parson,personal
parspet,participate
partek,partake
partnor,partner
partorv,perturb
partx,land (perch)
parvam,perform
parvan,fur
parvat,rugged
parxut,parachute
parz,p sound
pas,space
pasaj,passage
pasal,idol
pasar,sparrow
pasbal,possible
pasfag,pacify
paskal,pascal (measurement)
paskon,period (mark)
pasor,ban
pastal,pastel
pastlet,postulate
pastxur,posture
pasur,prowl
pat,dimension
patant,patent
patas,pout
patat,soar
patix,hammer
patof,envelop
pator,encircle
patox,pot
patridj,partridge
patrol,patrol
patruz,pat
pavit,distort
pavrir,ventilate
pavtak,secure
paxar,confirm
paxip,posh
paziq,pause
pazkir,cite
paztor,repository
pedir,herd
pedral,pedal
pegrac,peg
pekiq,peck
pelard,steel
pem,they (communicating-agent-external-reference-focus)
peniqk,ink
penrat,pen
pentas,pant
pentiq,penalty
pentret,penetrate
peq,pay
peqkum,pay back
pesod,fan (person)
pest,paste
pestal,pedestal
pestor,pester
pestron,pest
petal,petal (flower)
petol,toll
petor,patter
petraf,petrify
petran,patron
pevmant,pavement
pevram,pave
pezant,peasant
pidjon,pigeon
pigment,pigment
pigum,scaffolding
pigur,lag
pikxar,picture
pilac,peel
piladj,pillage
pilat,blame
pilfar,pilfer
pilpal,pepper
pim,permeate
pimoz,pea (vegetable)
pinar,pin
pinast,grind
pinlaz,penalize
pintxoC,pinch
pinus,pine (tree)
pinut,peanut
pip,individual
pipar,peep
pipin,pee
piq,request
piqdjiz,lull
pirad,period
piratz,gush
piroz,pack
pirs,role/as
pirsum,publication
pirten,pertain
pisek,interval
pisin,piss
pit,pure
pitlet,capitulate
pitman,nipple
pitmaz,epitomize
pitput,chatter
pitul,twist
pitzan,injury
pitzul,fragment
pitzutz,explosion
pizen,rash
pizin,pie
pizmon,chorus
pladum,ply
plak,pluck
plalat,plow
plamant,implement
plamet,plummet
plamp,plump
plandjog,plunge
plandor,plunder
planim,cheap
plant,plant
plap,glottal stop
plasint,placenta
plastik,plastic
plastur,plaster
platab,palatable
platfon,platform
platik,plight
platon,plateau
pleket,placate
plelut,lute
plen,plane (geometry)
plenix,replenish
plet,plate
pliket,implicate
pliqal,plea
plodrat,ploy
plugnat,plug
plumaj,fluff
plup,poop
plutas,pluto
pod,free
podal,ramp
podjup,rundown
podjut,shabby
poket,poke
poklaq,pretty
polar,polar
polem,poem
polip,poll
polis,police
pom,different
ponent,component
ponts,pounce
pop,property (of object)
por,poor
poraq,pore
porit,pour
pork,per
porkat,pork
porklet,percolate
porlaps,perhaps
pornag,porn
porpan,porcupine
porsad,persuade
porsin,suidae
porskut,persecute
portal,portal
portfol,portfolio
portub,perturbation
portun,opportune
portxik,perch
porvort,pervert
post,post (content)
postpon,postpone
postud,post (in the ground)
pot,honorific (address)
potant,impotent
potreq,portray
potx,pi
potxiv,poach
poxam,potion
pozar,pose
prab,probable
prabol,parabola
pradaq,prod
pradiqk,undo
pradok,product
prajak,project (task)
prakan,procyonidae
prakrit,original nature
praktal,practical
praktis,practice
pralaq,parallel
pramet,primate
pramis,promise
pramot,promote
pramp,prompt (message)
pranin,sentient
prants,prance
prapoj,propulsion
prapon,prop (setting)
prapor,proper
prapoz,propose
praskut,prosecute
prastut,prostitute
prasvin,sweat
prat,apart
pratxir,enclosure
pravab,proverb
prejdis,prejudice
prent,apparent
prentas,apprentice
pres,pressure
pretand,pretend
prex,precious
prezant,present (show)
prezdant,president
pridik,predict
prikaC,prick
prikat,predicate
priklud,preclude
prikux,percussion
prilam,beloved
prilat,busy
primand,reprimand
primpik,primp
prinak,grant
priniq,preen
prinpal,principle
print,print
prinur,entrepreneur
pripar,prepare
prisas,precise
priskrab,prescribe
pristin,pristine
pritants,pretense
pritum,broad
prival,prevail
privant,block/prevent
privul,preview
prixet,appreciate
prixut,asceticism
prizad,preside
prizon,imprison
prizum,presume
prizurv,preserve
prodjuk,projection
produs,produce
profanz,preference
profret,proliferate
program,program
prohib,prohibit
proklem,proclaim
prokur,procure
prolaq,prolong
promz,pass
promzur,pass out
propgand,propaganda
proptik,property (object)
protak,protect
protom,proto
provas,profess
provax,profession
proviz,provision
prudant,prudent
prufrid,proofread
prukrik,pick up
pruksur,pick out
pruman,pomegranate
prunif,prune
pufan,poof
pul,pull
pulan,pool
pulnev,pull off
pulprax,pulp
pumag,pumice
purfet,perforate
purgtor,purgatory
purplaks,perplex
purport,purport
purpoz,purpose
purved,pervade
pusat,pus
puston,thump
puveks,vex
qizlan,quiz
raC,rhythm
raCaC,drizzle
raCik,velocity
raCor,rather
rabat,rabbit
rabor,rob
racon,wrath
radex,radish
radket,eradicate
radud,shallow (depth)
rafad,rife
rafak,raisard
rafal,mist
rafol,ruffle
raforC,rough
raj,range
rajis,registry
rak,rock
rakan,bow
rakat,rocket
rakav,rot
raket,racket (tool)
rakib,perpetrate
raknid,arachnid
rakxik,guard
ralan,interview
ralas,rile
ralget,relegate
ralik,rally
rambol,ramble
rambus,rhombus
ramos,trample
ramped,romp
randam,random
randin,rind
ransak,ransack
rantxog,runt
ranz,ram
ranzaq,grime
rap,wrap
rapal,repeal
rapax,rap
raped,pad
rapket,replicate
raprik,wrap up
raptor,raptor
rapxar,rupture
raqgol,ring (shape)
raror,roar
ras,in
rasak,moisture
rasat,furnish
rasif,hover
rasik,mash
rasis,spray
rasit,rice
raspod,rasp
rast,rest (remainder)
raston,rust
rasul,messenger
rataq,cart
ratfan,ratify
ratik,fascinate
ratit,tremble
raton,rat
ratrik,rhetoric
rattus,rattus
ratx,vowel a sound
ratxap,rite
ratzid,flicker
ravaj,ravish
ravak,profut
raveld,revile
raxam,crime
raxnal,rational
razaj,rouse
razdun,residue
razin,resin
raznants,resonance
razom,rhizome
reC,progress
reCin,rage
reCur,irrational (number)
rebal,rebel
recas,recess
red,red
redak,irradiate
redet,radiate
redid,raid
redin,ready
redjan,radian (measurement)
regan,rag
regin,reign
reglar,regular
rejast,register
rekac,wreck
rekiv,ingredient
reknaz,recognize
rekzit,prerequisite
relard,reward
relif,relief
relij,religion
reliq,rail
remit,remit
renan,wren (bird)
rendan,grace
rendur,render
reniq,rein
renix,ray
renmen,folk
renmin,citizen
renzen,earnest
repub,republican
reput,reputation
reqgal,wrangle
resit,race
resov,street
restrant,restaurant
ret,after
retiq,rate
retxiq,enthusiasm
revav,lot (amount)
reven,revenue
revil,rival
rexin,zeal
rezal,wrestle
reziq,raise
rezor,razor (tool)
rezrak,resurrect
riCak,sway
rib,ribbit
ribac,intermediate
ribar,rebar
ribit,interest (banking)
ribon,rule (control)
ribrak,rib
ribuk,rebuke
ric,straight
ridaq,rid
ridim,redeem
ridjan,region
ridjos,rejoice
ridjum,frank
ridol,riddle
ridrak,redirect
ridun,redo
rifan,refine
rifand,refund
riflon,reef
rifom,reform
rifrax,refresh
rifren,refrain
rifruf,flutter
riftor,rift
rifut,refute
rifuz,refuse
rigal,wriggle
rigan,rig
rigard,regard
rigiv,clod of earth
rijon,origin
rik,up
rikap,recap
rikar,require
riklan,recline
riklus,recluse
rikol,recoil
rikrut,recruit
rikup,recoup
rikur,recur
rikuz,concentration
rikxam,reaction
ril,relation
rilaks,relax
riland,rewind
rilant,relent
rilaps,relapse
rilen,relay
rilet,relate
rilik,calendar
rilis,release
rilot,riot
rilz,reel
rimark,remark
rimaz,revise
rimen,remain
rimot,remote (distance)
rimuv,remove
rimzat,rim
rinants,renounce
rineg,renege
rinos,rhinoceros
rints,rinse
rinul,renew
rinxiq,ductile
rip,rich
ripals,repulse
ripant,repent
ripar,repair
ripas,fault
riplab,republic
ripol,ripple
riport,report
ripraz,reap
ripriv,reprieve
riprom,rip
riprotx,reproach
riput,repute
riqgov,wring
riqkol,wrinkle
riqoq,artificial
rirandj,rearrange
ririk,rear
risand,rescind
risat,reset
risax,purchase
risid,recede
risis,sliver
risors,resource
risortx,research
risorz,rehearse
rispand,respond
ristik,restrict
risux,asset
ritar,retire
ritort,retort
ritrak,retract
ritx,ring (math)
ritxam,reach
ritxardj,recharge
ritxas,righteous
ritzpan,floor
riv,to/arrive
rivalv,revolve
rivamp,revamp
rivat,rivet
rivav,revive
rivok,revoke
rivort,revert
rivun,review
rixet,net
rixum,record
rixut,permission
riz,rise
rizent,resent
rizod,reside
rizum,resume
robas,robust
roblan,robe
rodan,dictator
rog,thirteen
rol,cycle
romar,roam
ronald,row (boat)
roqik,apt
rot,FALSE
rotet,rotate
rotiv,sauce
rotras,rote
roxam,impression
rubaqk,bank (river)
rubor,rubber
rufran,roof
rugrat,rug
ruk,location
rukmin,radiant
rul,rule (in system)
rulin,ruin
rumag,room
rumnant,ruminant
rumnet,ruminate
rumor,rumor
run,glyph
rup,right (time)
rupaq,outward appearance
rutin,routine
rutrac,root
rutxiq,route
rutz,race (event)
ruzas,ruse
ruzot,slim
sabam,polite
sabat,mackerel
sabdiv,subdivide
sabdjak,subject
sabir,patient
sabit,swab
sabmis,submissive
sabmordj,submerge
sabon,soap
sabrag,sob
sabsad,subside
sabsid,subsidy
sabtut,substitute
sabzum,subsume
sadal,saddle
sadan,sudden
sadir,tidy
sadjad,bow down in respect
sadjam,equipment
sadjest,suggest
sadlan,sideline
sadran,steward
safar,sapphire
safiks,suffix
safix,sufficient
safket,suffocate
safran,saffron
safsal,bench
safsir,speculate
saft,soft
saget,segregate
sagsig,prosper
saket,socket
sakik,psychic
sakin,blade
saklud,seclude
sakoj,psychology
sakon,sack
sakort,saw (cut)
sakran,intrigue
sakrit,secrete
saksid,succeed (come next)
saksin,spectate
sakul,succulent
salbret,celebrate
saldom,seldom
salet,insulate
salig,swell
salin,silly
salk,circle
salken,silk
saloq,swallow
salos,cellulose
salriq,salary
saltak,salt
saltir,solitary
salvant,solvent
salvex,salvation
salvidj,salvage
sam,sound
samlar,shock
samolt,simultaneous
samon,summon
samor,summer
samriq,summary
samsar,course
samtan,wholesome
san,sun
sanditx,sandwich
sanov,swallow (bird)
sanrik,sign up
sansiv,sensitive
santig,scent
santman,sentiment
santor,saunter
sants,since
sanzaq,bulk
sap,present (now)
sapak,supplier
sapar,barber
saplan,supply
saport,support
sapoz,suppose
sapraz,surprise
sapres,suppress
sapud,meal
saqkat,suspect
sar,surf
saras,potent
sardan,sardonic
sariq,sorry
sarit,tape
sarkast,sarcasm
sarl,swirl
sarned,serenade
sarpam,creep
sart,certain
sarvan,entire
sarvom,swerve
sasaC,hone
sasib,associate
saskrab,subscribe
sasnet,assassinate
saspend,suspend
sat,sight
satam,sincere
satol,subtle
satras,saturn
sav,silver
savadj,savage
savan,savanna
savant,savant
savral,several
savurt,subvert
sazan,size
seban,say
sedar,cedar
sedjun,sage (plant)
sedmant,sediment
sef,continue
sefgard,safeguard
segmint,segment
sek,percept
sekrad,sacred
sekut,execute
sekxam,section
seman,partial (semi-)
sembal,resemble
semnar,seminar
senat,senate
senir,sane
sentants,sentence (ruling)
sentsur,censor
sentxet,accentuate
senxant,conscientious
senxur,censure
senz,essence
sep,swipe
seprad,sap (tree)
seqkxam,sanction
sesis,sass
setar,satire
setas,cetacea
setiq,setting
setras,citrus
seval,civil
sevor,savor
sevors,sever
sfir,sphere
siCan,page
siCig,seethe
sibuk,complication
sidas,insidious
sidik,astringent
sidjan,obsidian
sifnik,symphony
sig,front
sigrat,swig
sigroC,cigarette
sik,seek
sikad,cicada
sikent,subsequent
sikfant,sycophant
sikuv,refusal
sil,more (-er)
silab,garment
siladj,bush
silak,select
silan,seal (connect)
silants,science
sileC,seal
silek,torn
siliq,ceiling
silit,silhouette
siltan,silt
silut,nightmare
simaq,seem
simbos,symbiosis
simlar,similar
simlat,assimilate
simplaks,simplex
simten,simultaenous
simtot,asymptote
simun,indicate
sinc,synthetic
sincsaz,synthesize
sindj,singe
sindrom,syndrome
sinet,insinuate
sinor,senior
sintgrat,disintegrate
sipan,sip
sipar,sweep
sipran,seep
sipras,cypress
siptat,precipitate
sipun,deck
sipur,tale
siqk,sink (down)
siqket,syncopate
siqkxap,sink
siral,cereal
siren,axle
sirkrab,circumscribe
sirkut,circuit
sirkvent,circumvent
siroz,sear
sirtun,carcinogenesis
sirup,syrup
sirut,rent
sisak,sex
sisen,easy-going
sisim,fraction
sistanz,persistence
sistor,sister
sistraC,cyst
sisuk,conflict
sit,medium
sitar,city
sitark,sweater
sitir,slack
sitxet,situate
sivam,service
sivar,hypothesis
six,all encompasing thing
sixet,satiate
sizal,sizzle
sizan,season (period)
sizol,fringe
skabut,scab
skafad,scoff
skal,scale
skaldman,scald
skalk,skulk
skalod,scowl
skalp,sculpt
skalpxor,sculpture
skamok,scum (muck)
skamp,swamp
skampur,scamper
skandur,squander
skanit,scan
skap,skip
skars,scarce
skateg,squat
skatul,scuttle
skavindj,scavenge
skelar,scalar (math)
sketar,skate
skil,skill
skilin,squeal
skiniq,ski
skint,squint
skitraj,skit
skitx,switch
sklamat,sham
skoCun,opinion
skor,score
skoral,squirrel
skoriq,scurry
skorn,scorn
skortxak,scorch
skral,scrawl
skrandj,scrounge
skrap,scrap
skratx,scratch
skrep,scrape
skriCar,slither
skriblaq,scribble
skrimat,scream
skrin,screen (display)
skritx,screech
skriz,squeeze
skrol,scroll
skrotam,scrotum
skrunip,screw
skrutnaz,scrutinize
skrutnik,scrutiny
skul,school
skup,scoop
skur,scare
skurdan,sciuridae (squirrel)
slabrat,slab
slad,slide
sladal,swaddle
slagat,boast
slagor,swagger
slagrut,slog
slamd,salamander
slant,slant
slap,slop
slapmac,slap
slaraz,slur
slasiz,slice
slator,slaughter
slaxiz,slosh
sleCiq,slay
sledat,sled
slekuv,consecutive
slents,silence
sleprin,slip
slet,slight
sletoC,slate
slind,cylinder
slindar,slender
slip,sleep
sliqaj,sling
slisan,pardon
slix,wish
slog,slug
slorm,swarm
slorp,slurp
slotx,slouch
slunap,slew
slunik,swoon
slup,swoop
slur,my
smaCur,smother
smadj,smudge
smagon,smug
smal,small
smaldan,smilodon
smark,smirk
smart,smart
smatik,smite
smegol,smuggle
smidjan,smidgin
smil,smell
smilt,mile
smitin,reminiscient
smuCig,smooth
smul,smile
snabet,snob
snagit,snug
snagol,snuggle
snakig,snack
snapon,snipe
snar,snare (drum)
snariq,snare (trap)
snarl,snarl
snatat,pierce
snatras,snot
snatxuC,snatch
snif,sniff
snikor,snicker
snirin,sneer
sniriq,sneer
snoblag,snub
snogat,snag
snorag,snore
snort,snort
snufil,snuff
sobstants,substance
sodak,soda
sok,around/surround
sokur,soak
solan,swollen
soldjar,soldier
solsit,solicit
som,drug
sonam,soy
sop,so/transition
soran,sour
sorm,some
sornmes,sun month
sorsis,exorcise
sortfan,certify
sortx,search
sotxat,gleam
soxal,social
soz,also
spafan,specify
spak,spike
spaltoq,spout
spamrat,spam
spanak,spy
spand,spend
spandj,sponge (animal)
spaniq,spawn
spansor,sponsor
spaqgot,spa
spardan,rivalry
spark,spark
sparnik,spurn
sparot,spar
spas,spice
spastan,coherent
spatol,spot
spatur,spatter
spekatx,speck
spektak,spectacle
spekul,speckle
spidrat,speed
spik,speak
spilax,spill
spinatx,spinach
spirad,spearhead
spiran,spear
spirud,contest
spisis,species
splador,splatter
spland,splendor
splasiq,splice
splatur,splutter
splax,splash
splintur,splinter
split,split
spolag,spoil
spral,spiral
spralok,sprawl
sprant,sprint
sprat,sprout
spratiq,spry
spred,spread
sprenar,sprain
spriq,spring (tool)
spriz,react
spuran,spur
spurat,throb
spurm,sperm
spurtiq,spurt
srand,surround
srandor,surrender
srilas,sale
sriz,series
srotas,current (river)
stab,stab
stabol,stubble
staf,stuff
stafol,stifle
stagur,stagger
stakip,stocky (build)
stakiq,stalk
stalc,stealth
stambam,rigid
stamor,stammer
stampoC,stamp
stampot,stump (tree)
stanat,reverberate
stand,stand
standsur,stand out
stanev,send off
staniq,stunning
stanix,astonish
stapal,pomegranite
starak,stare
stardol,startle
stark,stark
startap,stereotype
starv,starve
stat,stat
stator,stationary
statxur,stature
stavar,steady
staxig,stash
stedj,stage (action)
stek,mistake
stelan,stale
steman,stem
stevat,stave
stexon,station
stiCur,truncate
stil,still (motion)
stilaq,still
stimpot,stump (baffle)
stipik,steep
stiplet,stipulate
stiqiv,sting
stiqk,stink
stiral,sterile
stirat,stability
stok,stomach
stolik,stoic
stolnak,stow
stom,install
stomat,stomata
stomp,stomp
stork,story
storm,storm
stradak,stride
stradul,straddle
stramik,strum
strand,strand
strap,strap
straq,strong
strasaz,ostracize
strat,strict
stratal,strut
strax,stretch
strejar,stranger
streq,stray
streqgal,strangle
stretan,straigten (reverse)
strimlan,streamline
strindjant,stringent
strip,stripe
striq,string
strol,stroll
struk,strike
strup,strip
stuCul,coefficient
stublat,stub (toe)
stulatx,stew
suC,three
suCal,weld
suCiq,sooth
sub,I
sublat,sublet
subsdaz,subsidize
sudjil,stochastic
sudon,somewhat (pseudo-)
sugam,convenient
sukort,sue
sukxman,keen
sul,still (time)
suliq,sew
sulsin,trivial
sumpxam,assumption
sumran,sum (addition)
sunan,blank
sundar,charming
sunit,neat
suplant,supplant
supmaz,supervise
sur,assert
surdjin,surgery
surfas,face (surface)
surget,surrogate
surklet,circulate
surmaz,surmise
surpaz,surpass
survant,servant
survav,survive
susad,suicide
sut,store
sutas,soot
suxav,dear
suzuk,bass (fish)
svadan,flavor
svaduq,grape/berry
svagam,welcome
svardat,relish
svas,sigh
sviCam,roast
svik,knife
svivon,spinning top
svur,very
taCar,apologize
tabic,gazelle
tabil,spice (action)
tablet,tabulate
tad,tail
tadjrib,experiment
tafkid,duty
tagal,toggle
tagen,fry
tagid,corporation
taglor,tug
tagmul,compensation
tagnaz,antagonize
taguv,comment
taj,down (to be cool with something)
tak,talk
takan,tack
takdjip,talk over
taket,tact
takin,correct
takir,investigate
takit,aim
taknol,technology
takol,tackle
takon,octopus
takrim,respect (object)
takrit,incident
takxat,chisel
takziv,budget
tal,tell
talaq,talent
talgim,dodge
taliC,spell (charm)
talin,tally
talon,towel
talor,tire (car)
taltxon,tout
taluk,chin
talxin,defiant
tam,meditate
taman,price
tamar,date (fruit)
tamkits,incentive
tamlal,transcribe
tamlil,lyrics
tamnet,contaminate
tamoltx,tumultuous
tampan,tampon
tampor,tamper
tamrets,stimulate
tanal,tunnel
tanbig,transduction
tandanz,tendency
tanit,tiny
tanlum,turbulent
tanmin,sweet (emotion)
tansor,tensor
tantij,taunt
tantiq,snoop
tants,tense
tantum,wire
tantxeq,candid
tanub,fir (tree)
tanxan,attention
tanxiq,elastic
tanzen,naive
tanzik,blanket
tapem,coordinate (action)
tapik,topic
taprak,apple
tapstriq,tapestry
taq,tongue
taqgop,adopt
tar,tire (sleep)
tarad,cod (fish)
tarbol,terrible
tard,towards
tardig,tardigrada
tardim,hibernation
tardjak,interject
tardjan,tear (paper)
tardus,thrush (bird)
taret,tolerate
targat,interrogate
targil,exercise
targum,translation
tarkam,speculation
tarkiz,concentrate
tarlig,twirl
tarn,10^39
taror,terror
tarpan,satisfy
tarpen,tarp
tarsak,intersect
tarspus,intersperse
tartir,rumble
tartuq,tart
tarxim,sketch
tas,test
tasaj,toss
tasal,tassel
tasik,lake
tasim,delineate
tasit,tacit
taskil,frustrate
tasman,testament
tasmin,symptom
tat,sibling
tatir,develop
tatol,tattle
tator,totter
tatul,tattoo
tatx,touch
tavrup,sanitation
tavut,tuck
teCur,tether
tedjat,sharp
tef,left
tefir,stitch
tegak,dare
tek,take
tekan,standard
tekes,ceremony
teknev,take off
teknik,technique
tekriq,take care of
telfon,phone
telom,abyss
telorn,tailor
telun,rail (track)
tempon,tempo
tempur,temper
ten,tan (color)
tenant,tenant
tendas,tend (to tend to)
tentor,taint
tenxal,potential
teport,teleport
tepur,taper
teqgol,tangle
teqket,tank (do bad)
teqtoq,ache
tesal,tessellation
tesan,fig
teslan,tesla (measurement)
tesrak,tesseract
testvan,testify
tet,signal
tetar,tatter
tetrex,tetration
tetxal,spade
tetxiq,livid
tic,fourteen
tidas,tedious
tiftuf,trickle
tigris,tiger
tikal,tickle
tikol,tweak
tiktak,tick (sound)
tilat,twilight
tim,team
timad,timid
timdat,intimidate
timiq,teem
tin,between
tinat,twin
tindjor,tinge
tinedj,teenager
tinmat,tin
tintec,tint
tip,step
tiprat,tip
tiptol,tiptoe
tipun,case (law)
tiq,mental experience
tiqkal,twinkle
tir,TRUE
tiraf,prey
tirant,tyrrany
tirat,deteriorate
tiraz,tear (cry)
tirdan,bother
tiriq,tea
tirn,tour
tirok,slam
tiron,noob
titrat,titration
titx,teach
titxum,pose (question)
titxun,quit
tiv,conscious
tix,tingle
tiz,ellipse
tizor,tease
tkidran,slit
tkslit,rodentia
tofif,tap
tok,structure
toks,easy
tolat,toilet
tolpal,bid
toltarn,totalitarian
ton,agent (one who does x)
tonar,tow
toqkut,anguish
toqlaq,flux
toqtxiq,sympathy
toqxin,correspond
tor,before
torkit,torque
tormnet,terminate
torn,turn
tornev,turn off
tornrik,turn up
torntaj,turn down
tornvun,turn on
torpid,torpedo
torson,torso
tortug,turtle
tortxus,tortuous
torxan,torsion
tos,task
tostod,toast (action)
total,total
tox,text
toz,position (cardinal)
trabol,trouble
trad,west
tradik,contradict
tradj,trudge
tradjak,trajectory
trak,track (path)
traktor,tractor
tramap,trauma
trambon,trombone
trandj,fin
trankot,trunk (tree)
transan,transcend
transpar,transpire
trants,trance
trantx,tarnish
tranz,transform
tranzfiks,transfix
tranzlet,translate
tranzmut,transmute
trap,trap
trapzad,trapezoid
traqmat,uncountably large
trasiq,truss
trast,trust
tratul,trot
traval,travel
traxkan,trash
tredic,tread
trekat,trek
trelan,trail
treqkal,tranquil
trespas,trespass
tret,trait
trigald,trigger
trik,trick
triket,extricate
trikut,intricate
trilampf,triumph
trilol,trial
tripor,trip (fall)
tris,interest
tritex,treat
tritik,treaty
trodus,introduce
troklant,truculent
trospak,introspect
trusiC,truce
tub,tube
tuc,emotion
tucnev,set off
tucrik,set up
tudjem,schematic
tudoq,nudge
tufan,tuff (rock)
tugak,ivory
tuksul,flinch
tuktuk,caribou
tukvak,moose
tul,tool
tup,impure
tuq,type
tur,turf
turdzat,turd
turfir,interfere
turmon,term (language)
turnir,competition
tusik,plover (bird)
tuv,input (computing)
tux,intuition
txabeq,differential
txabit,chub
txadan,menu
txadiv,chide
txagut,chug
txakal,chuckle
txakin,chuck
txaklet,chocolate
txakras,check in
txaksur,check out
txalal,material
txalat,traverse
txalbak,chill
txaloq,admit
txalum,tide
txalxik,soggy
txanaq,prospect
txanbol,propagate
txandal,outcast
txandan,dismal
txanik,migrate
txanmes,moon month
txansul,huddle
txant,chant
txantep,future
txantim,premise
txantoq,legacy
txants,chance
txanuk,confess
txanxin,gasp
txanzal,precursor
txaptor,chapter
txaqan,reimburse
txaqbek,pale
txaqnat,hangover
txaqxol,longevity
txardj,charge (electricity)
txarkum,char
txarm,item
txarmiq,charm
txarnak,churn
txarpit,chop
txart,chart
txarten,chert
txartor,charter
txastin,chastity
txatxal,tribute
txaz,100
txebal,reassure
txedan,defect
txedik,thorough
txefak,deficient
txekut,garage
txembor,chamber
txenmen,dreary
txenxuk,statement
txeq,q sound
txeqnul,commit
txes,chase
txesan,chasten
txesul,mastermind
txibit,pungent
txidal,equator
txidjup,lasting
txifug,undulate
txigam,strange
txigar,odd
txikan,chicken
txikar,shrill
txilor,minor
txiluk,strategy
txilun,gear
txilxaq,kind (pleasant)
txin,teen
txinfan,diligent
txintoq,bronze
txipur,chipper
txiqal,jiggle
txiqbal,innocent
txiqek,mild
txiqfun,frivolity
txiqk,tick (step)
txir,cheer
txirak,cherry
txiral,moreover
txiraqk,frail
txirik,cheer up
txirul,flimsy
txisop,climate
txitak,cheat
txixam,charity
txixib,bias
txizit,resign
txodat,incite
txolul,excellence
txonil,seat
txonmiq,clever
txoqul,pet
txoqxik,substantiate
txotxim,reek
txubal,rowdy
txubek,reserve
txudal,channel
txudet,acquire
txudiq,ascertain
txudjum,pursue
txufin,differentiate
txugan,supervisor
txul,actual
txulik,dispose
txulok,flood
txulup,rude
txumik,spring (water)
txun,sneeze
txunil,originality
txunsol,mellow
txunzip,skirt
txuqzat,bit (small amount)
txurnam,powder
txurpan,chirp
txusan,perspire
txusim,trend
txusuk,retrieve
txut,chew
txuz,choose
vab,vibe
vagron,vine
vaket,evacuate
vakiq,vie
vakrin,crooked
vaksin,vaccine
valax,embarrass
valbal,confuse
valdet,validate
valeb,available
valet,evaluate
valid,valid
valim,valley
valit,domesticate
valnas,venus
valol,vial
valtir,volunteer
valtov,vault
valum,volume (math)
vampir,vampire
vanal,vinyl
vandlaz,vandalize
vanir,veneer
vantaj,advantage
vapret,evaporate
vaqk,cow
varam,circumference
varat,variety
vardat,elevate
vardik,verdict
varik,greet
varin,vary
varit,ward (off)
varm,vomit
varnix,varnish
vartxun,virtue
varxon,variation
varz,forest
vas,aspect
vasad,vice
vasan,breadth
vasklar,vascular
vasox,stir
vastav,genuine
vasum,wealth
vat,body
vatar,descent
vatlaz,revitalize
vatzir,reinforce
vavex,vivacious
vazir,disperse
vazor,visor
veb,byte
vedj,vegetable
vegin,vague
vek,filter
vekex,vacation
vektar,vector (math)
velants,valence
veliq,veil
venas,vein
venip,vane
venret,venerate
vental,eventual
ventaz,vent
ventxar,adventure
ventxur,venture
venuk,venue
vepaq,interface (computing)
vepor,vapor
vestan,vest (let sit)
vetig,vet
viCak,supplement
vidjan,young
vidjtet,vegetate
vigor,vigor
vikat,dread
vikram,pace
vil,manifest
viladj,village
vim,way/style
vimal,transparent
vin,fill (-full)
vindkat,vindicate
vinkak,lemming
vip,six
vipak,fact
vir,remote (far)
viralm,overwhelm
virtaks,vertex
visret,vociferate
vistrap,vest (clothing)
vit,information
vitog,veto
vivad,vivid
vivar,viverridae
vlam,its
vod,void
vog,black
vogun,vogue
vokad,avocado
volaC,misery
voldor,folder
volgar,vulgar
volkan,volcano
voltxar,vulture
vorak,bee
vorbal,verbal
vord,avoid
vorex,voracious
vorjan,version
vortak,vortex
vortaz,advertise
vorx,vowel o sound
vorxol,virtual
vosas,versus
vraj,average
vramat,stop
vranan,sore
vrant,vibrant
vritx,spider
vruft,bracket
vrun,ocean
vucrik,catch up
vul,via
vulol,mingle
vulpes,fox
vuq,data
vurf,verify
vuxim,genitals
waCan,shore
waCsul,bay
wabol,wobble
wadal,waddle
wadjiz,wedge
wadrun,wad
wagin,wag
wak,walk
wakar,revere
waksan,wax
wakxaq,extrovert
wal,while
walan,wall
walet,wallet
walid,bring forth
waloq,wallow
waltal,coat
waltzan,waltz
wan,why
wanak,whine
wanal,stoop
wandor,wonder
wantin,teen
wanun,dusk
wanzeq,intact
wapaz,wipe
waq,um
waqgoq,staff
waqgul,stubborn
waqpal,trump
war,wear
warbol,warble
wariq,whir
wark,work
warksur,work out
warkus,oak
warp,vowel large A sound
warpot,warp
wartiq,warranty
wartx,watt (measurement)
warx,worship
wasaf,depict
wasol,whistle
wat,white
watx,watch
waxin,sardine
wazim,sock (foot)
weCar,weather
webar,weber (measurement)
webrat,web
wedal,tang
wedjar,wager
wedjim,wage
wedjip,critical
wedjun,hypocrite
wedrag,wade
wek,week
wekand,wack
wekim,wake
welig,weigh
weliq,wail
wenak,wane
wenrol,tender
wenxun,meek
wenzoq,sedate
weskar,whisker
westit,waste
wet,wait
wetland,wetland
wevac,waive
wevar,waver
wiCar,wither
wicold,withhold
wicral,withdraw
wicstand,withstand
widc,width
widjet,widget
widor,weed
wifan,iff
wig,kaleidoscope
wikzaq,disguise
wildur,bewilder
wilon,willow
wiltant,wilt
wimpur,whimper
wimul,whim
winaf,wean
winar,win
windol,window
winim,ween
wintar,winter
wints,wince
wipik,weep
wipraz,cry
wiqkis,wink
wird,weird
wis,inverse
wiskac,whisk
wispur,whisper
wital,whittle
witin,witty
witnes,witness
witx,w sound
wixak,scarf
wizal,weasel
woCran,whether
wolban,buddy
wom,well (good)
wonuk,snail
wor,forceful (like hard hit)
woraq,wary
worc,worth
worint,warrant
woriq,worry
wormrik,warm up
wornuc,warn
wugan,extraneous
wum,swim
wundun,wound
wurlig,whirl
wurm,worm
wutxam,lunch
wutxuk,vapid
xabat,rest
xabic,cling
xabitz,assign
xadik,pair
xadiq,shoddy
xadist,shroud
xadon,shadow
xadrig,upgrade
xadur,shudder
xagat,shrug
xagin,shag
xagrir,envoy
xakim,rehabilitate
xakit,salmon
xakran,wheel
xakzir,restore
xal,share
xalaq,jot
xalav,phase
xaliv,inspire
xalom,welfare
xalren,villain
xalxam,lily
xaman,shaman
xambol,shamble
xampen,champagne
xanip,shine
xanlaq,hearty
xant,ancient
xapetz,renovate
xapord,shepherd
xaprat,shop
xaqdal,anticipate
xaqfaq,counterpart
xaqzaq,twiddle
xarab,wine
xarm,10^21
xarotz,infest
xasal,kid
xaskur,ask out
xat,or
xator,shutter
xatxuk,sag
xavas,fame
xaviv,flash
xavol,shovel
xax,eternal
xed,should
xedar,shed
xekan,shake
xelan,shale
xepol,shape
xeviz,shave
xic,eye
xicam,sheath
xid,grey
xidaq,appropriate (behavior)
xigur,launch
xik,computation
xikdam,chic
xikvan,level
xild,shield
xilek,deem
ximak,shim
ximor,shimmer
ximp,shrimp (fish)
ximun,oil
ximz,happy
xinaq,shank/shin (leg)
xinip,sheen
xipur,improve
xireq,shear
xirut,cohesion (physics)
xistok,schist
xit,provide
xitan,urine
xivav,chip (like computing)
xivral,shrivel
xixam,student
xixuk,sparse
xkidaq,persevere
xkilaq,consider
xlafliq,schläfli
xlav,calculate
xlegal,schlegel
xlik,shriek
xlikut,mission
xlum,mushroom
xninan,wit
xofar,horn (instrument)
xok,copy
xol,show
xoldal,receipt
xolgoq,handmade
xolrik,show up
xolxip,punctual
xopsak,dashing
xoval,spade (shovel)
xoviq,shove
xoxaq,hurt
xoxon,sell
xredat,shred
xriqk,shrink
xubor,shatter
xubtuk,slump
xudjan,trim
xufol,shuffle
xufun,fix
xul,subtract
xulof,extract
xulrul,debilitate
xum,sky
xuman,fat
xun,change
xunlan,drill (training)
xunrax,shoe
xuntat,shun
xup,ship
xupiq,horizontal
xusak,fling
xut,shout
xutxik,shame
xutxuq,export
xuv,return
yaCnak,dwindle
yabiq,import
yacam,kneel
yad,away
yakid,designate
yakir,darling
yalid,native
yalpic,yelp
yanlin,stern
yanmon,inundate
yanuk,smog
yanxip,maneuver
yanxuf,owl
yanxun,perpetuate
yanzoq,severe
yapad,destination
yaqkut,infancy
yarek,thigh
yarit,intercept
yariv,opponent
yarn,y sound
yarnet,yarn
yasir,arrogant
yat,way
yatir,obsolete
yatxat,sustain
yatzig,represent
yaxas,worthy
yaxav,sit
yedjan,nocturnal
yeduq,peruse
yelip,appointment
yeluk,amateur
yem,yum (food)
yenux,despair
yeqkoC,yank
yesud,praise
yetor,hypotenuse
yetzir,instinct
yev,sort
yexin,ambition
yikal,depend
yilal,treat (patient)
yild,yield
yiliq,collar
yinan,murky
yinoq,application
yiqaq,nutritious
yiqban,strain (force)
yiqful,cope
yiqk,vowel large I sound
yiqral,linger
yisud,founding
yit,night
yitur,chord
yixeq,doctor
yixik,faintly
yixiv,session
yog,practice of focusing on x (-ism)
yoldan,merit
yolul,hesitant
yolur,superior
yolxiq,tangible
yolxur,outstanding
yoqol,retain
york,10^2
yorm,uniform (consistent)
yorn,yearn
yornas,uranus
yosaf,increase
yovak,consequence
yoxam,priority
yoxav,inhabitant
yuCap,nag
yubik,ubiquitous
yucam,heap
yuciq,youth
yudiq,schedule
yudjip,estimate
yudoq,sport
yudum,noxious
yugman,even
yujal,usual
yukan,yucca
yuklid,euclidean
yul,polynomial
yulaz,utilize
yulkal,pleasant
yunat,unite
yundoq,campaign
yunif,unify
yunik,unique
yunit,unit
yunoq,wield
yurnat,urinate
yusorp,usurp
yut,yet
yuvlan,uvula
yuxaq,bruise
yuzrik,use up
zab,public
zadjim,acrobat
zak,effect
zakar,masculine
zakgal,lousy
zaklan,beard
zakuf,erect
zakut,privilege
zalb,fermion
zalot,grill
zalret,exhilarate
zalx,toe
zalzek,marsh (land)
zamar,prune (fruit)
zamin,examine
zamplar,exemplary
zampol,example
zamrar,fright
zanak,abandon
zanan,delve
zanlan,exhibit
zanret,exonerate
zanzeq,war
zanzim,transpose
zap,zap
zapam,fury
zaqkan,scene
zaqlip,funeral
zaran,tragedy
zarat,sow
zark,open
zarn,alien
zasbet,exacerbate
zasot,recognise
zaspret,exasperate
zatad,march (foot)
zatik,exotic
zatin,anxiety
zav,lie
zavit,angle
zaxam,slink
zem,plasma (matter)
zenton,monotone
zenxip,authentic
zeqdul,scramble
zeqzam,flounder
zeqzik,integrity
zeqzit,politics
zestok,zest
zet,olive (color)
zetzol,pucker
zevak,sacrifice
zidjek,direct (immediate)
zidjul,sentience
zifat,tar
zigzag,zigzag
zikap,affinity
zikuk,flare
zikxur,philosophy
zil,perspective
zilam,xylem
zilant,resilient
zimzum,contraction
zin,decision
zindaq,oscillate
zinuk,dash (spurt)
zip,graph
ziprat,zip
ziq,zing
zir,pertaining to x (pleasantry)
ziram,movement (political/etc.)
ziraz,catalyze
ziret,factorial (math)
zirok,consume
zist,resist
zisum,pollute
zital,stance
zivon,style
zixal,least
zizant,representative
zizut,haste
zofin,cipher
zondak,crucial
zonlaq,weight
zonsur,zone out
zorn,ear
zotet,eavesdrop
zuk,where
zul,animal
zulaq,earn
zumom,plot
zupon,conceal
zur,fall
zus,experience
zuzal,book
